role_id,tsc_id
1,1
2,1
3,1
4,1
5,2
6,2
7,2
8,2
9,2
10,2
11,3
12,3
13,3
5,4
6,4
14,4
8,4
15,4
16,4
17,5
18,5
19,5
20,5
21,5
22,5
23,5
24,5
25,5
26,5
27,5
28,5
29,5
30,5
31,5
32,5
33,5
34,5
35,5
36,5
37,5
38,5
39,5
5,5
6,5
40,5
8,5
41,5
42,5
43,5
44,5
45,5
46,6
47,6
48,6
49,6
50,6
51,6
52,6
53,6
54,6
55,6
56,6
57,6
58,6
59,6
60,6
61,6
62,6
63,6
64,6
65,6
66,6
67,6
68,6
69,6
70,6
71,6
72,6
73,6
74,7
75,7
76,7
77,7
78,7
79,7
80,7
81,7
82,7
83,7
84,7
85,7
86,7
87,7
88,7
89,7
90,7
91,7
92,7
93,7
94,7
95,7
96,7
97,7
98,7
99,7
100,7
101,7
102,7
103,7
104,7
105,7
106,7
107,7
108,7
109,7
110,7
111,7
112,7
113,7
114,7
115,7
116,7
117,7
118,7
119,7
120,7
121,7
122,7
123,7
124,7
125,7
126,7
127,7
128,7
129,7
130,7
131,7
132,7
133,7
134,7
135,7
136,7
137,7
138,7
139,7
140,7
141,7
142,7
143,7
144,7
145,7
146,7
147,7
148,7
149,7
150,7
151,7
152,7
153,7
154,7
155,7
156,7
157,7
158,7
159,7
160,8
161,8
162,8
163,8
164,8
165,8
166,8
167,8
168,8
169,8
170,8
171,8
172,8
173,8
174,8
175,8
176,8
177,8
178,8
179,8
180,8
181,8
182,8
183,8
184,8
185,8
186,8
187,8
188,8
189,8
190,8
191,8
192,8
193,8
194,8
195,8
196,8
197,8
198,8
199,8
200,8
201,8
202,8
203,8
204,8
205,8
206,8
207,8
208,8
209,8
210,8
211,8
212,8
213,8
214,8
215,8
216,8
217,8
218,8
219,8
220,8
221,8
222,8
223,8
224,8
225,9
226,9
227,9
228,9
229,9
230,9
231,9
232,9
233,9
234,9
235,9
236,9
237,10
238,10
239,10
240,10
225,10
226,10
227,10
241,10
242,10
243,10
244,10
245,10
246,10
247,10
248,10
249,10
250,10
248,11
249,11
251,12
252,12
253,12
254,12
255,12
256,13
257,13
258,13
259,13
260,13
261,13
262,13
263,13
264,13
265,13
266,13
267,13
268,13
269,13
270,13
271,13
272,13
273,13
274,14
275,14
276,14
277,14
278,15
279,15
280,15
281,15
282,15
47,15
283,15
284,15
285,16
286,16
287,16
288,16
289,16
290,16
291,16
292,16
293,16
294,16
295,16
296,16
297,16
298,16
299,16
300,16
301,16
302,16
303,16
304,16
305,16
306,16
307,16
308,16
309,16
310,16
311,16
312,16
313,16
314,16
315,16
316,16
317,16
318,16
319,16
262,17
263,17
264,17
265,17
266,17
267,17
268,17
269,17
270,17
320,17
271,17
321,17
322,17
272,17
273,17
323,18
324,18
325,18
326,18
327,18
328,18
329,18
330,18
331,18
332,18
333,18
334,18
335,18
336,18
337,18
338,18
339,18
340,18
341,18
342,18
11,19
12,19
13,19
343,20
344,20
345,20
346,20
347,20
348,20
349,20
350,20
351,20
352,20
353,20
354,20
355,20
356,20
357,20
358,20
359,20
360,20
361,20
362,20
363,20
364,20
365,20
366,20
367,20
368,20
369,20
370,20
371,20
285,20
286,20
372,20
288,20
289,20
373,20
374,20
290,20
375,20
291,20
376,20
343,21
346,21
347,21
349,21
377,21
378,21
288,21
291,21
293,21
294,21
343,22
346,22
347,22
349,22
379,22
380,22
377,22
381,22
382,22
378,22
383,22
384,22
351,22
352,22
353,22
355,22
356,22
357,22
360,22
385,22
386,22
362,22
387,22
388,22
389,22
363,22
390,22
343,23
344,23
345,23
346,23
347,23
348,23
349,23
350,23
351,23
352,23
353,23
354,23
355,23
356,23
357,23
358,23
359,23
360,23
361,23
362,23
363,23
364,23
365,23
366,23
367,23
368,23
369,23
370,23
371,23
285,23
286,23
372,23
288,23
289,23
373,23
374,23
290,23
375,23
291,23
376,23
17,24
18,24
19,24
20,24
21,24
22,24
23,24
391,24
392,24
393,24
394,24
395,24
396,24
397,24
398,24
399,24
400,24
401,24
402,24
403,24
404,24
405,24
406,24
407,24
408,24
409,24
410,24
411,24
412,24
413,25
414,25
415,25
416,25
275,26
276,26
417,27
418,27
419,27
420,27
421,27
422,27
423,27
424,27
425,27
426,27
427,27
428,27
429,27
430,27
431,28
432,28
433,28
434,28
435,28
418,28
436,28
437,28
438,28
439,28
440,28
419,28
441,28
442,28
443,28
444,28
420,28
421,28
422,28
445,28
423,28
424,28
425,28
446,28
426,28
447,28
430,28
448,28
256,29
257,29
258,29
93,30
94,30
95,30
96,30
97,30
449,31
450,31
451,31
452,31
453,32
454,32
455,32
456,32
379,33
381,33
386,34
388,34
379,35
381,35
385,36
387,36
457,37
458,37
459,37
460,37
457,38
460,38
379,39
377,39
381,39
378,39
385,40
387,40
457,41
458,41
459,41
460,41
386,42
388,42
380,43
382,43
385,44
387,44
379,45
381,45
380,46
382,46
457,47
458,47
459,47
460,47
113,48
114,48
115,48
116,48
117,48
457,49
458,49
459,49
460,49
126,50
127,50
128,50
385,51
387,51
379,52
381,52
103,53
104,53
105,53
106,53
107,53
461,53
462,53
463,53
464,53
465,53
466,53
380,54
382,54
379,55
381,55
457,56
458,56
459,56
460,56
85,57
86,57
87,57
88,57
89,57
93,57
94,57
95,57
96,57
97,57
98,57
99,57
100,57
101,57
102,57
103,57
104,57
105,57
106,57
107,57
108,57
109,57
110,57
111,57
112,57
113,57
114,57
115,57
116,57
117,57
123,57
124,57
125,57
126,57
127,57
128,57
129,57
130,57
131,57
132,57
133,57
113,58
114,58
115,58
116,58
117,58
380,59
382,59
467,60
468,60
469,60
470,60
471,60
467,61
468,61
469,61
470,61
471,61
386,62
388,62
463,63
464,63
465,63
472,64
473,64
474,64
475,64
476,64
477,64
478,64
479,64
480,65
472,65
473,65
474,65
481,65
475,65
476,65
477,65
478,65
479,65
90,66
482,66
483,66
91,66
92,66
484,66
480,66
472,66
473,66
474,66
481,66
475,66
461,66
462,66
463,66
464,66
465,66
466,66
108,66
109,66
110,66
111,66
112,66
485,66
476,66
477,66
478,66
479,66
457,66
458,66
459,66
460,66
108,67
109,67
110,67
111,67
112,67
476,68
477,68
478,68
479,68
476,69
477,69
478,69
479,69
79,70
80,70
81,70
79,71
80,71
81,71
486,71
82,71
83,71
84,71
487,71
467,72
468,72
469,72
470,72
471,72
74,73
75,73
76,73
77,73
467,73
468,73
469,73
470,73
471,73
79,73
80,73
81,73
486,73
82,73
83,73
84,73
487,73
480,73
472,73
473,73
474,73
481,73
461,73
462,73
463,73
464,73
465,73
108,73
109,73
110,73
111,73
112,73
79,74
80,74
81,74
486,74
79,75
80,75
81,75
486,75
488,75
74,76
76,76
77,76
82,76
83,76
84,76
85,76
86,76
89,76
98,76
99,76
102,76
125,76
126,76
127,76
128,76
130,76
132,76
133,76
82,77
83,77
84,77
487,77
82,78
83,78
84,78
487,78
489,79
65,80
66,80
67,80
68,80
69,80
70,80
71,80
72,80
73,80
490,81
491,81
492,81
493,81
494,81
495,81
489,82
496,83
497,83
498,83
499,83
500,84
501,84
502,84
503,84
504,84
505,84
506,84
507,84
508,84
509,84
510,84
511,84
512,85
513,85
514,85
515,85
516,85
517,85
518,85
519,85
520,85
521,85
522,85
523,85
524,85
525,85
526,85
449,86
450,86
451,86
452,86
136,87
143,87
145,87
136,88
143,88
145,88
136,89
143,89
145,89
136,90
143,90
145,90
527,91
528,91
529,91
24,92
25,92
26,92
27,92
530,93
417,93
531,93
532,93
533,93
431,93
432,93
433,93
434,93
435,93
418,93
436,93
437,93
438,93
439,93
440,93
419,93
441,93
442,93
443,93
444,93
420,93
421,93
422,93
534,93
445,93
423,93
535,93
536,93
424,93
537,93
538,93
425,93
426,93
539,93
540,93
447,93
430,93
24,94
25,94
26,94
27,94
530,94
541,94
417,94
531,94
532,94
533,94
431,94
433,94
434,94
418,94
441,94
442,94
443,94
444,94
420,94
421,94
422,94
534,94
445,94
423,94
535,94
536,94
424,94
537,94
538,94
425,94
448,94
531,95
542,95
533,95
431,95
433,95
434,95
441,95
442,95
443,95
422,95
534,95
445,95
423,95
538,95
425,95
543,96
544,96
545,96
345,96
546,96
350,96
354,96
547,96
548,96
549,96
550,96
359,96
551,96
552,96
553,96
554,96
367,96
371,96
286,96
287,96
289,96
555,96
556,96
374,96
292,96
557,96
526,96
558,96
559,96
560,96
17,97
19,97
21,97
22,97
561,97
562,97
563,97
564,97
65,98
66,98
70,98
72,98
543,99
544,99
545,99
345,99
347,99
565,99
546,99
566,99
348,99
349,99
350,99
351,99
354,99
547,99
548,99
549,99
550,99
359,99
360,99
567,99
568,99
361,99
362,99
551,99
364,99
552,99
553,99
554,99
367,99
569,99
368,99
369,99
371,99
286,99
287,99
289,99
555,99
556,99
374,99
290,99
375,99
291,99
570,99
571,99
292,99
376,99
25,99
26,99
32,99
33,99
34,99
572,99
36,99
38,99
39,99
573,99
574,99
575,99
576,99
577,100
578,100
579,100
580,100
581,100
582,100
583,100
584,100
585,100
586,100
587,100
588,100
589,100
399,101
401,101
406,101
407,101
408,101
590,102
591,102
590,103
591,103
592,104
593,104
594,104
595,104
592,105
593,105
594,105
595,105
596,106
597,106
598,106
599,106
600,106
601,106
602,106
603,106
604,106
605,106
606,106
607,106
608,107
609,107
610,107
611,107
612,107
613,107
614,107
615,107
616,107
617,107
618,107
619,107
620,107
621,107
622,107
623,108
624,108
625,108
626,108
627,108
628,108
629,108
630,108
631,108
632,108
543,109
545,109
546,109
566,109
548,109
549,109
550,109
568,109
551,109
553,109
554,109
569,109
287,109
555,109
570,109
292,109
633,109
634,109
635,109
636,109
637,109
295,109
296,109
516,109
298,109
518,109
638,109
453,109
639,109
640,109
641,109
642,109
643,109
644,109
46,109
645,109
646,109
647,109
47,109
648,109
48,109
649,109
650,109
651,109
49,109
50,109
51,109
52,109
53,109
55,109
56,109
57,109
652,109
653,109
58,109
654,109
655,109
656,109
59,109
60,109
61,109
62,109
63,109
657,109
658,109
659,109
660,109
661,109
662,109
663,109
664,109
665,109
666,109
667,109
668,109
573,109
574,109
575,109
576,109
669,109
670,109
671,109
672,109
673,109
674,109
675,109
676,109
677,109
678,109
679,109
680,109
681,109
682,109
683,109
684,109
685,109
686,109
687,109
688,109
689,109
690,109
691,109
692,109
693,109
1,109
694,109
695,109
696,109
697,109
698,109
699,109
2,109
700,109
701,109
644,110
281,110
282,110
46,110
702,110
47,110
648,110
657,110
64,110
500,111
703,111
704,111
502,111
705,111
706,112
707,112
141,112
708,112
134,113
706,113
135,113
136,113
138,113
139,113
707,113
140,113
141,113
142,113
143,113
708,113
144,113
145,113
146,113
147,113
134,114
138,114
139,114
146,114
709,115
135,115
136,115
710,115
142,115
143,115
711,115
144,115
145,115
138,116
139,116
147,116
138,117
139,117
141,117
608,118
609,118
610,118
611,118
612,118
613,118
160,118
161,118
162,118
167,118
712,119
713,119
714,119
715,119
716,119
717,119
718,119
719,120
720,120
721,120
722,120
723,120
724,120
725,120
726,120
727,120
728,120
438,120
439,120
729,120
730,120
731,120
732,120
733,120
734,120
735,121
736,121
543,121
344,121
345,121
546,121
348,121
548,121
550,121
358,121
359,121
361,121
551,121
554,121
366,121
367,121
368,121
287,121
373,121
374,121
292,121
376,121
737,121
738,121
739,121
740,121
741,121
523,121
742,121
225,122
226,122
227,122
241,122
242,122
243,122
228,122
229,122
230,122
231,122
232,122
735,122
736,122
737,122
248,122
249,122
250,122
225,123
227,123
743,123
512,124
513,124
514,124
515,124
295,124
516,124
517,124
518,124
744,124
745,124
746,124
747,124
748,124
749,124
750,124
751,124
752,124
753,124
754,124
755,124
756,124
757,124
758,124
759,124
760,124
761,124
762,124
763,124
500,124
704,124
764,124
765,124
502,124
705,124
766,124
767,124
768,124
769,124
770,124
771,124
496,124
772,124
497,124
773,124
498,124
774,124
499,124
775,124
504,124
776,124
777,124
778,124
506,124
779,124
780,124
781,124
782,124
783,124
784,124
785,124
510,124
511,124
786,124
787,124
788,124
237,125
238,125
239,125
240,125
789,125
237,126
238,126
239,126
240,126
790,126
791,126
792,126
793,126
343,127
346,127
347,127
349,127
379,127
380,127
377,127
381,127
382,127
378,127
351,127
352,127
353,127
355,127
356,127
357,127
360,127
385,127
386,127
362,127
387,127
388,127
363,127
285,127
372,127
288,127
290,127
375,127
291,127
794,127
293,127
795,127
294,127
17,127
18,127
19,127
20,127
22,127
23,127
24,127
26,127
27,127
310,127
311,127
313,127
314,127
316,127
319,127
496,128
773,128
498,128
775,128
796,129
797,129
798,129
295,129
296,129
298,129
262,130
263,130
264,130
265,130
267,130
268,130
798,131
799,131
800,131
801,131
296,131
298,131
746,131
752,131
802,131
803,131
262,131
264,131
265,131
267,131
268,131
269,131
310,131
311,131
313,131
314,131
316,131
319,131
796,132
797,132
798,132
800,132
804,132
801,132
805,133
796,133
806,133
797,133
798,133
807,133
808,133
809,133
810,133
295,133
296,133
298,133
343,134
347,134
379,134
380,134
377,134
350,134
353,134
354,134
360,134
385,134
386,134
372,134
288,134
289,134
375,134
291,134
794,134
293,134
752,134
758,134
263,134
264,134
310,134
311,134
312,134
313,134
314,134
315,134
316,134
317,134
318,134
319,134
690,135
696,135
811,135
812,135
690,136
696,136
811,136
812,136
690,137
696,137
811,137
812,137
813,138
814,138
815,138
816,138
817,138
818,138
819,138
577,139
578,139
579,139
580,139
581,139
582,139
583,139
584,139
585,139
586,139
587,139
588,139
589,139
820,140
821,140
822,140
823,140
824,140
825,140
826,140
827,140
828,140
829,140
830,140
831,140
372,141
288,141
289,141
375,141
291,141
292,141
295,141
296,141
297,141
516,141
517,141
298,141
518,141
262,141
263,141
264,141
265,141
268,141
269,141
310,141
311,141
312,141
313,141
315,141
316,141
318,141
832,142
833,142
834,142
835,142
836,142
837,142
838,142
839,142
840,142
841,142
842,142
746,143
752,143
802,143
758,143
803,143
310,144
311,144
313,144
314,144
315,144
316,144
318,144
319,144
813,145
814,145
843,145
844,145
845,145
846,145
847,145
848,145
815,145
817,145
818,145
644,146
281,146
282,146
46,146
645,146
646,146
647,146
849,146
47,146
48,146
850,146
851,146
852,146
853,146
854,146
855,146
49,146
50,146
51,146
52,146
53,146
54,146
856,146
857,146
55,146
56,146
57,146
652,146
653,146
58,146
858,146
859,146
860,146
861,146
862,146
863,146
59,146
60,146
61,146
62,146
63,146
864,146
64,146
658,146
659,146
660,146
661,146
662,146
663,146
865,146
866,146
867,146
868,146
869,146
870,146
871,146
872,146
873,146
874,146
875,146
876,146
877,146
878,146
879,146
880,146
881,146
882,146
343,147
543,147
883,147
884,147
544,147
885,147
886,147
545,147
887,147
344,147
345,147
346,147
347,147
565,147
546,147
566,147
348,147
349,147
379,147
380,147
377,147
888,147
350,147
381,147
382,147
378,147
383,147
384,147
351,147
352,147
353,147
354,147
547,147
548,147
889,147
355,147
356,147
357,147
890,147
891,147
892,147
549,147
893,147
550,147
358,147
359,147
360,147
567,147
568,147
361,147
385,147
386,147
362,147
894,147
387,147
388,147
389,147
363,147
551,147
364,147
365,147
552,147
895,147
896,147
553,147
897,147
554,147
366,147
367,147
569,147
368,147
369,147
370,147
371,147
285,147
286,147
287,147
898,147
372,147
288,147
289,147
899,147
900,147
555,147
901,147
902,147
556,147
373,147
374,147
290,147
375,147
291,147
570,147
571,147
292,147
376,147
794,147
293,147
903,147
795,147
294,147
390,147
85,148
86,148
87,148
88,148
89,148
123,149
124,149
125,149
126,149
127,149
85,150
86,150
87,150
88,150
89,150
118,150
119,150
120,150
121,150
122,150
85,151
86,151
87,151
88,151
89,151
85,152
86,152
87,152
88,152
89,152
118,152
119,152
120,152
121,152
122,152
904,153
905,153
906,153
907,153
1,154
2,154
3,154
4,154
278,155
279,155
280,155
644,155
281,155
282,155
47,155
657,155
64,155
278,156
279,156
280,156
644,156
281,156
282,156
908,156
46,156
909,156
647,156
64,156
80,157
81,157
90,157
92,157
108,157
109,157
111,157
112,157
118,157
119,157
122,157
395,158
394,159
910,159
911,159
912,159
403,159
913,159
914,159
404,159
405,159
915,159
406,159
407,159
408,159
608,160
609,160
610,160
611,160
612,160
613,160
162,160
164,160
165,160
166,160
196,160
200,160
201,160
916,161
917,161
918,161
919,161
920,161
921,162
922,162
923,163
924,163
925,163
926,163
927,163
928,163
929,163
930,163
228,163
229,163
231,163
232,163
931,163
932,163
933,163
934,163
735,163
789,163
736,163
743,163
935,163
936,163
937,163
938,163
939,163
940,163
941,163
608,163
609,163
610,163
611,163
612,163
613,163
160,163
942,163
943,163
944,163
945,163
946,163
947,163
948,163
949,163
950,163
205,163
951,163
952,163
953,163
954,163
955,163
956,163
250,163
957,164
958,164
959,164
960,164
961,164
962,164
963,164
964,164
805,165
796,165
797,165
807,165
808,165
810,165
965,165
804,165
966,165
967,165
543,166
544,166
545,166
345,166
347,166
565,166
546,166
566,166
348,166
349,166
350,166
351,166
354,166
547,166
548,166
549,166
550,166
359,166
360,166
567,166
568,166
361,166
362,166
551,166
364,166
552,166
553,166
554,166
367,166
569,166
368,166
369,166
371,166
286,166
287,166
289,166
555,166
556,166
374,166
290,166
375,166
291,166
570,166
571,166
292,166
376,166
391,166
393,166
401,166
911,166
913,166
406,166
407,166
408,166
904,166
905,166
906,166
907,166
299,166
300,166
968,166
969,166
970,166
302,166
303,166
971,166
972,166
973,166
304,166
974,166
975,166
976,166
977,166
978,167
979,167
980,167
981,167
982,168
978,168
983,168
979,168
980,168
981,168
982,169
978,169
979,169
980,169
981,169
768,170
984,170
769,170
770,170
771,170
496,170
497,170
498,170
499,170
982,171
978,171
985,171
979,171
980,171
981,171
986,171
590,172
591,172
807,173
808,173
809,173
810,173
409,174
410,174
411,174
412,174
20,175
23,175
800,176
804,176
801,176
965,177
800,177
804,177
987,177
801,177
988,177
966,177
989,177
990,177
991,177
967,177
992,178
993,178
994,178
995,178
996,178
997,178
413,179
414,179
415,179
416,179
998,180
196,181
200,181
201,181
999,182
1000,182
1001,182
1002,182
1003,182
1004,182
1005,182
1006,182
413,182
414,182
415,182
416,182
1007,182
1008,182
1009,182
1010,182
1011,182
1012,182
999,183
1000,183
1001,183
1002,183
1013,183
1009,183
1010,183
1011,183
1012,183
392,184
396,184
397,184
400,184
402,184
1014,184
1015,184
1016,184
1017,184
578,184
583,184
585,184
588,184
1018,184
1019,184
1020,184
1021,184
1022,184
1023,184
1024,184
1025,184
1026,184
1027,184
1028,184
1029,184
1030,184
1031,184
1032,184
1033,184
1034,184
1035,184
1036,185
1037,185
1038,185
1039,185
1040,185
1041,185
492,185
493,185
1042,185
1043,185
1044,185
594,185
1045,185
1046,185
1047,185
1048,185
1049,185
999,185
1000,185
1001,185
1002,185
1003,185
1004,185
1005,185
1006,185
413,185
414,185
415,185
416,185
1009,185
1010,185
1011,185
1012,185
1050,185
1051,185
1052,185
1053,185
1054,186
1055,186
1056,186
1057,186
1049,186
1058,186
489,187
1059,188
528,188
1060,188
1061,188
1059,189
528,189
1060,189
1061,189
1059,190
528,190
1060,190
1061,190
624,191
625,191
738,191
1062,191
1063,191
1064,191
1065,191
1066,191
523,191
559,191
1067,191
543,192
544,192
886,192
545,192
345,192
546,192
566,192
350,192
354,192
547,192
548,192
892,192
549,192
550,192
359,192
568,192
551,192
552,192
896,192
553,192
554,192
367,192
569,192
371,192
286,192
287,192
289,192
900,192
555,192
556,192
374,192
570,192
292,192
257,192
260,192
261,192
805,192
806,192
1068,192
1069,192
807,192
809,192
965,192
987,192
988,192
513,192
966,192
991,192
1070,192
1071,192
33,192
1072,192
34,192
572,192
1073,192
38,192
39,192
1074,192
1075,192
573,192
575,192
576,192
1076,192
1077,192
1078,192
1079,192
1080,192
1081,192
1082,192
1083,192
1084,192
1085,192
616,192
617,192
619,192
1086,192
1087,192
1088,192
1089,192
1090,192
1091,192
1092,192
1093,192
1094,192
1095,192
1096,192
1097,192
1098,192
1099,192
1100,192
1101,192
175,192
176,192
177,192
178,192
179,192
189,192
190,192
191,192
205,192
206,192
1102,192
1103,192
1037,192
1038,192
1039,192
1104,192
263,192
264,192
266,192
269,192
1105,192
1106,192
271,192
273,192
1040,192
1041,192
492,192
493,192
1042,192
1043,192
1044,192
594,192
1045,192
1046,192
998,192
1047,192
1048,192
1049,192
1107,192
1108,192
1109,192
598,192
1110,192
1111,192
1112,192
599,192
601,192
603,192
1113,192
1114,192
1115,192
1014,192
1116,192
1015,192
1016,192
1017,192
1117,192
719,192
721,192
1118,192
1119,192
723,192
724,192
726,192
1120,192
1121,192
1122,192
1123,192
1124,192
1125,192
727,192
541,192
728,192
1126,192
1127,192
417,192
1128,192
532,192
533,192
580,192
432,192
581,192
582,192
583,192
435,192
418,192
584,192
585,192
586,192
589,192
439,192
1129,192
419,192
420,192
422,192
1130,192
1131,192
214,192
215,192
216,192
1018,192
1020,192
218,192
219,192
220,192
535,192
536,192
424,192
1022,192
538,192
425,192
1023,192
1024,192
730,192
731,192
732,192
1132,192
426,192
733,192
734,192
1025,192
1133,192
427,192
428,192
429,192
539,192
540,192
447,192
430,192
1134,192
1026,192
1135,192
1136,192
1137,192
1138,192
1139,192
1140,192
1141,192
1142,192
1143,192
1144,192
1145,192
1146,192
822,192
823,192
411,192
412,192
826,192
828,192
829,192
307,192
1147,192
308,192
1148,192
309,192
1149,192
1150,192
1151,192
1152,192
1153,192
1154,192
670,192
671,192
672,192
673,192
674,192
675,192
676,192
677,192
678,192
679,192
680,192
681,192
682,192
683,192
684,192
685,192
686,192
687,192
688,192
689,192
696,192
697,192
698,192
699,192
2,192
700,192
701,192
1155,192
1156,192
1157,192
1158,192
1159,192
1160,192
1161,192
1162,192
1163,192
1164,192
1165,192
1166,192
1167,192
1168,192
1169,192
1170,192
561,192
562,192
1171,192
1172,192
563,192
1173,192
1174,192
564,192
962,192
1175,192
1176,192
1177,192
963,192
964,192
1178,192
1179,192
916,192
1180,192
951,192
952,192
1181,192
1182,192
953,192
1183,192
1184,192
1185,192
1186,192
955,192
956,192
249,192
250,192
1187,192
706,192
709,192
137,192
138,192
139,192
707,192
710,192
708,192
711,192
1009,192
1188,192
1189,192
1190,192
1010,192
1011,192
1012,192
1191,192
1192,192
1193,192
1194,192
1195,192
1196,192
1197,192
148,192
1198,192
1199,192
1200,192
149,192
150,192
151,192
1201,192
1202,192
1203,192
1204,192
1205,192
1206,192
1207,192
1208,192
1209,192
1210,192
1211,192
1212,192
1213,192
1214,192
1215,192
154,192
155,192
1216,192
156,192
1217,192
1218,192
1219,192
157,192
158,192
159,192
1032,192
1033,192
1034,192
1220,192
1221,192
1222,192
1223,192
1224,192
1225,192
1226,192
1227,192
1228,192
1035,192
1229,192
1230,192
1231,192
1232,192
1233,192
1234,192
1235,192
1236,192
1237,192
1238,192
1239,192
1240,192
1241,192
1242,192
1243,192
1244,192
1245,192
1246,192
1247,192
1248,192
1249,192
1250,192
1251,192
1252,192
1253,192
1254,192
1255,192
1050,192
1053,192
1256,192
1257,192
1258,192
1259,192
1260,192
1261,192
1262,192
1263,192
1264,192
1265,192
1266,192
391,193
393,193
17,194
18,194
19,194
20,194
21,194
22,194
23,194
633,194
634,194
635,194
636,194
637,194
295,194
296,194
297,194
298,194
24,194
25,194
26,194
27,194
28,194
449,194
29,194
450,194
30,194
451,194
31,194
452,194
638,194
453,194
639,194
1070,194
640,194
641,194
642,194
643,194
1267,194
1268,194
1269,194
1270,194
1271,194
32,194
1071,194
33,194
1072,194
34,194
572,194
36,194
38,194
39,194
1272,194
1074,194
1075,194
573,194
574,194
575,194
576,194
1273,194
1076,194
1274,194
1077,194
409,194
410,194
411,194
412,194
449,195
450,195
451,195
452,195
638,195
1275,195
1276,195
1277,195
453,195
454,195
639,195
455,195
456,195
1278,196
1279,196
1280,196
1281,196
1282,196
1283,196
1284,196
1285,196
1286,196
1287,196
1288,197
1173,197
1289,197
1149,198
1290,198
1150,198
1291,198
1292,198
1293,198
1294,198
1295,198
1296,198
1151,198
1297,198
1291,199
1292,199
1293,199
1294,199
1295,199
1296,199
1297,199
1149,200
1290,200
1150,200
1291,200
1292,200
1293,200
1294,200
1295,200
1296,200
1151,200
1297,200
1153,201
1298,201
1299,201
1149,202
1290,202
1150,202
1291,202
1292,202
1293,202
1294,202
1295,202
1296,202
1151,202
1297,202
1149,203
1290,203
1150,203
1291,203
1292,203
1293,203
1294,203
1295,203
1296,203
1151,203
1297,203
1149,204
1290,204
1150,204
1291,204
1292,204
1293,204
1294,204
1295,204
1296,204
1151,204
1297,204
1300,205
1301,205
1302,205
1300,206
1301,206
1302,206
1153,207
1298,207
1299,207
1154,208
1303,208
1304,208
1152,209
1305,209
1306,209
1292,210
1294,210
1296,210
1297,210
1149,211
1290,211
1150,211
1291,211
1292,211
1293,211
1294,211
1295,211
1296,211
1151,211
1297,211
1300,211
1152,211
1301,211
1305,211
1153,211
1306,211
1154,211
1302,211
1298,211
1299,211
1303,211
1304,211
1301,212
1302,212
1149,213
1290,213
1150,213
1291,213
1292,213
1293,213
1294,213
1295,213
1296,213
1151,213
1297,213
1300,214
1301,214
1302,214
1298,214
1303,214
237,215
238,215
239,215
240,215
923,215
924,215
925,215
926,215
227,215
241,215
242,215
243,215
228,215
790,215
791,215
792,215
793,215
931,215
932,215
933,215
934,215
1307,215
1308,215
1309,215
1310,215
735,215
736,215
743,215
935,215
737,215
1311,215
1312,215
1313,215
957,215
1314,215
1315,215
1316,215
1317,215
1318,215
1319,215
959,215
960,215
961,215
1320,215
1321,215
1322,215
1323,215
1324,215
1325,215
1122,216
1124,216
417,216
580,216
432,216
581,216
583,216
435,216
585,216
586,216
1129,216
419,216
423,216
1326,216
730,216
446,216
731,216
1132,216
426,216
427,216
428,216
429,216
540,216
430,216
1134,216
448,216
1135,216
1040,217
1041,217
492,217
493,217
1042,217
1043,217
1044,217
594,217
1045,217
1046,217
998,217
1047,217
1048,217
1049,217
719,218
722,218
723,218
1122,218
1124,218
1327,218
1128,218
1328,218
1329,218
532,218
1330,218
1331,218
533,218
1332,218
580,218
432,218
435,218
436,218
437,218
438,218
439,218
1135,218
927,219
928,219
929,219
930,219
735,219
736,219
257,219
260,219
261,219
805,219
806,219
1068,219
1069,219
807,219
809,219
965,219
987,219
988,219
513,219
966,219
991,219
624,219
625,219
626,219
629,219
738,219
1062,219
1333,219
1063,219
1064,219
1334,219
1335,219
1065,219
1066,219
523,219
559,219
1067,219
832,219
833,219
834,219
835,219
836,219
837,219
839,219
840,219
841,219
842,219
1037,219
1039,219
1104,219
263,219
264,219
266,219
1105,219
1106,219
271,219
273,219
1280,219
1281,219
1336,219
1337,219
814,219
848,219
1338,219
1339,219
1340,219
816,219
817,219
1341,219
1342,219
1343,219
1000,219
1004,219
1005,219
1006,219
274,219
1344,219
277,219
1013,219
561,219
562,219
1171,219
1172,219
563,219
1173,219
564,219
1175,219
1176,219
1181,219
1182,219
1183,219
1186,219
1187,219
1238,219
1241,219
1242,219
543,220
544,220
545,220
345,220
347,220
565,220
546,220
566,220
348,220
349,220
350,220
351,220
354,220
547,220
548,220
549,220
550,220
359,220
360,220
567,220
568,220
361,220
362,220
551,220
364,220
552,220
553,220
554,220
367,220
569,220
368,220
369,220
371,220
286,220
287,220
289,220
555,220
556,220
374,220
290,220
375,220
291,220
570,220
571,220
292,220
376,220
1345,220
1346,220
1347,220
1348,220
1349,220
1350,220
1351,220
1352,220
620,220
1353,220
1354,220
1355,220
1356,220
1357,220
1358,220
622,220
1359,220
1360,220
1361,220
1362,220
1363,220
1364,220
1365,220
1366,220
1367,220
1368,220
1369,220
1370,220
1371,220
1372,220
1373,220
1374,220
1375,220
1102,220
1103,220
1040,220
1041,220
492,220
493,220
1042,220
1043,220
1044,220
594,220
1045,220
1046,220
1047,220
1048,220
1049,220
768,220
769,220
771,220
1107,220
1108,220
1109,220
598,220
1110,220
1111,220
599,220
601,220
603,220
1149,220
1150,220
1151,220
1152,220
1153,220
1306,220
1154,220
670,220
671,220
672,220
673,220
674,220
675,220
676,220
677,220
678,220
679,220
680,220
681,220
682,220
683,220
684,220
685,220
686,220
687,220
688,220
689,220
1156,220
1157,220
1158,220
1160,220
1161,220
1000,220
1004,220
1006,220
274,220
1344,220
1013,220
134,220
135,220
136,220
137,220
138,220
139,220
140,220
141,220
142,220
143,220
144,220
145,220
146,220
147,220
1197,220
148,220
1199,220
1200,220
149,220
150,220
151,220
1203,220
1376,220
1205,220
1206,220
1208,220
1209,220
154,220
155,220
1216,220
156,220
1217,220
1218,220
1219,220
157,220
158,220
159,220
1032,220
1033,220
1034,220
1220,220
1221,220
1222,220
1223,220
1224,220
1225,220
1226,220
1227,220
1228,220
1035,220
1229,220
1230,220
1231,220
1232,220
1233,220
1234,220
1235,220
1236,220
1237,220
1247,220
1251,220
1377,220
1257,220
1378,220
1379,220
1259,220
1136,221
1137,221
1138,221
1139,221
1140,221
1141,221
1142,221
1143,221
1144,221
1145,221
1146,221
307,221
1147,221
308,221
1148,221
309,221
1162,221
1163,221
1164,221
1165,221
1166,221
1167,221
1380,221
1381,221
1168,221
1169,221
1170,221
1382,221
1174,221
1175,221
1176,221
1282,221
1283,221
1177,221
1178,221
1179,221
1284,221
1180,221
951,221
1383,221
1384,221
1181,221
1385,221
1182,221
953,221
1183,221
1184,221
1185,221
1386,221
954,221
1186,221
248,221
249,221
250,221
1387,221
709,221
137,221
138,221
139,221
710,221
711,221
1189,221
1190,221
1010,221
1012,221
1191,221
1193,221
1194,221
1195,221
1196,221
1198,221
1204,221
1213,221
1214,221
1215,221
238,222
239,222
923,222
924,222
925,222
926,222
245,222
246,222
230,222
931,222
932,222
933,222
934,222
1307,222
1308,222
1309,222
1310,222
234,222
235,222
486,222
87,222
88,222
1388,222
95,222
96,222
100,222
101,222
472,222
473,222
474,222
475,222
103,222
106,222
108,222
110,222
112,222
485,222
113,222
116,222
476,222
477,222
478,222
479,222
120,222
121,222
488,222
458,222
459,222
123,222
124,222
129,222
131,222
21,222
22,222
633,222
635,222
636,222
25,222
26,222
29,222
450,222
452,222
641,222
1268,222
1270,222
832,222
833,222
834,222
837,222
1389,222
840,222
842,222
578,222
580,222
581,222
582,222
583,222
584,222
585,222
586,222
587,222
588,222
589,222
1130,222
1131,222
216,222
217,222
218,222
219,222
220,222
221,222
1132,222
1133,222
1134,222
822,222
823,222
409,222
410,222
411,222
412,222
826,222
828,222
829,222
1336,222
1337,222
1390,222
846,222
847,222
848,222
1338,222
1391,222
1339,222
1392,222
1393,222
222,222
223,222
224,222
1394,223
1395,223
1396,223
1397,223
1398,223
1399,223
789,224
935,224
1400,224
936,224
937,224
938,224
939,224
940,224
1401,224
941,224
1402,224
1403,224
1404,224
1405,224
1406,224
1407,224
160,224
161,224
942,224
162,224
1408,224
1409,224
1410,224
1411,224
1412,224
1413,224
1414,224
1086,224
1087,224
1088,224
1089,224
1090,224
1091,224
163,224
943,224
944,224
945,224
1415,224
164,224
165,224
166,224
167,224
1416,224
1417,224
1418,224
1419,224
1420,224
1421,224
1422,224
1423,224
1424,224
1425,224
1426,224
1427,224
1428,224
1429,224
1430,224
1431,224
1432,224
1433,224
1434,224
1435,224
1436,224
1437,224
1438,224
1439,224
1440,224
1441,224
1442,224
1443,224
1444,224
1445,224
1446,224
1447,224
1092,224
1093,224
1094,224
1095,224
1096,224
1097,224
946,224
947,224
948,224
949,224
168,224
169,224
950,224
1448,224
1449,224
1450,224
1451,224
1452,224
1453,224
1454,224
1455,224
1456,224
1457,224
1458,224
620,224
622,224
174,224
1459,224
176,224
177,224
1460,224
178,224
179,224
1461,224
188,224
1462,224
190,224
191,224
1463,224
1464,224
1465,224
1466,224
196,224
197,224
198,224
199,224
200,224
201,224
1467,224
1468,224
1469,224
1470,224
202,224
203,224
204,224
205,224
206,224
207,224
208,224
209,224
210,224
211,224
212,224
213,224
1036,224
1037,224
1038,224
1039,224
1104,224
263,224
1471,224
1472,224
1473,224
1125,224
727,224
1327,224
541,224
728,224
1126,224
1127,224
417,224
577,224
578,224
579,224
431,224
580,224
433,224
434,224
581,224
582,224
583,224
418,224
584,224
585,224
586,224
587,224
588,224
589,224
441,224
442,224
443,224
444,224
420,224
421,224
422,224
1018,224
1019,224
1020,224
534,224
445,224
1021,224
423,224
535,224
536,224
537,224
538,224
425,224
1023,224
1474,224
1475,224
1326,224
446,224
1132,224
1133,224
427,224
428,224
429,224
1134,224
448,224
1138,224
1139,224
1140,224
1141,224
999,224
1000,224
1001,224
1002,224
414,224
415,224
416,224
1476,224
1477,224
1478,224
1479,224
1007,224
1008,224
274,224
1344,224
277,224
1013,224
1480,224
1481,224
1167,224
1380,224
1168,224
1482,224
1220,224
1221,224
1222,224
1223,224
1224,224
1225,224
1226,224
1227,224
1228,224
1035,224
1232,224
1233,224
1234,224
1235,224
1236,224
1237,224
252,224
253,224
1483,224
1484,224
1238,224
1239,224
1242,224
1243,224
1110,225
1035,225
1344,226
25,227
26,227
1485,227
1120,227
1121,227
1123,227
1486,227
1124,227
1125,227
727,227
1327,227
541,227
728,227
1126,227
1127,227
417,227
580,227
581,227
582,227
583,227
418,227
584,227
585,227
586,227
587,227
588,227
589,227
421,227
422,227
1018,227
1021,227
536,227
424,227
1022,227
537,227
425,227
1023,227
1475,227
1326,227
446,227
1132,227
1025,227
427,227
428,227
1134,227
448,227
1026,227
1147,227
308,227
1148,227
312,227
317,227
252,227
253,227
1483,227
1484,227
1238,227
1241,227
238,228
239,228
225,228
226,228
227,228
241,228
242,228
243,228
228,228
790,228
791,228
792,228
793,228
230,228
231,228
735,228
743,228
935,228
1032,228
1033,228
1034,228
1220,228
1221,228
1222,228
1223,228
1224,228
1225,228
1226,228
1227,228
1228,228
1035,228
1229,228
1230,228
1231,228
1232,228
1233,228
1234,228
1235,228
1236,228
1237,228
1487,229
1029,229
222,229
1031,229
1488,229
224,229
1489,229
1490,230
1400,230
1491,230
278,230
279,230
280,230
644,230
908,230
909,230
1492,230
645,230
646,230
1493,230
1494,230
647,230
1495,230
1496,230
47,230
48,230
850,230
851,230
852,230
853,230
854,230
855,230
649,230
650,230
651,230
1497,230
1498,230
49,230
50,230
51,230
52,230
53,230
54,230
978,230
1499,230
1500,230
1501,230
985,230
1502,230
979,230
980,230
981,230
856,230
857,230
986,230
1503,230
1504,230
1505,230
1506,230
1507,230
1508,230
1509,230
1510,230
55,230
56,230
57,230
652,230
653,230
58,230
858,230
859,230
860,230
861,230
862,230
863,230
654,230
655,230
656,230
1511,230
1512,230
59,230
60,230
61,230
62,230
63,230
864,230
657,230
64,230
1513,230
1514,230
1515,230
658,230
659,230
660,230
661,230
662,230
663,230
865,230
866,230
867,230
868,230
869,230
870,230
871,230
872,230
1516,230
1517,230
1518,230
1519,230
1520,230
1521,230
664,230
665,230
666,230
667,230
1522,230
878,230
879,230
880,230
881,230
882,230
1523,230
1524,230
1525,230
1526,230
1527,230
1528,230
1529,230
1530,231
1531,231
1532,231
394,231
395,231
1533,231
399,231
401,231
911,231
403,231
913,231
404,231
405,231
915,231
24,232
25,232
26,232
27,232
935,232
937,232
938,232
939,232
1402,232
1403,232
942,232
943,232
944,232
945,232
946,232
947,232
948,232
949,232
950,232
180,232
181,232
182,232
185,232
1461,232
192,232
193,232
1534,232
1463,232
1464,232
1465,232
1466,232
1535,232
1536,232
1467,232
1468,232
1469,232
1470,232
320,232
1537,232
719,232
720,232
721,232
1538,232
1539,232
1540,232
1485,232
1120,232
1121,232
1123,232
1541,232
1542,232
1486,232
1124,232
1543,232
1544,232
1471,232
1472,232
1473,232
1125,232
727,232
1327,232
541,232
728,232
1126,232
1127,232
417,232
542,232
1545,232
1546,232
1547,232
1548,232
1549,232
1328,232
1329,232
532,232
1330,232
1331,232
533,232
1332,232
577,232
578,232
579,232
431,232
580,232
433,232
434,232
581,232
582,232
583,232
435,232
418,232
584,232
585,232
586,232
587,232
588,232
589,232
436,232
437,232
438,232
439,232
1550,232
1129,232
440,232
419,232
441,232
442,232
443,232
421,232
422,232
1130,232
1131,232
214,232
215,232
216,232
217,232
218,232
219,232
220,232
221,232
534,232
445,232
1021,232
423,232
535,232
536,232
424,232
1022,232
537,232
538,232
425,232
1023,232
1474,232
1024,232
1475,232
1326,232
1132,232
426,232
1025,232
1133,232
427,232
428,232
429,232
539,232
540,232
447,232
430,232
1134,232
448,232
1026,232
931,233
932,233
933,233
934,233
1307,233
1308,233
1309,233
1310,233
343,233
884,233
544,233
886,233
545,233
344,233
345,233
346,233
347,233
565,233
546,233
566,233
348,233
349,233
350,233
351,233
353,233
354,233
547,233
355,233
356,233
357,233
890,233
892,233
549,233
550,233
358,233
359,233
360,233
567,233
568,233
361,233
362,233
363,233
364,233
365,233
552,233
896,233
553,233
554,233
366,233
367,233
569,233
368,233
369,233
370,233
371,233
285,233
286,233
372,233
288,233
289,233
900,233
555,233
902,233
556,233
373,233
374,233
290,233
375,233
291,233
570,233
571,233
292,233
376,233
74,233
75,233
77,233
78,233
467,233
469,233
471,233
79,233
81,233
486,233
82,233
84,233
487,233
87,233
88,233
1388,233
483,233
484,233
95,233
96,233
100,233
101,233
473,233
474,233
475,233
103,233
106,233
461,233
462,233
466,233
108,233
110,233
485,233
113,233
116,233
476,233
477,233
478,233
479,233
120,233
121,233
488,233
458,233
459,233
123,233
124,233
129,233
131,233
1551,233
1552,233
1553,233
1554,233
1555,233
1556,233
1557,233
1558,233
1559,233
29,233
450,233
30,233
31,233
452,233
1070,233
641,233
643,233
1268,233
1269,233
1270,233
1491,233
1560,233
1530,233
1531,233
391,233
392,233
393,233
1532,233
394,233
395,233
1533,233
396,233
401,233
911,233
913,233
914,233
915,233
572,233
1073,233
1273,233
1076,233
1274,233
1077,233
1078,233
1561,233
1079,233
1080,233
832,233
833,233
834,233
1389,233
1562,233
1404,233
1405,233
1406,233
1563,233
1407,233
1100,233
1101,233
172,233
173,233
174,233
1459,233
176,233
177,233
1460,233
178,233
179,233
1462,233
190,233
191,233
1534,233
202,233
203,233
204,233
205,233
206,233
207,233
208,233
209,233
210,233
211,233
212,233
213,233
1036,233
1037,233
1038,233
1039,233
1104,233
262,233
263,233
264,233
1105,233
1040,233
1041,233
492,233
493,233
1042,233
1043,233
1044,233
594,233
1045,233
1046,233
998,233
1047,233
1048,233
1049,233
1109,233
1111,233
601,233
1113,233
1564,233
1114,233
1115,233
1565,233
1014,233
1116,233
1015,233
1016,233
1017,233
1566,233
1117,233
727,233
728,233
432,233
418,233
422,233
1130,233
1131,233
216,233
217,233
218,233
219,233
220,233
221,233
535,233
538,233
425,233
729,233
730,233
731,233
1136,233
1137,233
1138,233
1139,233
1140,233
1141,233
1142,233
1143,233
1144,233
1145,233
1146,233
1279,233
1280,233
1281,233
1336,233
848,233
1338,233
1391,233
1392,233
1567,233
1342,233
1343,233
906,233
907,233
299,233
1568,233
1569,233
1570,233
969,233
970,233
303,233
972,233
973,233
304,233
974,233
975,233
976,233
977,233
1571,233
1572,233
1573,233
1574,233
1575,233
1576,233
1577,233
1578,233
1579,233
1580,233
1027,233
1028,233
1581,233
1487,233
1582,233
1583,233
1584,233
1585,233
1029,233
222,233
1586,233
1587,233
1588,233
1030,233
1031,233
1488,233
223,233
224,233
1489,233
1004,233
1005,233
1006,233
414,233
415,233
416,233
1477,233
1478,233
1479,233
1007,233
274,233
1344,233
1162,233
1163,233
1164,233
1165,233
1166,233
1480,233
1481,233
43,233
1589,233
1167,233
1380,233
1381,233
1168,233
1170,233
1482,233
45,233
561,233
562,233
1171,233
1172,233
563,233
564,233
962,233
1177,233
964,233
1178,233
1179,233
916,233
1180,233
951,233
952,233
1385,233
953,233
954,233
955,233
956,233
1187,233
1189,233
1190,233
1191,233
1193,233
1194,233
1196,233
1200,233
149,233
151,233
1203,233
1376,233
1210,233
1212,233
1213,233
1215,233
1032,233
1033,233
1034,233
1220,233
1221,233
1222,233
1223,233
1224,233
1225,233
1226,233
1227,233
1228,233
1035,233
1229,233
1230,233
1231,233
1232,233
1233,233
1234,233
1235,233
1236,233
1237,233
252,233
253,233
1483,233
254,233
1484,233
1238,233
1239,233
255,233
1241,233
1242,233
1243,233
1590,233
1254,233
1255,233
1256,233
1258,233
1591,233
1260,233
1592,233
1261,233
1593,233
1262,233
1263,233
1264,233
1265,233
1594,233
1266,233
1595,233
1596,233
918,233
919,233
805,234
1069,234
807,234
965,234
966,234
1347,234
1348,234
1037,234
1038,234
1039,234
1104,234
263,234
264,234
629,235
1062,235
1333,235
1065,235
632,235
1066,235
557,235
526,235
559,235
560,235
1597,235
1067,235
999,236
1000,236
1001,236
1002,236
1003,236
1004,236
1005,236
1006,236
413,236
414,236
415,236
416,236
1476,236
1477,236
1478,236
1479,236
1007,236
1008,236
274,236
1344,236
277,236
1013,236
343,237
543,237
544,237
886,237
545,237
346,237
347,237
546,237
566,237
349,237
350,237
351,237
353,237
354,237
547,237
548,237
892,237
549,237
550,237
360,237
568,237
362,237
363,237
551,237
364,237
365,237
552,237
896,237
553,237
554,237
569,237
369,237
370,237
371,237
285,237
286,237
287,237
372,237
288,237
289,237
900,237
555,237
556,237
290,237
375,237
291,237
570,237
292,237
257,237
260,237
261,237
1533,237
399,237
401,237
911,237
913,237
915,237
940,237
1401,237
941,237
1598,237
163,237
1415,237
168,237
169,237
1448,237
172,237
173,237
174,237
1459,237
176,237
177,237
1460,237
178,237
179,237
180,237
185,237
1462,237
190,237
191,237
193,237
1534,237
1463,237
1464,237
1465,237
1466,237
197,237
198,237
199,237
1535,237
1536,237
1467,237
1468,237
1469,237
1470,237
202,237
203,237
204,237
205,237
206,237
207,237
208,237
209,237
210,237
211,237
212,237
213,237
1102,237
1103,237
1036,237
1037,237
1038,237
1039,237
1104,237
1040,237
1041,237
492,237
493,237
1042,237
1043,237
1044,237
594,237
1045,237
1046,237
998,237
1047,237
1048,237
1049,237
1112,237
1116,237
1015,237
1117,237
1136,237
1137,237
1138,237
1139,237
1140,237
1141,237
1144,237
1145,237
1146,237
999,237
1000,237
1001,237
1002,237
1003,237
1005,237
1006,237
413,237
414,237
415,237
416,237
1476,237
1477,237
1478,237
1479,237
274,237
1344,237
277,237
1013,237
1167,237
1168,237
1599,237
1600,237
1601,237
1189,237
1190,237
1032,237
1033,237
1220,237
1221,237
1223,237
1224,237
1225,237
1226,237
1227,237
1228,237
1035,237
1229,237
1230,237
1232,237
1233,237
1235,237
1236,237
1237,237
1483,237
1238,237
1239,237
1242,237
1243,237
1590,237
1254,237
1255,237
1256,237
1265,237
1602,237
1594,237
1266,237
543,238
544,238
545,238
345,238
347,238
565,238
546,238
566,238
348,238
349,238
350,238
351,238
354,238
547,238
548,238
549,238
550,238
359,238
360,238
567,238
568,238
361,238
362,238
551,238
364,238
552,238
553,238
554,238
367,238
569,238
368,238
369,238
371,238
286,238
287,238
289,238
555,238
556,238
374,238
290,238
375,238
291,238
570,238
571,238
292,238
376,238
805,238
806,238
1068,238
1069,238
807,238
809,238
965,238
987,238
988,238
513,238
966,238
991,238
635,238
636,238
638,238
453,238
639,238
1070,238
1268,238
1071,238
33,238
1072,238
34,238
572,238
1073,238
38,238
39,238
1074,238
1075,238
573,238
575,238
576,238
1076,238
1077,238
1078,238
1079,238
1080,238
936,238
940,238
1401,238
941,238
1403,238
1603,238
1604,238
1605,238
1082,238
1083,238
1084,238
1085,238
1406,238
618,238
619,238
1407,238
1606,238
1415,238
1607,238
170,238
171,238
175,238
1608,238
1609,238
1610,238
1611,238
181,238
182,238
183,238
184,238
185,238
186,238
189,238
1612,238
1613,238
192,238
193,238
194,238
195,238
1534,238
1463,238
1464,238
1465,238
1466,238
1535,238
1536,238
1467,238
1468,238
1469,238
1470,238
205,238
206,238
1037,238
1038,238
1039,238
1104,238
263,238
264,238
266,238
1105,238
1106,238
271,238
273,238
1040,238
1042,238
1043,238
1044,238
1045,238
998,238
1047,238
1048,238
719,238
721,238
1118,238
1119,238
723,238
724,238
726,238
1120,238
1121,238
1123,238
1124,238
727,238
728,238
1128,238
533,238
580,238
581,238
435,238
418,238
586,238
589,238
1550,238
1129,238
440,238
419,238
422,238
214,238
215,238
216,238
1018,238
1020,238
217,238
218,238
220,238
536,238
424,238
1022,238
425,238
1023,238
1024,238
1326,238
730,238
446,238
731,238
732,238
1132,238
426,238
733,238
734,238
1025,238
1133,238
427,238
428,238
429,238
539,238
540,238
447,238
430,238
1134,238
448,238
1026,238
1004,238
1006,238
1477,238
1479,238
274,238
1344,238
1013,238
1481,238
1380,238
1599,238
951,238
952,238
1600,238
1601,238
953,238
954,238
955,238
956,238
134,238
706,238
709,238
137,238
138,238
139,238
707,238
710,238
140,238
141,238
708,238
711,238
146,238
147,238
1189,238
1190,238
1010,238
1012,238
1191,238
1192,238
1193,238
149,238
1376,238
1205,238
1206,238
1207,238
1208,238
1209,238
1210,238
1211,238
1212,238
1213,238
1214,238
1215,238
154,238
155,238
1217,238
157,238
1244,238
1245,238
1246,238
1247,238
1248,238
1249,238
1250,238
1251,238
1614,238
1615,238
1377,238
1616,238
1617,238
1252,238
1253,238
1590,238
1254,238
1255,238
1050,238
1052,238
1053,238
1256,238
1618,238
1257,238
1258,238
1379,238
1259,238
1591,238
1260,238
1592,238
1261,238
1593,238
1262,238
1263,238
1264,238
1265,238
1594,238
1266,238
923,239
924,239
925,239
926,239
225,239
227,239
241,239
242,239
243,239
228,239
230,239
231,239
232,239
735,239
805,239
1069,239
807,239
965,239
966,239
1345,239
1346,239
1347,239
1348,239
1349,239
1619,239
937,239
938,239
939,239
1403,239
1620,239
1081,239
1603,239
1604,239
1605,239
1082,239
1083,239
1084,239
1085,239
1408,239
1409,239
1410,239
1411,239
1412,239
1413,239
1414,239
1415,239
1435,239
1436,239
1437,239
1438,239
1439,239
1440,239
1441,239
1448,239
175,239
1608,239
1609,239
1610,239
1611,239
182,239
189,239
1612,239
1613,239
192,239
205,239
206,239
211,239
1621,239
491,239
1040,239
1041,239
492,239
493,239
1042,239
495,239
1622,239
1045,239
1046,239
1107,239
1108,239
1109,239
598,239
1112,239
599,239
601,239
603,239
307,239
1147,239
308,239
1148,239
1162,239
1163,239
1164,239
1165,239
1166,239
1167,239
1168,239
1170,239
1171,239
1175,239
1176,239
1177,239
1180,239
1599,239
951,239
952,239
1181,239
1600,239
1601,239
1385,239
1182,239
953,239
1183,239
1185,239
1386,239
1186,239
955,239
956,239
1187,239
137,239
1201,239
1202,239
1376,239
1210,239
1212,239
1213,239
1215,239
1244,239
1245,239
1246,239
1247,239
1248,239
1249,239
1250,239
1251,239
1614,239
1615,239
1377,239
1616,239
1617,239
1252,239
1253,239
1254,239
1255,239
1050,239
1052,239
1053,239
1256,239
1618,239
1257,239
1258,239
1379,239
1259,239
1591,239
1260,239
1592,239
1261,239
1593,239
1262,239
1263,239
1264,239
1265,239
1594,239
1266,239
1490,240
1065,240
1066,240
559,240
1067,240
1623,240
48,240
851,240
50,240
1506,240
1508,240
1510,240
56,240
58,240
859,240
60,240
1514,240
1515,240
658,240
660,240
868,240
872,240
1517,240
665,240
879,240
1530,241
1531,241
392,241
1532,241
394,241
395,241
1533,241
396,241
397,241
398,241
399,241
400,241
401,241
402,241
910,241
911,241
912,241
403,241
913,241
914,241
404,241
405,241
915,241
406,241
407,241
408,241
1271,241
32,241
1071,241
33,241
1072,241
34,241
572,241
1073,241
36,241
38,241
39,241
1272,241
1074,241
1075,241
573,241
574,241
575,241
576,241
1076,241
1274,241
1077,241
1078,241
1079,241
1080,241
1040,241
1041,241
492,241
493,241
1042,241
1043,241
1044,241
1045,241
1046,241
1047,241
1048,241
1107,241
1108,241
1109,241
598,241
1110,241
1111,241
1112,241
599,241
601,241
603,241
1113,241
1114,241
1115,241
1565,241
1014,241
1116,241
1015,241
1016,241
1017,241
1566,241
1117,241
1138,241
1139,241
1141,241
906,241
907,241
299,241
1568,241
1569,241
1570,241
968,241
969,241
970,241
302,241
303,241
971,241
972,241
973,241
304,241
974,241
975,241
976,241
977,241
1571,241
1572,241
1624,241
1481,241
1167,241
1380,241
1381,241
1168,241
951,241
952,241
953,241
954,241
1032,241
1033,241
1034,241
1220,241
1221,241
1222,241
1223,241
1224,241
1225,241
1226,241
1227,241
1228,241
1035,241
1229,241
1230,241
1231,241
1232,241
1233,241
1234,241
1235,241
1236,241
1237,241
1245,241
1246,241
1247,241
1248,241
1249,241
1255,241
1050,241
1052,241
1053,241
1257,241
1258,241
1263,241
1264,241
1265,241
1594,241
1266,241
918,241
919,241
920,241
927,242
928,242
929,242
930,242
790,242
791,242
792,242
793,242
736,242
935,242
241,243
228,243
230,243
735,243
25,244
26,244
27,244
936,244
940,244
1401,244
941,244
1404,244
608,244
609,244
610,244
1405,244
611,244
612,244
613,244
1085,244
1608,244
1609,244
1610,244
1611,244
183,244
184,244
186,244
187,244
1612,244
1613,244
194,244
195,244
1475,244
1326,244
427,244
428,244
448,244
1480,244
1482,244
1070,245
572,245
1073,245
573,245
1273,245
1076,245
1274,245
1077,245
1078,245
1561,245
1079,245
1080,245
1568,245
1569,245
1570,245
969,245
970,245
972,245
973,245
975,245
976,245
977,245
1572,245
1036,246
1037,246
1038,246
1039,246
263,246
1110,246
1111,246
1112,246
599,246
601,246
603,246
1113,246
1116,246
1015,246
1566,246
1117,246
1000,246
1003,246
1004,246
1005,246
1006,246
413,246
414,246
415,246
416,246
1476,246
1477,246
1478,246
1479,246
1007,246
274,246
1344,246
1013,246
1032,246
1033,246
1034,246
1220,246
1221,246
1222,246
1223,246
1224,246
1225,246
1226,246
1227,246
1228,246
1035,246
1229,246
1230,246
1231,246
1232,246
1233,246
1234,246
1235,246
1236,246
1237,246
936,247
940,247
941,247
1620,247
1081,247
1404,247
1405,247
1606,247
1607,247
1625,247
1626,247
1627,247
1628,247
1629,247
1630,247
1631,247
1632,247
1633,247
1634,247
1635,247
1636,247
1637,247
1638,247
1639,247
1608,247
1609,247
1610,247
1611,247
181,247
182,247
186,247
1612,247
1613,247
192,247
195,247
1125,247
1327,247
541,247
728,247
1126,247
1127,247
417,247
577,247
578,247
579,247
431,247
580,247
433,247
434,247
581,247
582,247
583,247
435,247
418,247
584,247
585,247
586,247
587,247
588,247
589,247
436,247
437,247
441,247
442,247
443,247
421,247
422,247
1021,247
423,247
536,247
1022,247
537,247
538,247
425,247
1023,247
1474,247
1024,247
1475,247
1326,247
1025,247
427,247
428,247
429,247
448,247
1026,247
1480,247
1482,247
735,248
789,248
1400,248
1560,248
1350,248
1351,248
1352,248
1408,248
1409,248
1410,248
1411,248
1412,248
1413,248
1414,248
1086,248
1087,248
1088,248
1089,248
1090,248
1091,248
1606,248
163,248
1435,248
1436,248
1437,248
1438,248
1439,248
1440,248
1441,248
1092,248
1093,248
1094,248
1095,248
1096,248
1097,248
1607,248
168,248
169,248
1640,248
1641,248
1642,248
1643,248
1644,248
1449,248
1450,248
1451,248
1452,248
1453,248
1454,248
1455,248
1456,248
1457,248
1458,248
620,248
1353,248
1354,248
1355,248
1356,248
1357,248
1625,248
1626,248
1627,248
1628,248
1629,248
1645,248
1358,248
621,248
622,248
1359,248
1360,248
1361,248
1362,248
1363,248
1364,248
1365,248
1366,248
1367,248
1368,248
1369,248
1370,248
1371,248
1372,248
1373,248
1630,248
1631,248
1632,248
1633,248
1634,248
1635,248
1636,248
1637,248
1638,248
1639,248
1646,248
1374,248
1375,248
173,248
175,248
176,248
177,248
178,248
179,248
186,248
187,248
189,248
190,248
191,248
195,248
205,248
206,248
212,248
1394,248
1395,248
283,248
284,248
1396,248
1397,248
1398,248
1399,248
1647,248
999,248
1000,248
1001,248
1002,248
1004,248
1005,248
1006,248
414,248
415,248
416,248
1477,248
1478,248
1479,248
274,248
1344,248
277,248
1013,248
1483,248
1484,248
1238,248
255,248
1241,248
1242,248
735,249
25,249
26,249
27,249
391,249
392,249
393,249
394,249
395,249
1533,249
401,249
911,249
913,249
915,249
719,249
1122,249
1124,249
1125,249
727,249
1327,249
541,249
728,249
1126,249
1127,249
417,249
1128,249
431,249
432,249
433,249
434,249
435,249
436,249
437,249
441,249
442,249
443,249
421,249
422,249
534,249
423,249
535,249
536,249
537,249
538,249
425,249
1475,249
1326,249
729,249
730,249
446,249
731,249
732,249
733,249
734,249
427,249
428,249
429,249
448,249
1135,249
1139,249
1140,249
1141,249
908,250
909,250
1492,250
645,250
646,250
1494,250
647,250
1495,250
1623,250
649,250
650,250
651,250
1497,250
1498,250
857,250
986,250
654,250
655,250
656,250
1511,250
1512,250
1648,250
1649,250
877,250
1523,250
1524,250
1525,250
1650,250
1526,250
1527,250
1528,250
1529,250
1493,251
1494,251
1623,251
978,251
1499,251
1500,251
1501,251
979,251
980,251
981,251
986,251
978,252
983,252
979,252
980,252
981,252
596,253
597,253
598,253
482,254
483,254
91,254
92,254
484,254
90,255
91,255
92,255
98,256
99,256
100,256
102,256
90,257
91,257
92,257
90,258
91,258
92,258
281,259
49,259
50,259
51,259
52,259
53,259
54,259
480,260
472,260
473,260
474,260
481,260
11,261
1651,261
12,261
13,261
65,262
70,262
66,263
68,263
69,263
71,263
73,263
225,264
241,264
242,264
243,264
228,264
230,264
1400,264
1073,264
1078,264
1561,264
1079,264
1080,264
1402,264
1403,264
608,264
609,264
610,264
611,264
612,264
613,264
1461,264
196,264
200,264
201,264
1590,264
1254,264
1255,264
1256,264
196,265
200,265
201,265
241,266
242,266
243,266
228,266
931,266
932,266
933,266
934,266
1307,266
1308,266
1309,266
1310,266
1078,266
1561,266
1079,266
1080,266
1490,267
1491,267
1311,267
544,268
545,268
345,268
347,268
565,268
546,268
566,268
348,268
349,268
350,268
351,268
354,268
547,268
549,268
550,268
359,268
360,268
567,268
568,268
361,268
362,268
364,268
552,268
553,268
554,268
367,268
569,268
368,268
369,268
371,268
286,268
289,268
555,268
556,268
374,268
290,268
375,268
291,268
570,268
571,268
292,268
376,268
257,268
260,268
261,268
743,268
935,268
1490,268
1400,268
737,268
835,268
307,268
308,268
1148,268
935,269
1400,269
1491,269
391,269
393,269
399,269
401,269
835,269
160,269
161,269
162,269
164,269
165,269
166,269
167,269
1652,269
1653,269
1654,269
172,269
197,269
198,269
199,269
205,269
211,269
1102,269
1103,269
997,269
935,270
1400,270
1491,270
743,271
935,271
1490,271
737,271
1311,271
1560,271
935,272
1491,272
1655,273
1656,273
1657,273
1658,273
1659,273
1660,274
1661,274
1662,274
1663,274
1664,274
1665,274
1666,274
1315,275
1316,275
1323,275
1324,275
1325,275
1315,276
1316,276
1319,276
1323,276
1324,276
1325,276
1278,277
1667,277
1279,277
1668,277
1669,277
1670,277
1281,277
1671,277
1393,277
1567,277
1340,277
1672,277
1673,277
1674,278
1675,278
1676,278
1282,278
1285,278
1677,278
1286,278
1287,278
1278,279
1667,279
1279,279
1668,279
1669,279
1670,279
1281,279
1671,279
1678,279
1257,279
1378,279
1379,279
1259,279
1678,280
1679,280
94,281
95,281
96,281
97,281
1173,282
1174,282
1289,282
1384,282
1184,282
1185,282
1386,282
123,283
124,283
125,283
126,283
127,283
93,284
94,284
95,284
96,284
97,284
1257,284
1378,284
1379,284
1259,284
1670,285
1340,285
1673,285
1341,285
1342,285
1343,285
1680,285
1681,285
1682,285
904,286
905,286
906,286
907,286
1278,287
1279,287
1668,287
1670,287
1281,287
1683,287
1671,287
1393,287
1340,287
1341,287
1282,287
1283,287
1284,287
1257,287
1378,287
1379,287
1259,287
93,288
94,288
95,288
96,288
97,288
93,289
94,289
95,289
96,289
97,289
93,290
94,290
95,290
96,290
97,290
324,291
325,291
327,291
329,291
332,291
334,291
335,291
336,291
337,291
338,291
1684,291
339,291
340,291
341,291
1685,291
342,291
504,292
776,292
506,292
779,292
324,293
325,293
327,293
329,293
332,293
334,293
335,293
336,293
337,293
338,293
1684,293
339,293
340,293
341,293
1685,293
342,293
324,294
325,294
327,294
329,294
332,294
334,294
335,294
336,294
337,294
338,294
1684,294
339,294
340,294
341,294
1685,294
342,294
241,295
242,295
243,295
1307,295
1308,295
1309,295
1310,295
614,296
615,296
616,296
617,296
618,296
619,296
170,296
171,296
1162,296
1163,296
1164,296
1170,296
561,296
1173,296
564,296
1175,296
1176,296
1177,296
1178,296
1179,296
1181,296
1385,296
1182,296
1183,296
1184,296
1185,296
1186,296
248,296
249,296
250,296
1616,296
1252,296
1476,297
1477,297
1478,297
1479,297
1476,298
1477,298
1478,298
1479,298
808,299
810,299
800,299
804,299
801,299
1686,300
1687,300
1688,300
1689,300
1690,300
1691,300
1692,300
1693,300
1694,300
1695,300
1696,300
1697,300
820,301
821,301
1698,301
238,302
239,302
240,302
241,302
228,302
230,302
735,302
736,302
543,302
544,302
545,302
345,302
347,302
565,302
546,302
566,302
348,302
349,302
350,302
351,302
354,302
547,302
548,302
549,302
550,302
359,302
360,302
567,302
568,302
361,302
362,302
551,302
364,302
552,302
553,302
554,302
367,302
569,302
368,302
369,302
371,302
286,302
287,302
289,302
555,302
556,302
374,302
290,302
375,302
291,302
570,302
571,302
292,302
376,302
74,302
75,302
76,302
77,302
78,302
467,302
468,302
469,302
470,302
471,302
79,302
80,302
81,302
486,302
82,302
83,302
84,302
487,302
85,302
86,302
87,302
88,302
89,302
1388,302
90,302
482,302
483,302
91,302
92,302
484,302
93,302
94,302
95,302
96,302
97,302
98,302
99,302
100,302
101,302
102,302
480,302
472,302
473,302
474,302
481,302
475,302
103,302
104,302
105,302
106,302
107,302
461,302
462,302
463,302
464,302
465,302
466,302
108,302
109,302
110,302
111,302
112,302
485,302
113,302
114,302
115,302
116,302
117,302
476,302
477,302
478,302
479,302
118,302
119,302
120,302
121,302
122,302
488,302
458,302
459,302
123,302
124,302
125,302
126,302
127,302
128,302
129,302
130,302
131,302
132,302
133,302
805,302
796,302
806,302
797,302
798,302
1068,302
1069,302
807,302
808,302
809,302
810,302
965,302
800,302
804,302
987,302
801,302
988,302
512,302
513,302
514,302
515,302
966,302
989,302
990,302
991,302
967,302
24,302
25,302
26,302
27,302
1070,302
935,302
1530,302
1531,302
392,302
1532,302
394,302
395,302
1533,302
911,302
913,302
915,302
1345,302
1346,302
1347,302
745,302
1348,302
1349,302
758,302
759,302
760,302
761,302
763,302
1619,302
623,302
624,302
625,302
626,302
627,302
629,302
630,302
738,302
739,302
740,302
1062,302
1699,302
1700,302
1701,302
1333,302
1702,302
1063,302
1703,302
1064,302
1334,302
1704,302
1705,302
1706,302
1335,302
1065,302
632,302
1066,302
520,302
521,302
741,302
523,302
524,302
742,302
557,302
526,302
558,302
559,302
560,302
1707,302
1708,302
1597,302
1709,302
1067,302
1271,302
32,302
1071,302
33,302
1072,302
34,302
572,302
1073,302
36,302
38,302
39,302
1272,302
1074,302
1075,302
573,302
574,302
575,302
576,302
1076,302
1274,302
1077,302
1078,302
1561,302
1079,302
1080,302
936,302
937,302
938,302
939,302
940,302
1401,302
941,302
1404,302
1405,302
1085,302
162,302
1408,302
1409,302
1410,302
1411,302
1412,302
1413,302
1414,302
1415,302
1435,302
1436,302
1437,302
1438,302
1439,302
1440,302
1441,302
1710,302
1098,302
1099,302
1100,302
1353,302
1354,302
1355,302
1356,302
1357,302
1101,302
1359,302
1360,302
1361,302
1362,302
1363,302
1369,302
1370,302
1371,302
1372,302
1373,302
1711,302
181,302
182,302
186,302
192,302
195,302
1534,302
1536,302
205,302
206,302
212,302
1104,302
262,302
263,302
264,302
266,302
269,302
1105,302
1106,302
1712,302
270,302
271,302
272,302
273,302
1713,302
1040,302
1041,302
492,302
493,302
1042,302
1043,302
1044,302
1045,302
1046,302
998,302
1047,302
1048,302
1714,302
1715,302
1716,302
1660,302
1717,302
1718,302
1719,302
1720,302
1721,302
1722,302
1723,302
1661,302
1724,302
1662,302
1725,302
1726,302
1663,302
1664,302
1727,302
1665,302
1728,302
1729,302
1666,302
1730,302
500,302
704,302
764,302
765,302
501,302
502,302
705,302
766,302
767,302
503,302
768,302
984,302
769,302
770,302
771,302
496,302
772,302
497,302
773,302
498,302
774,302
499,302
775,302
504,302
776,302
777,302
778,302
505,302
506,302
779,302
780,302
781,302
507,302
782,302
1731,302
783,302
508,302
784,302
1732,302
785,302
509,302
510,302
511,302
786,302
787,302
788,302
1107,302
1108,302
1109,302
598,302
1110,302
1111,302
599,302
601,302
603,302
1113,302
1114,302
1122,302
1541,302
1542,302
1124,302
1543,302
1544,302
1125,302
727,302
1327,302
541,302
728,302
1126,302
1127,302
417,302
532,302
431,302
432,302
433,302
434,302
418,302
441,302
442,302
443,302
444,302
420,302
421,302
422,302
423,302
535,302
536,302
537,302
538,302
425,302
1474,302
1475,302
1326,302
446,302
427,302
428,302
429,302
448,302
1135,302
1136,302
1137,302
1138,302
1139,302
1140,302
1141,302
1142,302
1143,302
1144,302
1145,302
1146,302
1280,302
1336,302
1337,302
814,302
848,302
816,302
817,302
818,302
1343,302
1681,302
819,302
1733,302
1734,302
906,302
907,302
299,302
1568,302
1569,302
1570,302
968,302
970,302
303,302
971,302
972,302
973,302
304,302
974,302
976,302
977,302
1571,302
1572,302
1624,302
307,302
1147,302
308,302
1148,302
310,302
312,302
313,302
315,302
316,302
317,302
318,302
1149,302
1290,302
1150,302
1151,302
1152,302
1153,302
1306,302
1154,302
670,302
671,302
672,302
673,302
674,302
675,302
676,302
677,302
678,302
679,302
680,302
681,302
682,302
683,302
684,302
685,302
686,302
687,302
688,302
689,302
696,302
697,302
698,302
699,302
2,302
700,302
701,302
1155,302
1156,302
1157,302
1158,302
1159,302
1735,302
1480,302
1167,302
1168,302
1482,302
1736,302
916,302
917,302
1599,302
952,302
1600,302
1601,302
955,302
956,302
249,302
250,302
323,302
328,302
1737,302
333,302
1738,302
1739,302
1740,302
1741,302
1742,302
1743,302
1744,302
1745,302
1746,302
1747,302
1748,302
1749,302
1750,302
1751,302
1201,302
1202,302
1376,302
1210,302
1211,302
1212,302
1032,302
1033,302
1220,302
1221,302
1223,302
1224,302
1226,302
1227,302
1229,302
1230,302
1232,302
1233,302
1235,302
1236,302
1483,302
1238,302
1241,302
1242,302
1244,302
1245,302
1246,302
1247,302
1248,302
1249,302
1250,302
1251,302
1614,302
1615,302
1377,302
1616,302
1617,302
1252,302
1253,302
1590,302
1254,302
1255,302
1050,302
1052,302
1053,302
1256,302
1618,302
1257,302
1258,302
1379,302
1259,302
1591,302
1260,302
1592,302
1261,302
1593,302
1262,302
1263,302
1264,302
1265,302
1594,302
1266,302
1595,302
1596,302
590,302
591,302
918,302
919,302
920,302
1752,302
1753,302
1416,303
1417,303
1418,303
1419,303
1420,303
1421,303
1422,303
1435,303
1436,303
1437,303
1438,303
1439,303
1440,303
1441,303
170,303
176,303
177,303
178,303
179,303
190,303
191,303
1463,303
1464,303
1465,303
1466,303
1754,303
1755,303
1756,303
1467,303
1468,303
1469,303
1470,303
1757,303
1758,303
1759,303
1163,304
1164,304
1165,304
1180,304
1385,304
1187,304
1760,305
1761,305
1762,305
343,306
346,306
347,306
349,306
380,306
377,306
382,306
378,306
353,306
360,306
386,306
362,306
388,306
363,306
288,306
291,306
293,306
294,306
872,307
1516,307
1517,307
1518,307
1519,307
1520,307
1521,307
965,308
800,308
804,308
987,308
801,308
988,308
966,308
989,308
990,308
991,308
967,308
1105,308
1106,308
1712,308
1763,308
270,308
271,308
321,308
272,308
273,308
1764,309
1765,309
1766,309
1686,309
1687,309
1688,309
1767,309
1768,309
1689,309
1690,309
1769,309
1691,309
1692,309
1693,309
1694,309
1770,310
1771,310
1772,310
1773,310
1774,310
1764,311
1765,311
1766,311
1686,311
1687,311
1688,311
1767,311
1768,311
1689,311
1690,311
1769,311
1691,311
1692,311
1693,311
1694,311
1770,311
1771,311
1772,311
1773,311
1774,311
1775,311
1776,311
1777,311
1778,311
1764,312
1765,312
1766,312
1686,312
1688,312
1767,312
1768,312
1689,312
1690,312
1769,312
1691,312
1692,312
1693,312
1694,312
1770,312
1695,312
1696,312
1771,312
1772,312
1773,312
1774,312
1697,312
1775,312
1776,312
1777,312
1778,312
1775,313
1776,313
1777,313
1778,313
592,314
593,314
594,314
595,314
592,315
593,315
594,315
595,315
800,316
804,316
801,316
489,317
29,318
30,318
31,318
1779,318
1271,318
32,318
1071,318
33,318
1072,318
34,318
572,318
36,318
38,318
39,318
573,318
574,318
575,318
576,318
1076,318
1274,318
1077,318
1155,319
1780,319
1781,319
1782,319
1156,319
1157,319
1158,319
1159,319
1783,319
1784,319
1785,319
1735,319
1160,319
1161,319
1786,319
453,320
454,320
455,320
456,320
1779,320
693,320
699,320
1787,320
1788,320
1307,321
1308,321
1309,321
1310,321
1173,322
1178,322
1179,322
1185,322
1386,322
796,323
798,323
799,323
800,323
804,323
801,323
988,323
832,324
833,324
1789,324
1790,324
1791,324
839,324
840,324
1792,324
512,325
514,325
515,325
310,326
311,326
313,326
314,326
316,326
317,326
318,326
319,326
989,327
990,327
991,327
967,327
1105,327
1106,327
1712,327
1763,327
500,328
703,328
704,328
502,328
705,328
504,328
776,328
505,328
506,328
779,328
507,328
782,328
783,328
784,328
785,328
510,328
511,328
1793,329
500,330
703,330
704,330
502,330
705,330
504,331
776,331
506,331
779,331
782,332
784,332
510,332
511,332
1656,333
786,333
787,333
788,333
500,334
703,334
704,334
502,334
705,334
504,334
776,334
506,334
779,334
782,334
784,334
510,334
511,334
786,335
787,335
788,335
1400,336
1491,336
160,336
161,336
162,336
167,336
170,336
171,336
172,336
173,336
188,336
196,336
197,336
198,336
199,336
201,336
202,336
203,336
204,336
205,336
208,336
209,336
210,336
211,336
212,336
992,336
993,336
994,336
995,336
997,336
1394,337
1395,337
1396,337
1397,337
1398,337
1399,337
1657,338
1658,338
1659,338
935,339
160,339
161,339
942,339
162,339
164,339
165,339
166,339
167,339
946,339
947,339
948,339
949,339
950,339
1640,339
1641,339
1642,339
1643,339
1644,339
1449,339
1450,339
1451,339
1452,339
1453,339
1454,339
1455,339
1456,339
1457,339
1458,339
1353,339
1354,339
1355,339
1356,339
1357,339
1645,339
1652,339
1359,339
1360,339
1361,339
1362,339
1363,339
1364,339
1365,339
1366,339
1367,339
1368,339
1369,339
1370,339
1371,339
1372,339
1373,339
1646,339
1653,339
1654,339
172,339
1459,339
1460,339
1608,339
1609,339
1610,339
1611,339
180,339
185,339
1462,339
1612,339
1613,339
193,339
197,339
198,339
199,339
202,339
203,339
205,339
207,339
208,339
209,339
211,339
213,339
1102,339
1103,339
735,340
789,340
736,340
743,340
935,340
737,340
1311,340
1714,341
1715,341
1716,341
1660,341
1717,341
1718,341
1719,341
1720,341
1721,341
1722,341
1723,341
1662,341
1725,341
1726,341
1665,341
1728,341
1729,341
1666,341
1730,341
500,341
704,341
765,341
502,341
705,341
767,341
504,341
776,341
778,341
505,341
506,341
779,341
781,341
507,341
782,341
1731,341
783,341
508,341
784,341
1732,341
785,341
509,341
510,341
511,341
500,342
704,342
502,342
705,342
504,342
776,342
778,342
505,342
506,342
779,342
781,342
507,342
783,342
508,342
785,342
509,342
773,343
775,343
1793,344
500,344
703,344
704,344
502,344
705,344
504,344
776,344
778,344
506,344
779,344
781,344
782,344
784,344
510,344
511,344
1793,345
1714,345
1716,345
1660,345
1717,345
1718,345
1720,345
1721,345
1723,345
1661,345
1662,345
1663,345
1664,345
1665,345
1666,345
1730,345
500,345
703,345
704,345
765,345
502,345
705,345
767,345
504,345
776,345
778,345
506,345
779,345
781,345
782,345
783,345
784,345
785,345
510,345
511,345
325,346
326,346
327,346
329,346
332,346
334,346
1793,347
768,348
984,348
770,348
1714,349
1715,349
1716,349
1660,349
1718,349
1719,349
1720,349
1721,349
1722,349
1723,349
1661,349
1662,349
1725,349
1726,349
1663,349
1664,349
1665,349
1728,349
1729,349
1666,349
1730,349
500,349
704,349
764,349
502,349
705,349
766,349
504,349
776,349
777,349
506,349
779,349
780,349
782,349
1731,349
784,349
1732,349
510,349
511,349
530,350
1540,350
1543,350
1471,350
727,350
541,350
728,350
417,350
431,350
434,350
441,350
443,350
444,350
420,350
421,350
813,351
1337,351
844,351
845,351
1390,351
846,351
847,351
848,351
1595,351
1596,351
590,351
591,351
918,351
919,351
596,352
597,352
598,352
1483,353
254,353
1686,354
1687,354
1688,354
1689,354
1690,354
1691,354
1692,354
1693,354
1694,354
1695,354
1696,354
1772,354
1773,354
1774,354
1697,354
1775,354
1777,354
1778,354
343,355
346,355
347,355
349,355
380,355
377,355
382,355
378,355
353,355
360,355
386,355
362,355
388,355
363,355
288,355
291,355
293,355
294,355
1278,356
1279,356
1668,356
1670,356
1672,356
1794,356
1673,356
1795,356
1342,356
1343,356
789,357
736,357
743,357
935,357
1490,357
1400,357
1491,357
737,357
1311,357
1560,357
1530,357
1531,357
391,357
393,357
394,357
1533,357
397,357
398,357
400,357
402,357
910,357
912,357
914,357
278,357
279,357
280,357
644,357
281,357
282,357
46,357
1779,357
849,357
1496,357
47,357
648,357
657,357
64,357
320,357
321,357
322,357
1796,357
703,357
1394,357
1395,357
1396,357
1397,357
1647,357
1657,358
1797,358
1798,358
1658,358
1799,358
1800,358
323,358
324,358
325,358
326,358
327,358
328,358
1737,358
329,358
330,358
331,358
332,358
333,358
334,358
1801,358
1738,358
1739,358
1802,358
1803,358
1804,358
1805,358
1806,358
1807,358
1808,358
1809,358
1810,358
1811,358
1812,358
1813,358
1814,358
1815,358
1816,358
1817,358
1818,358
1819,358
1820,358
1821,358
335,358
1822,358
336,358
1823,358
1824,358
1825,358
1826,358
337,358
1827,358
1828,358
338,358
1684,358
339,358
340,358
341,358
1685,358
342,358
1764,359
1765,359
1766,359
1686,359
1687,359
1688,359
1767,359
1768,359
1689,359
1690,359
1769,359
1691,359
1692,359
1693,359
1694,359
1770,359
1695,359
1696,359
1771,359
1772,359
1773,359
1774,359
1697,359
1775,359
1776,359
1777,359
1778,359
1620,360
1081,360
1603,360
1604,360
1605,360
1082,360
1083,360
1084,360
1085,360
614,360
615,360
616,360
617,360
1016,361
606,361
1003,362
1005,362
413,362
415,362
1007,362
1008,362
275,362
276,362
1829,363
1830,363
1831,363
1832,363
40,363
41,363
42,363
295,364
296,364
297,364
298,364
623,364
624,364
629,364
630,364
1333,364
1702,364
1063,364
1703,364
1705,364
1706,364
1496,364
702,364
1833,364
1271,364
1071,364
1072,364
1834,364
572,364
300,365
968,365
302,365
303,365
971,365
972,365
304,365
974,365
305,365
975,365
976,365
977,365
1491,366
1592,366
1261,366
1263,366
295,367
296,367
297,367
516,367
517,367
298,367
518,367
24,367
25,367
26,367
27,367
735,368
789,368
736,368
743,368
935,368
1490,368
1400,368
1491,368
737,368
1311,368
1530,368
1531,368
391,368
392,368
393,368
394,368
395,368
1533,368
396,368
397,368
398,368
399,368
400,368
401,368
402,368
910,368
911,368
912,368
403,368
913,368
914,368
404,368
405,368
915,368
644,368
281,368
282,368
1779,368
849,368
1496,368
702,368
648,368
530,368
835,368
838,368
320,368
321,368
322,368
1796,368
703,368
283,368
284,368
1398,368
1399,368
1647,368
905,369
906,369
907,369
695,370
701,370
1835,370
1836,370
695,371
701,371
1835,371
1836,371
695,372
701,372
1835,372
1836,372
1036,373
1037,373
1038,373
1039,373
999,373
1000,373
1001,373
1002,373
1003,373
1004,373
1005,373
1006,373
413,373
414,373
415,373
416,373
1027,374
1028,374
1029,374
1764,375
1765,375
1766,375
1686,375
1687,375
1688,375
1767,375
1768,375
1689,375
1690,375
1769,375
1691,375
1692,375
1693,375
1694,375
1695,375
1696,375
1771,375
1772,375
1773,375
1774,375
1697,375
1775,375
1776,375
1777,375
1778,375
957,376
958,376
959,376
960,376
961,376
962,376
963,376
964,376
1315,377
1316,377
1323,377
1324,377
1325,377
252,377
253,377
1483,377
254,377
21,378
29,378
450,378
638,378
1070,378
1268,378
307,378
1147,378
308,378
1148,378
309,378
1837,379
1838,379
1839,379
1840,379
1841,379
1842,379
1843,379
1844,379
1710,379
1098,379
1845,379
1846,379
1847,379
1099,379
1848,379
1849,379
1850,379
175,379
189,379
206,379
999,380
1000,380
1001,380
1002,380
1003,380
1004,380
1005,380
1006,380
413,380
414,380
415,380
416,380
1476,380
1477,380
1478,380
1479,380
1007,380
1008,380
274,380
1344,380
275,380
276,380
277,380
1013,380
300,381
301,381
302,381
304,381
305,381
306,381
975,381
977,381
346,382
349,382
380,382
350,382
382,382
353,382
354,382
355,382
360,382
386,382
362,382
388,382
363,382
285,382
290,382
1830,383
5,383
6,383
40,383
14,383
8,383
41,383
15,383
42,383
16,383
18,384
20,384
23,384
28,384
449,384
29,384
450,384
30,384
451,384
31,384
452,384
1540,385
1541,385
1542,385
1486,385
1543,385
1544,385
300,386
301,386
302,386
304,386
305,386
306,386
1540,387
1485,387
1486,387
1124,387
1543,387
310,388
311,388
313,388
314,388
315,388
316,388
317,388
319,388
285,389
286,389
290,389
288,390
291,390
293,390
294,390
310,390
311,390
313,390
314,390
315,390
316,390
317,390
319,390
796,391
797,391
513,391
514,391
515,391
295,391
516,391
517,391
518,391
7,392
8,392
9,392
10,392
1573,393
1575,393
1851,393
1852,393
1578,393
1853,393
1854,393
1855,393
1856,393
1857,393
1487,393
1582,393
1584,393
1585,393
1586,393
1588,393
1858,393
1488,393
1489,393
1859,393
7,393
40,393
14,393
8,393
9,393
41,393
15,393
10,393
42,393
16,393
1551,394
1860,394
1861,394
1552,394
1862,394
1554,394
1863,394
1864,394
1865,394
1559,394
1866,394
1530,395
1531,395
391,395
392,395
393,395
1532,395
394,395
395,395
1533,395
396,395
397,395
398,395
399,395
400,395
401,395
402,395
910,395
911,395
912,395
403,395
913,395
914,395
404,395
405,395
915,395
406,395
407,395
408,395
409,395
410,395
411,395
412,395
1867,396
1108,396
1868,396
278,397
279,397
280,397
644,397
281,397
282,397
46,397
47,397
648,397
48,397
49,397
50,397
51,397
52,397
53,397
54,397
58,397
654,397
655,397
656,397
1511,397
1512,397
59,397
60,397
61,397
62,397
63,397
864,397
657,397
658,397
659,397
660,397
661,397
662,397
663,397
865,397
664,397
665,397
666,397
667,397
1522,397
343,398
544,398
885,398
886,398
545,398
887,398
344,398
345,398
346,398
347,398
566,398
348,398
349,398
379,398
380,398
377,398
350,398
381,398
382,398
378,398
351,398
352,398
353,398
354,398
547,398
355,398
356,398
357,398
891,398
892,398
549,398
893,398
358,398
359,398
360,398
568,398
361,398
385,398
386,398
362,398
387,398
388,398
363,398
364,398
365,398
552,398
895,398
896,398
553,398
897,398
366,398
367,398
569,398
368,398
369,398
370,398
371,398
372,398
288,398
289,398
899,398
900,398
555,398
901,398
556,398
373,398
374,398
375,398
291,398
570,398
376,398
794,398
293,398
795,398
294,398
295,398
296,398
297,398
516,398
517,398
298,398
518,398
1275,398
1276,398
1277,398
453,398
454,398
639,398
455,398
456,398
640,398
641,398
642,398
643,398
1290,398
1150,398
670,398
671,398
672,398
673,398
674,398
675,398
676,398
677,398
678,398
679,398
680,398
681,398
682,398
683,398
684,398
685,398
686,398
687,398
688,398
689,398
690,398
691,398
692,398
693,398
1,398
694,398
695,398
696,398
697,398
698,398
699,398
2,398
700,398
701,398
811,398
1869,398
1870,398
1787,398
3,398
1871,398
1835,398
812,398
1872,398
1873,398
1788,398
4,398
1874,398
1836,398
561,399
563,399
564,399
1312,400
1313,400
957,400
1314,400
1319,400
1322,400
66,401
68,401
69,401
71,401
73,401
530,402
1540,402
1541,402
1542,402
1543,402
1544,402
1125,402
541,402
1126,402
417,402
531,402
542,402
1546,402
1548,402
1549,402
1329,402
1331,402
533,402
1332,402
431,402
433,402
434,402
436,402
437,402
1550,402
1129,402
441,402
442,402
443,402
422,402
534,402
445,402
423,402
535,402
536,402
538,402
425,402
539,402
540,402
590,403
591,403
1382,404
1288,404
1289,404
238,405
239,405
240,405
225,405
227,405
241,405
228,405
245,405
246,405
247,405
229,405
230,405
231,405
232,405
931,405
932,405
933,405
934,405
1307,405
1308,405
1309,405
1310,405
1345,405
1346,405
1347,405
1348,405
1349,405
758,405
759,405
760,405
761,405
762,405
763,405
1619,405
832,405
833,405
834,405
837,405
1389,405
840,405
842,405
1875,405
1402,405
1403,405
1461,405
768,405
769,405
771,405
307,405
1147,405
308,405
1148,405
309,405
312,405
1003,405
1004,405
1005,405
1006,405
413,405
414,405
415,405
416,405
1476,405
1477,405
1478,405
1479,405
1007,405
274,405
1344,405
276,405
277,405
1013,405
1657,405
1658,405
323,405
324,405
325,405
327,405
328,405
1737,405
329,405
332,405
333,405
334,405
1659,405
1244,405
1245,405
1246,405
1247,405
1248,405
1249,405
1250,405
1251,405
1614,405
1615,405
1377,405
1616,405
1617,405
1252,405
1253,405
1590,405
1254,405
1255,405
1050,405
1051,405
1052,405
1053,405
1256,405
1618,405
1257,405
1258,405
1378,405
1379,405
1259,405
1876,405
1591,405
1260,405
1592,405
1261,405
1593,405
1262,405
1263,405
1264,405
1265,405
1602,405
1594,405
1266,405
805,406
796,406
806,406
797,406
1068,406
1069,406
807,406
808,406
809,406
810,406
965,406
800,406
804,406
987,406
988,406
513,406
514,406
515,406
966,406
990,406
991,406
967,406
32,406
33,406
34,406
572,406
1073,406
1037,406
1038,406
1039,406
1104,406
262,406
263,406
264,406
266,406
268,406
269,406
1105,406
1106,406
1712,406
271,406
272,406
273,406
1713,406
1040,406
1041,406
492,406
493,406
1042,406
1043,406
1044,406
594,406
1045,406
1046,406
998,406
1047,406
1048,406
1049,406
906,406
299,406
1568,406
1569,406
1570,406
970,406
303,406
972,406
976,406
1572,406
1595,406
1596,406
590,406
591,406
918,406
919,406
1752,406
1753,406
66,407
67,407
68,407
69,407
73,407
1877,407
1878,407
17,408
18,408
19,408
20,408
21,408
22,408
23,408
633,408
634,408
635,408
636,408
637,408
295,408
296,408
297,408
298,408
24,408
25,408
26,408
27,408
28,408
449,408
29,408
450,408
30,408
451,408
31,408
452,408
638,408
639,408
1070,408
640,408
641,408
642,408
643,408
1267,408
1268,408
1269,408
1270,408
1036,409
1037,409
1038,409
1039,409
216,409
1018,409
1019,409
1020,409
999,409
1000,409
1001,409
1002,409
1003,409
1004,409
1005,409
1006,409
413,409
414,409
415,409
416,409
1476,409
1477,409
1478,409
1479,409
1678,410
1679,410
1173,411
1289,411
1581,412
1582,412
1583,412
1587,412
1856,413
1582,413
1584,413
1588,413
1861,414
1864,414
527,415
528,415
529,415
1533,416
396,416
397,416
400,416
402,416
1575,417
1576,417
1579,417
1582,417
222,417
223,417
224,417
527,418
528,418
1879,418
529,418
1880,418
1881,418
1018,419
1019,419
1020,419
1003,419
1004,419
1005,419
1006,419
413,419
414,419
415,419
416,419
1003,420
1004,420
1005,420
1006,420
413,420
414,420
415,420
416,420
1027,421
1028,421
1029,421
1030,421
1031,421
1032,421
1033,421
1034,421
1856,422
1882,422
1584,422
1588,422
1883,422
1018,423
1020,423
1582,423
1583,423
1584,423
1585,423
1587,423
1588,423
1858,423
1003,424
1004,424
1005,424
1006,424
413,424
414,424
415,424
416,424
706,424
709,424
135,424
707,424
710,424
142,424
708,424
711,424
144,424
1009,424
1011,424
1012,424
67,425
68,425
69,425
73,425
1319,426
1320,426
1321,426
1323,426
1324,426
623,427
624,427
629,427
630,427
739,427
740,427
1699,427
1700,427
1333,427
1702,427
1063,427
1703,427
1705,427
1706,427
632,427
520,427
741,427
524,427
742,427
557,427
526,427
558,427
559,427
560,427
1707,427
1708,427
805,428
796,428
806,428
797,428
798,428
1068,428
799,428
1069,428
807,428
808,428
809,428
810,428
965,428
800,428
804,428
987,428
801,428
988,428
512,428
513,428
514,428
515,428
966,428
989,428
990,428
991,428
967,428
17,429
18,429
19,429
20,429
21,429
22,429
23,429
633,429
634,429
635,429
636,429
637,429
295,429
296,429
516,429
298,429
518,429
25,429
26,429
29,429
450,429
30,429
451,429
31,429
452,429
638,429
1275,429
1276,429
1277,429
453,429
454,429
639,429
455,429
456,429
1070,429
640,429
641,429
642,429
643,429
1268,429
1269,429
1270,429
1490,429
1400,429
1491,429
1560,429
623,429
624,429
1884,429
625,429
626,429
627,429
628,429
629,429
630,429
631,429
738,429
739,429
740,429
1062,429
1885,429
1699,429
1700,429
1701,429
1333,429
1702,429
1063,429
1703,429
1886,429
1064,429
1334,429
1704,429
1705,429
1706,429
1887,429
1335,429
1065,429
632,429
1066,429
519,429
520,429
521,429
522,429
741,429
523,429
524,429
525,429
742,429
557,429
526,429
558,429
559,429
1888,429
560,429
1707,429
1708,429
1597,429
1709,429
1067,429
278,429
279,429
280,429
644,429
281,429
282,429
908,429
46,429
909,429
1492,429
645,429
646,429
1493,429
1494,429
647,429
1495,429
1623,429
1779,429
1496,429
702,429
47,429
648,429
48,429
850,429
851,429
852,429
853,429
854,429
855,429
649,429
650,429
651,429
1497,429
1498,429
49,429
50,429
51,429
52,429
53,429
54,429
982,429
978,429
1499,429
1500,429
1501,429
1889,429
985,429
1502,429
983,429
979,429
980,429
981,429
856,429
857,429
986,429
1503,429
1504,429
1505,429
1506,429
1507,429
1508,429
1509,429
1510,429
55,429
56,429
57,429
652,429
653,429
58,429
858,429
859,429
860,429
861,429
862,429
863,429
654,429
655,429
656,429
1511,429
1512,429
59,429
60,429
61,429
62,429
63,429
864,429
657,429
64,429
1513,429
1514,429
1515,429
658,429
659,429
660,429
661,429
662,429
663,429
865,429
866,429
867,429
868,429
869,429
870,429
871,429
872,429
1516,429
1517,429
1518,429
1519,429
1520,429
1521,429
1648,429
1649,429
873,429
874,429
875,429
876,429
877,429
664,429
665,429
666,429
667,429
1522,429
878,429
879,429
880,429
881,429
882,429
1523,429
1524,429
1525,429
1650,429
1526,429
1527,429
1528,429
1529,429
1833,429
1890,429
1271,429
32,429
1071,429
33,429
1072,429
34,429
1834,429
1891,429
572,429
1073,429
35,429
36,429
37,429
38,429
39,429
1892,429
1272,429
1074,429
1075,429
668,429
573,429
574,429
575,429
576,429
669,429
1273,429
1076,429
1274,429
1077,429
1078,429
1561,429
1079,429
1080,429
936,429
1893,429
1894,429
937,429
938,429
1895,429
1896,429
939,429
940,429
1401,429
941,429
1081,429
1562,429
1404,429
608,429
609,429
610,429
1603,429
1604,429
1605,429
1082,429
1083,429
1084,429
1405,429
611,429
612,429
613,429
1837,429
1838,429
1839,429
1840,429
1085,429
1406,429
1897,429
1898,429
1899,429
1900,429
1841,429
1842,429
1843,429
1844,429
1563,429
1407,429
1408,429
1409,429
1410,429
1411,429
1412,429
1413,429
1414,429
1416,429
1417,429
1418,429
1419,429
1420,429
1421,429
1422,429
1423,429
1424,429
1425,429
1426,429
1427,429
1428,429
1429,429
1430,429
1431,429
1432,429
1433,429
1434,429
1435,429
1436,429
1437,429
1438,429
1439,429
1440,429
1441,429
1098,429
1847,429
1099,429
1848,429
1850,429
175,429
1608,429
1609,429
1610,429
1611,429
1901,429
1902,429
180,429
182,429
183,429
184,429
185,429
186,429
189,429
1612,429
1613,429
1903,429
192,429
193,429
194,429
195,429
1793,429
500,429
704,429
764,429
765,429
502,429
705,429
766,429
767,429
768,429
984,429
769,429
770,429
771,429
496,429
772,429
497,429
498,429
774,429
499,429
504,429
776,429
777,429
778,429
505,429
506,429
779,429
780,429
781,429
507,429
782,429
1731,429
783,429
784,429
1732,429
785,429
509,429
510,429
511,429
786,429
787,429
788,429
1149,429
1290,429
1150,429
1291,429
1292,429
1293,429
1294,429
1295,429
1151,429
1297,429
1152,429
1305,429
1153,429
1306,429
1154,429
1298,429
1299,429
1303,429
1304,429
670,429
671,429
672,429
673,429
674,429
675,429
676,429
677,429
678,429
679,429
680,429
681,429
682,429
683,429
684,429
685,429
686,429
687,429
688,429
689,429
690,429
691,429
692,429
693,429
1,429
694,429
695,429
696,429
697,429
698,429
699,429
2,429
700,429
701,429
1155,429
1780,429
1782,429
1156,429
1157,429
1158,429
1159,429
1784,429
1735,429
1160,429
1161,429
1786,429
1480,429
1481,429
1589,429
1380,429
1381,429
1482,429
916,429
917,429
1599,429
951,429
952,429
1600,429
1601,429
953,429
954,429
955,429
956,429
137,429
138,429
139,429
1188,429
1194,429
1195,429
1196,429
1197,429
1199,429
1200,429
1203,429
1376,429
1207,429
1210,429
1211,429
1212,429
154,429
155,429
1216,429
156,429
1217,429
1218,429
1219,429
157,429
158,429
159,429
1032,429
1033,429
1034,429
1220,429
1221,429
1222,429
1223,429
1224,429
1225,429
1226,429
1227,429
1228,429
1035,429
1229,429
1230,429
1231,429
1232,429
1233,429
1234,429
1235,429
1236,429
1237,429
1244,429
1245,429
1246,429
1247,429
1248,429
1249,429
1250,429
1251,429
1614,429
1615,429
1377,429
1616,429
1617,429
1252,429
1253,429
1590,429
1254,429
1255,429
1050,429
1051,429
1052,429
1053,429
1256,429
1618,429
1257,429
1258,429
1378,429
1379,429
1259,429
1876,429
1591,429
1260,429
1592,429
1261,429
1593,429
1262,429
1263,429
1264,429
1265,429
1602,429
1594,429
1266,429
530,430
417,430
431,430
432,430
433,430
434,430
418,430
441,430
442,430
443,430
444,430
420,430
421,430
422,430
423,430
425,430
343,431
543,431
883,431
884,431
544,431
885,431
886,431
545,431
887,431
344,431
345,431
346,431
347,431
565,431
546,431
566,431
348,431
349,431
379,431
380,431
377,431
888,431
350,431
381,431
382,431
378,431
383,431
384,431
351,431
352,431
353,431
354,431
547,431
548,431
889,431
355,431
356,431
357,431
890,431
891,431
892,431
549,431
893,431
550,431
358,431
359,431
360,431
567,431
568,431
361,431
385,431
386,431
362,431
894,431
387,431
388,431
389,431
363,431
551,431
364,431
365,431
552,431
895,431
896,431
553,431
897,431
554,431
366,431
367,431
569,431
368,431
369,431
370,431
371,431
285,431
286,431
287,431
898,431
372,431
288,431
289,431
899,431
900,431
555,431
901,431
902,431
556,431
373,431
374,431
290,431
375,431
291,431
570,431
571,431
292,431
376,431
794,431
293,431
903,431
795,431
294,431
390,431
256,431
257,431
258,431
259,431
260,431
261,431
737,431
1311,431
744,431
745,431
1904,431
746,431
747,431
748,431
749,431
750,431
751,431
752,431
753,431
754,431
802,431
755,431
757,431
758,431
759,431
760,431
761,431
762,431
763,431
803,431
262,431
263,431
264,431
265,431
266,431
267,431
268,431
269,431
1105,431
1106,431
1712,431
1763,431
270,431
320,431
271,431
321,431
322,431
1796,431
272,431
273,431
1713,431
307,431
308,431
309,431
310,431
311,431
313,431
314,431
315,431
316,431
317,431
318,431
319,431
1568,432
1569,432
1570,432
968,432
969,432
970,432
302,432
303,432
971,432
972,432
973,432
304,432
974,432
975,432
976,432
977,432
1905,433
843,433
1906,433
844,433
845,433
1390,433
846,433
847,433
848,433
1907,433
1908,433
816,433
1342,433
1909,433
17,434
21,434
22,434
638,434
1275,434
453,434
639,434
455,434
1267,434
1268,434
1269,434
1270,434
1560,435
832,435
833,435
834,435
1389,435
940,435
941,435
1562,435
1404,435
1405,435
1085,435
1406,435
1563,435
1407,435
1098,435
1099,435
1100,435
1358,435
1101,435
1711,435
1374,435
1375,435
173,435
206,435
212,435
1573,435
1574,435
1577,435
1578,435
1853,435
1580,435
1910,435
1911,435
1027,435
1028,435
1581,435
1856,435
1487,435
1582,435
1583,435
1584,435
1585,435
1029,435
222,435
1586,435
1587,435
1588,435
1030,435
1031,435
1488,435
223,435
224,435
1489,435
1059,435
528,435
1060,435
1879,435
1881,435
1912,435
1913,435
1480,435
1481,435
1589,435
1167,435
1380,435
1381,435
1168,435
1482,435
962,435
963,435
964,435
1599,435
952,435
1600,435
1601,435
955,435
956,435
543,436
545,436
546,436
548,436
549,436
550,436
551,436
553,436
554,436
287,436
555,436
292,436
391,436
392,436
393,436
394,436
395,436
911,436
913,436
572,436
1272,436
1074,436
1075,436
573,436
1076,436
1274,436
1077,436
1078,436
1561,436
1079,436
1080,436
969,436
970,436
973,436
975,436
976,436
977,436
706,436
707,436
142,436
708,436
144,436
1190,436
1191,436
1192,436
1193,436
148,436
1200,436
149,436
150,436
151,436
1203,436
1205,436
1207,436
1208,436
1210,436
1211,436
1212,436
1213,436
1214,436
1215,436
154,436
155,436
1032,436
1033,436
1034,436
1220,436
1221,436
1222,436
1223,436
1224,436
1225,436
1226,436
1227,436
1228,436
1035,436
1229,436
1230,436
1231,436
1232,436
1233,436
1234,436
1235,436
1236,436
1237,436
252,436
253,436
1483,436
254,436
1484,436
1238,436
1239,436
255,436
1240,436
1241,436
1242,436
1243,436
1254,436
1255,436
1256,436
1618,436
1257,436
1258,436
1379,436
1259,436
1591,436
1260,436
1261,436
1262,436
1263,436
1264,436
1265,436
1266,436
1394,437
283,437
284,437
1396,437
1398,437
1647,437
1494,438
1495,438
48,438
850,438
851,438
852,438
853,438
854,438
855,438
49,438
50,438
51,438
52,438
53,438
1499,438
1500,438
1501,438
857,438
986,438
58,438
858,438
859,438
860,438
861,438
862,438
863,438
59,438
60,438
61,438
62,438
63,438
1513,438
1514,438
1515,438
1648,438
1649,438
877,438
1523,438
1524,438
1525,438
1529,438
1125,438
727,438
541,438
728,438
1126,438
1127,438
417,438
532,438
1130,438
1131,438
216,438
1019,438
1020,438
219,438
220,438
221,438
427,438
428,438
429,438
1877,438
1878,438
832,439
833,439
834,439
1389,439
822,439
823,439
409,439
410,439
411,439
412,439
826,439
827,439
828,439
829,439
845,439
816,439
817,439
1136,440
1137,440
1139,440
1140,440
1141,440
1142,440
1143,440
1704,441
1887,441
1335,441
534,442
535,442
536,442
904,442
905,442
907,442
904,443
905,443
906,443
907,443
1136,444
1137,444
1140,444
1142,444
923,445
924,445
925,445
926,445
927,445
928,445
929,445
930,445
227,445
241,445
242,445
243,445
228,445
244,445
245,445
246,445
247,445
229,445
230,445
231,445
232,445
931,445
932,445
933,445
934,445
1307,445
1308,445
1309,445
1310,445
233,445
234,445
235,445
236,445
249,445
250,445
1837,446
1838,446
1839,446
1840,446
1841,446
1842,446
1843,446
1844,446
1914,446
1915,446
1916,446
1100,446
1101,446
1711,446
736,447
1562,447
1404,447
1405,447
1606,447
1607,447
1710,447
1098,447
1099,447
1848,447
1100,447
1353,447
1354,447
1355,447
1356,447
1357,447
1645,447
1101,447
1849,447
1850,447
1359,447
1360,447
1361,447
1362,447
1363,447
1369,447
1370,447
1371,447
1372,447
1373,447
1646,447
1110,447
1111,447
1112,447
1336,447
848,447
1338,447
906,447
299,447
1568,447
1569,447
970,447
303,447
972,447
976,447
1572,447
274,447
1344,447
277,447
1013,447
1480,447
1589,447
1482,447
323,447
328,447
1737,447
333,447
1738,447
1739,447
1740,447
1741,447
1742,447
1743,447
1744,447
1745,447
1746,447
1747,447
1748,447
1749,447
1750,447
1751,447
137,447
138,447
142,447
143,447
708,447
711,447
1189,447
1190,447
1010,447
1012,447
1191,447
1193,447
1194,447
1196,447
1200,447
149,447
151,447
1201,447
1202,447
1203,447
1376,447
1210,447
1212,447
1213,447
1215,447
154,447
155,447
1217,447
1219,447
157,447
159,447
1032,447
1033,447
1220,447
1221,447
1223,447
1224,447
1226,447
1227,447
1035,447
1229,447
1230,447
1232,447
1233,447
1235,447
1236,447
1237,447
1238,447
1242,447
1595,447
1596,447
590,447
591,447
918,447
919,447
1752,447
1753,447
644,448
282,448
46,448
645,448
646,448
647,448
1496,448
702,448
47,448
48,448
850,448
851,448
852,448
853,448
854,448
855,448
49,448
50,448
51,448
52,448
53,448
54,448
55,448
56,448
57,448
652,448
653,448
58,448
59,448
60,448
61,448
62,448
63,448
864,448
658,448
659,448
660,448
661,448
662,448
663,448
865,448
866,448
867,448
868,448
869,448
870,448
871,448
872,448
1516,448
1517,448
1518,448
1519,448
1520,448
1521,448
873,448
874,448
875,448
876,448
877,448
664,448
665,448
666,448
667,448
1522,448
878,448
879,448
880,448
881,448
882,448
1917,449
1621,449
490,449
491,449
1040,449
1041,449
492,449
493,449
1042,449
494,449
495,449
592,449
1043,449
1044,449
595,449
1622,449
1918,449
1045,449
1046,449
1054,449
1056,449
1047,449
1048,449
1057,449
1049,449
1058,449
227,450
228,450
229,450
230,450
231,450
232,450
1271,450
32,450
1071,450
33,450
1072,450
34,450
572,450
36,450
38,450
39,450
1272,450
1074,450
1075,450
573,450
574,450
575,450
576,450
1076,450
1274,450
1077,450
1078,450
1561,450
1079,450
1080,450
1551,451
1919,451
1554,451
1920,451
324,452
325,452
326,452
327,452
329,452
330,452
331,452
332,452
334,452
324,453
325,453
326,453
327,453
329,453
330,453
331,453
332,453
334,453
1514,454
1515,454
11,455
12,455
13,455
1530,456
1531,456
1532,456
1533,456
911,456
913,456
915,456
406,456
407,456
408,456
1040,456
1042,456
1043,456
1044,456
1045,456
998,456
1047,456
1048,456
1573,457
1921,457
1575,457
1851,457
1852,457
1578,457
1854,457
1859,457
1922,457
1531,458
1532,458
396,458
397,458
398,458
399,458
400,458
402,458
910,458
911,458
912,458
403,458
913,458
404,458
405,458
915,458
406,458
407,458
408,458
278,458
279,458
280,458
64,458
530,458
835,458
838,458
320,458
322,458
1796,458
1563,459
1407,459
1640,459
1641,459
1642,459
1643,459
1644,459
1449,459
1450,459
1451,459
1452,459
1453,459
1454,459
1455,459
1456,459
1457,459
1458,459
174,459
202,459
203,459
204,459
205,459
207,459
208,459
209,459
210,459
211,459
212,459
213,459
1244,459
1245,459
1614,459
1493,460
1494,460
1499,460
1500,460
1501,460
986,460
242,461
243,461
1082,461
1083,461
1084,461
1406,461
1407,461
1640,461
1641,461
1642,461
1643,461
1644,461
1449,461
1450,461
1451,461
1452,461
1453,461
1454,461
1455,461
1456,461
1457,461
1458,461
212,461
1163,461
1164,461
1165,461
1178,461
1179,461
1244,461
1245,461
1614,461
962,462
1175,462
1176,462
963,462
964,462
1181,462
1182,462
1183,462
1186,462
1175,463
1176,463
1181,463
1182,463
1183,463
74,464
75,464
77,464
78,464
79,464
80,464
81,464
486,464
487,464
87,464
88,464
1388,464
482,464
483,464
484,464
95,464
96,464
100,464
101,464
472,464
473,464
474,464
475,464
103,464
106,464
461,464
462,464
465,464
466,464
108,464
110,464
112,464
485,464
113,464
116,464
120,464
121,464
488,464
458,464
459,464
123,464
124,464
129,464
131,464
625,465
627,465
738,465
739,465
740,465
1701,465
1064,465
1704,465
1335,465
1066,465
1623,465
47,465
48,465
850,465
851,465
852,465
853,465
854,465
855,465
49,465
50,465
51,465
52,465
53,465
54,465
980,465
981,465
55,465
56,465
57,465
652,465
58,465
858,465
859,465
860,465
861,465
59,465
60,465
61,465
62,465
63,465
864,465
658,465
659,465
660,465
661,465
662,465
663,465
865,465
866,465
867,465
868,465
869,465
870,465
871,465
872,465
1516,465
1517,465
1518,465
1519,465
1520,465
1521,465
873,465
874,465
875,465
876,465
877,465
664,465
665,465
666,465
667,465
1522,465
878,465
879,465
1100,465
1353,465
1354,465
1355,465
1356,465
1357,465
1645,465
1652,465
1358,465
1101,465
1359,465
1360,465
1361,465
1362,465
1363,465
1369,465
1370,465
1371,465
1372,465
1373,465
1646,465
1653,465
1654,465
1374,465
1375,465
1102,465
1103,465
1621,465
491,465
1040,465
1041,465
492,465
493,465
1042,465
495,465
592,465
1043,465
1044,465
594,465
1622,465
1045,465
1046,465
1054,465
998,465
1047,465
1048,465
1057,465
1049,465
1867,465
1107,465
921,465
922,465
596,465
597,465
1108,465
1868,465
1923,465
1109,465
1924,465
598,465
1110,465
1111,465
1112,465
599,465
600,465
601,465
1925,465
602,465
603,465
604,465
605,465
729,465
730,465
731,465
906,465
907,465
299,465
1568,465
1569,465
1570,465
970,465
303,465
972,465
973,465
304,465
974,465
976,465
977,465
1571,465
1572,465
1624,465
1300,465
1152,465
1301,465
1305,465
1153,465
1306,465
1154,465
1302,465
1298,465
1299,465
1303,465
1304,465
999,465
1000,465
1001,465
1002,465
1003,465
1004,465
1005,465
1006,465
413,465
414,465
415,465
416,465
1476,465
1477,465
1478,465
1479,465
1007,465
1008,465
274,465
1344,465
276,465
277,465
1013,465
561,465
562,465
1172,465
563,465
1173,465
1174,465
564,465
1175,465
1176,465
1181,465
1182,465
1183,465
1187,465
1238,465
1242,465
283,466
284,466
1647,466
1345,467
1346,467
1347,467
745,467
1348,467
1349,467
758,467
759,467
760,467
761,467
762,467
763,467
1619,467
17,468
18,468
19,468
20,468
21,468
22,468
23,468
633,468
634,468
635,468
636,468
637,468
24,468
25,468
26,468
27,468
29,468
450,468
30,468
451,468
31,468
452,468
640,468
641,468
642,468
643,468
1267,468
1268,468
1269,468
1270,468
1490,468
1530,468
1531,468
392,468
1532,468
394,468
395,468
1533,468
396,468
397,468
398,468
399,468
400,468
401,468
402,468
910,468
911,468
912,468
403,468
913,468
914,468
404,468
405,468
915,468
406,468
407,468
408,468
278,468
279,468
280,468
409,468
410,468
411,468
412,468
1794,469
1673,469
1795,469
1678,469
65,470
66,470
71,470
72,470
134,471
135,471
136,471
138,471
139,471
140,471
141,471
142,471
143,471
144,471
145,471
147,471
1197,471
148,471
1199,471
1200,471
149,471
150,471
151,471
156,471
157,471
158,471
159,471
1154,472
1303,472
1304,472
1781,472
1157,472
1783,472
1784,472
1735,472
1160,472
395,473
1530,474
1531,474
391,474
392,474
393,474
1532,474
394,474
1533,474
396,474
397,474
398,474
399,474
400,474
401,474
402,474
910,474
911,474
912,474
403,474
913,474
914,474
404,474
405,474
915,474
406,474
407,474
408,474
17,475
21,475
22,475
29,475
30,475
31,475
409,475
410,475
411,475
412,475
1715,476
1719,476
1722,476
1725,476
1728,476
1620,477
1081,477
1837,477
1838,477
1839,477
1840,477
1897,477
1898,477
1899,477
1900,477
1841,477
1842,477
1843,477
1844,477
1598,477
1914,477
1915,477
1916,477
1846,477
1847,477
172,477
173,477
174,477
188,477
196,477
1754,477
1755,477
1756,477
200,477
201,477
202,477
203,477
204,477
205,477
206,477
207,477
208,477
209,477
210,477
211,477
212,477
213,477
1757,477
1758,477
1759,477
992,477
1621,478
491,478
1040,478
1041,478
492,478
493,478
1042,478
495,478
592,478
1043,478
1044,478
594,478
1622,478
1045,478
1046,478
1054,478
1047,478
1048,478
1057,478
1049,478
162,479
163,479
168,479
169,479
1448,479
170,479
171,479
173,479
1459,479
176,479
177,479
1460,479
178,479
179,479
188,479
1462,479
190,479
191,479
196,479
1754,479
1755,479
1756,479
197,479
198,479
199,479
202,479
203,479
204,479
205,479
207,479
208,479
209,479
210,479
211,479
212,479
213,479
1757,479
1758,479
1759,479
1036,479
1037,479
1038,479
1039,479
1113,479
1114,479
1116,479
1566,479
1117,479
999,479
1000,479
1001,479
1002,479
1003,479
1004,479
1005,479
1006,479
413,479
414,479
415,479
416,479
1191,479
1192,479
1193,479
1229,479
1230,479
1231,479
1238,479
1239,479
1240,479
1243,479
1050,479
1052,479
1053,479
1265,479
1594,479
1266,479
480,480
472,480
473,480
481,480
118,480
119,480
120,480
121,480
122,480
1893,481
1894,481
1895,481
1086,481
1087,481
1088,481
1089,481
1090,481
1091,481
163,481
1442,481
1443,481
1444,481
1445,481
1446,481
1447,481
1092,481
1093,481
1094,481
1095,481
1096,481
1097,481
168,481
169,481
1036,481
1037,481
1038,481
1039,481
1014,481
1116,481
1016,481
1017,481
606,481
607,481
1566,481
1117,481
1018,481
1019,481
1020,481
1926,481
1910,481
1911,481
1855,481
1581,481
1927,481
1857,481
1882,481
1487,481
1582,481
1583,481
1585,481
1029,481
1586,481
1587,481
1928,481
1858,481
1883,481
1030,481
1031,481
1488,481
1489,481
999,481
1000,481
1001,481
1002,481
1003,481
1004,481
1005,481
1006,481
413,481
414,481
415,481
416,481
1476,481
1477,481
1478,481
1479,481
1007,481
1008,481
1191,481
1192,481
1193,481
1206,481
1209,481
1213,481
1214,481
1215,481
1867,482
1107,482
921,482
922,482
596,482
597,482
1108,482
1868,482
1923,482
1109,482
1924,482
598,482
600,482
1925,482
602,482
604,482
605,482
1564,482
1114,482
1929,482
1116,482
607,482
1566,482
1117,482
320,483
321,483
322,483
1796,483
1917,483
1621,483
490,483
491,483
1040,483
1041,483
492,483
493,483
1042,483
494,483
495,483
592,483
1043,483
1044,483
594,483
595,483
1622,483
1918,483
1045,483
1046,483
1930,483
1054,483
1056,483
1047,483
1048,483
1057,483
1049,483
1058,483
999,484
1000,484
1001,484
1002,484
1003,484
1004,484
1005,484
1006,484
1477,484
1479,484
1007,484
1008,484
274,484
1344,484
276,484
277,484
1560,485
1893,485
1894,485
1895,485
1562,485
1404,485
1405,485
1406,485
1563,485
1407,485
1598,485
162,485
1914,485
164,485
165,485
166,485
1915,485
1916,485
1448,485
171,485
172,485
173,485
174,485
175,485
1901,485
1902,485
180,485
181,485
182,485
185,485
186,485
187,485
188,485
189,485
1903,485
192,485
193,485
195,485
1534,485
196,485
1535,485
1536,485
200,485
201,485
202,485
203,485
204,485
205,485
206,485
207,485
208,485
209,485
210,485
211,485
212,485
213,485
1867,485
1107,485
596,485
597,485
1108,485
1868,485
1923,485
598,485
599,485
600,485
603,485
605,485
1564,485
1114,485
531,485
542,485
578,485
579,485
580,485
581,485
583,485
585,485
586,485
588,485
589,485
1130,485
214,485
215,485
216,485
1018,485
1019,485
1020,485
219,485
220,485
221,485
1021,485
1022,485
1023,485
1024,485
1132,485
1025,485
1133,485
1134,485
1026,485
1910,485
1911,485
1027,485
1028,485
1857,485
1582,485
1585,485
1029,485
1858,485
1030,485
1031,485
1488,485
1489,485
274,485
1344,485
275,485
276,485
277,485
1480,485
1481,485
1589,485
1167,485
1380,485
1381,485
1168,485
1482,485
952,485
955,485
956,485
1050,485
1051,485
1052,485
1053,485
1265,485
1602,485
1594,485
1266,485
1867,486
1107,486
596,486
597,486
1108,486
1868,486
1923,486
1109,486
1924,486
598,486
1111,486
1564,486
1114,486
1929,486
1116,486
607,486
1566,486
1117,486
274,487
1344,487
275,487
276,487
277,487
1040,488
1041,488
492,488
493,488
1042,488
1043,488
1044,488
594,488
1045,488
1046,488
998,488
1047,488
1048,488
1049,488
1036,489
1037,489
1038,489
1039,489
1000,489
1002,489
1004,489
1005,489
1006,489
414,489
415,489
416,489
1013,489
1191,489
1192,489
1193,489
1213,489
1214,489
1215,489
1229,489
1230,489
1231,489
832,490
833,490
1789,490
1790,490
1791,490
834,490
835,490
836,490
837,490
1389,490
1931,490
1932,490
1933,490
838,490
839,490
840,490
1934,490
841,490
842,490
1875,490
1278,490
1279,490
1668,490
1280,490
1670,490
1281,490
1336,490
1905,490
1683,490
1935,490
1936,490
1906,490
844,490
845,490
846,490
847,490
848,490
1907,490
1908,490
1338,490
1391,490
1339,490
1937,490
1392,490
1671,490
1393,490
1567,490
1938,490
1342,490
1343,490
1909,490
819,490
1733,490
1400,491
1560,491
392,491
403,491
405,491
87,492
88,492
1388,492
95,492
96,492
100,492
101,492
480,492
472,492
473,492
474,492
481,492
475,492
103,492
106,492
113,492
116,492
120,492
121,492
488,492
123,492
124,492
129,492
131,492
1491,492
1897,492
1898,492
1899,492
1900,492
1841,492
1842,492
1843,492
1844,492
1598,492
160,492
161,492
162,492
163,492
164,492
165,492
166,492
167,492
168,492
169,492
1448,492
171,492
172,492
173,492
175,492
1459,492
176,492
177,492
1460,492
178,492
179,492
180,492
185,492
189,492
1462,492
190,492
191,492
193,492
196,492
1754,492
1755,492
1756,492
197,492
198,492
199,492
200,492
201,492
205,492
211,492
212,492
1757,492
1758,492
1759,492
999,492
1000,492
1001,492
1002,492
1191,492
1192,492
1193,492
1206,492
1209,492
1213,492
1214,492
1215,492
1050,492
1051,492
1052,492
1053,492
1618,492
1257,492
1378,492
1379,492
1259,492
1592,492
1261,492
1263,492
1265,492
1602,492
1594,492
1266,492
1003,493
1004,493
1005,493
1006,493
413,493
414,493
415,493
416,493
274,493
1344,493
275,493
276,493
277,493
1013,493
1220,493
1221,493
1222,493
1223,493
1224,493
1225,493
1226,493
1227,493
1228,493
1229,493
1230,493
1231,493
252,493
253,493
1483,493
254,493
1238,493
1239,493
1240,493
1242,493
1243,493
480,494
472,494
473,494
474,494
481,494
108,494
109,494
110,494
111,494
112,494
118,494
119,494
122,494
1917,495
1621,495
490,495
491,495
1040,495
1041,495
492,495
493,495
1042,495
494,495
495,495
592,495
593,495
1043,495
1044,495
594,495
595,495
1622,495
1918,495
1045,495
1046,495
1930,495
1054,495
1055,495
1056,495
1047,495
1048,495
1057,495
1049,495
1058,495
978,496
983,496
979,496
980,496
981,496
1927,497
1582,497
1928,497
288,498
291,498
293,498
294,498
310,498
311,498
313,498
314,498
315,498
316,498
319,498
1537,499
719,499
720,499
721,499
1119,499
1939,499
722,499
723,499
1539,499
724,499
1471,499
1472,499
1473,499
1125,499
727,499
541,499
728,499
1126,499
1127,499
417,499
1128,499
531,499
542,499
1545,499
1546,499
1547,499
1548,499
1549,499
1328,499
1329,499
532,499
1330,499
1331,499
533,499
1332,499
438,499
439,499
444,499
420,499
729,499
730,499
731,499
1537,500
719,500
720,500
721,500
1118,500
1940,500
1119,500
1939,500
438,500
439,500
46,501
645,501
646,501
647,501
48,501
49,501
50,501
51,501
52,501
53,501
54,501
55,501
56,501
57,501
58,501
59,501
60,501
61,501
62,501
63,501
658,501
659,501
660,501
661,501
664,501
665,501
543,502
544,502
546,502
350,502
354,502
547,502
548,502
550,502
551,502
552,502
554,502
371,502
287,502
289,502
556,502
292,502
719,502
720,502
721,502
1118,502
1940,502
1119,502
1939,502
1538,502
722,502
723,502
1539,502
724,502
725,502
726,502
1128,502
438,502
439,502
1147,502
308,502
1148,502
312,502
317,502
318,502
237,503
238,503
239,503
240,503
927,503
928,503
929,503
930,503
244,503
245,503
246,503
247,503
790,503
791,503
792,503
793,503
1162,503
1163,503
1164,503
1165,503
1166,503
1480,503
1481,503
43,503
1589,503
1167,503
1380,503
1381,503
44,503
1168,503
1169,503
1170,503
1482,503
1382,503
45,503
561,503
1674,503
1941,503
1288,503
1942,503
562,503
1171,503
1172,503
1760,503
563,503
1675,503
1173,503
1174,503
564,503
1289,503
1943,503
1761,503
1762,503
1676,503
1944,503
962,503
1175,503
1176,503
1282,503
1283,503
1177,503
1945,503
963,503
964,503
1178,503
1179,503
1736,503
916,503
917,503
1284,503
1180,503
1599,503
951,503
952,503
1383,503
1285,503
1384,503
1181,503
1600,503
1601,503
1385,503
1182,503
953,503
1183,503
1184,503
1185,503
1386,503
1677,503
954,503
1286,503
1287,503
1186,503
955,503
956,503
248,503
249,503
250,503
1387,503
1187,503
638,504
453,504
639,504
1403,504
1358,504
1374,504
1375,504
172,504
205,504
211,504
48,505
49,505
50,505
51,505
52,505
53,505
54,505
55,505
56,505
57,505
58,505
59,505
60,505
61,505
62,505
63,505
657,505
530,505
74,506
75,506
76,506
77,506
82,506
83,506
84,506
85,506
86,506
89,506
93,506
94,506
95,506
96,506
97,506
98,506
99,506
100,506
101,506
102,506
103,506
104,506
105,506
106,506
107,506
113,506
114,506
115,506
116,506
117,506
118,506
119,506
120,506
121,506
122,506
457,506
460,506
123,506
124,506
125,506
126,506
127,506
128,506
129,506
130,506
131,506
132,506
133,506
1340,506
1672,506
1794,506
1673,506
1795,506
1341,506
1946,506
1342,506
1680,506
1681,506
1682,506
1678,506
1909,506
819,506
1733,506
1679,506
1734,506
1282,506
1283,506
1284,506
1285,506
1286,506
1287,506
391,507
392,507
393,507
394,507
395,507
396,507
397,507
398,507
399,507
401,507
910,507
911,507
912,507
403,507
913,507
914,507
404,507
405,507
915,507
406,507
407,507
408,507
822,507
409,507
410,507
411,507
412,507
826,507
237,508
238,508
239,508
240,508
923,508
924,508
925,508
926,508
927,508
928,508
929,508
930,508
225,508
226,508
227,508
241,508
228,508
790,508
791,508
792,508
793,508
229,508
230,508
231,508
232,508
1307,508
1308,508
1309,508
1310,508
735,508
789,508
736,508
482,508
483,508
461,508
462,508
464,508
465,508
108,508
110,508
112,508
476,508
477,508
478,508
743,508
935,508
657,508
530,508
1621,508
491,508
1040,508
1041,508
492,508
493,508
1042,508
495,508
592,508
1043,508
1044,508
594,508
1622,508
1045,508
1046,508
1054,508
1047,508
1048,508
1057,508
1049,508
772,508
773,508
774,508
775,508
1113,508
1115,508
1565,508
1014,508
1016,508
1017,508
606,508
1120,508
1121,508
1123,508
1471,508
577,508
578,508
579,508
580,508
581,508
582,508
583,508
435,508
584,508
585,508
586,508
587,508
588,508
589,508
436,508
437,508
438,508
439,508
1130,508
1131,508
216,508
1018,508
1019,508
1020,508
217,508
218,508
219,508
220,508
221,508
1021,508
1022,508
1023,508
732,508
1132,508
733,508
734,508
1133,508
427,508
428,508
429,508
1134,508
1855,508
1487,508
1586,508
999,508
1000,508
1001,508
1002,508
1003,508
1004,508
1005,508
1006,508
413,508
414,508
415,508
416,508
1476,508
1477,508
1478,508
1479,508
1007,508
1008,508
274,508
1344,508
275,508
276,508
277,508
1013,508
1033,508
1034,508
1221,508
1222,508
1224,508
1225,508
1227,508
1228,508
1230,508
1231,508
1232,508
1233,508
1234,508
1235,508
1236,508
1237,508
1590,508
1255,508
1050,508
1052,508
1053,508
1256,508
936,509
1947,509
1948,509
1949,509
1896,509
940,509
941,509
1350,509
1351,509
1352,509
942,509
1606,509
943,509
944,509
945,509
1950,509
1423,509
1424,509
1425,509
1426,509
1427,509
1428,509
1429,509
1430,509
1431,509
1432,509
1433,509
1434,509
946,509
947,509
948,509
949,509
1951,509
1607,509
950,509
1640,509
1641,509
1642,509
1643,509
1644,509
1449,509
1450,509
1451,509
1452,509
1453,509
1846,509
1847,509
1454,509
1455,509
1456,509
1457,509
1458,509
1848,509
1625,509
1626,509
1627,509
1628,509
1629,509
1630,509
1631,509
1632,509
1633,509
1634,509
1635,509
1636,509
1637,509
1638,509
1639,509
993,509
994,509
995,509
996,509
997,509
744,510
745,510
1904,510
746,510
747,510
748,510
749,510
750,510
751,510
752,510
753,510
754,510
755,510
756,510
757,510
758,510
759,510
760,510
761,510
762,510
763,510
623,510
624,510
629,510
630,510
1333,510
1702,510
1063,510
1703,510
1705,510
1706,510
632,510
1066,510
262,510
263,510
264,510
266,510
271,510
273,510
307,510
308,510
1148,510
309,510
310,510
313,510
315,510
317,510
318,510
1764,511
1765,511
1766,511
1686,511
1687,511
1688,511
1767,511
1768,511
1689,511
1690,511
1769,511
1691,511
1692,511
1693,511
1694,511
1770,511
1695,511
1696,511
1771,511
1772,511
1773,511
1774,511
1697,511
1775,511
1776,511
1777,511
1778,511
1530,512
1531,512
1532,512
396,512
397,512
400,512
402,512
910,512
912,512
913,512
914,512
915,512
256,513
257,513
259,513
260,513
261,513
623,513
627,513
628,513
629,513
630,513
631,513
1062,513
1701,513
1333,513
1702,513
1703,513
1886,513
1334,513
1704,513
1705,513
1706,513
1887,513
1335,513
632,513
1066,513
520,513
521,513
522,513
741,513
524,513
525,513
742,513
557,513
526,513
558,513
560,513
1707,513
1708,513
702,513
1833,513
1890,513
1271,513
32,513
1071,513
33,513
1072,513
34,513
1834,513
1891,513
572,513
1073,513
35,513
36,513
37,513
38,513
39,513
1892,513
1272,513
1074,513
1075,513
668,513
573,513
574,513
575,513
576,513
669,513
1273,513
1076,513
1274,513
1077,513
1078,513
1561,513
1079,513
1080,513
832,513
833,513
834,513
1952,513
1953,513
836,513
837,513
839,513
840,513
841,513
842,513
1954,513
768,513
984,513
769,513
770,513
771,513
1281,513
813,513
1683,513
1935,513
814,513
1906,513
844,513
845,513
1390,513
846,513
847,513
848,513
1938,513
816,513
1290,513
1150,513
1291,513
1292,513
1293,513
1294,513
1295,513
1296,513
1297,513
1152,513
1305,513
1153,513
1306,513
1154,513
670,513
671,513
672,513
673,513
674,513
675,513
676,513
677,513
678,513
679,513
680,513
681,513
682,513
683,513
684,513
685,513
686,513
687,513
688,513
689,513
690,513
691,513
692,513
693,513
1,513
694,513
695,513
696,513
697,513
698,513
699,513
2,513
700,513
701,513
811,513
1869,513
1870,513
1787,513
3,513
1871,513
1835,513
812,513
1872,513
1873,513
1788,513
4,513
1874,513
1836,513
1155,513
1156,513
1157,513
1158,513
1160,513
1161,513
1545,514
1548,514
1328,514
532,514
1331,514
533,514
17,515
19,515
21,515
22,515
633,515
635,515
636,515
24,515
25,515
26,515
27,515
28,515
449,515
29,515
450,515
30,515
451,515
31,515
452,515
638,515
1275,515
453,515
639,515
455,515
1070,515
640,515
641,515
642,515
643,515
1267,515
1268,515
1269,515
1270,515
1490,515
1400,515
737,515
1311,515
1560,515
1893,515
1894,515
1947,515
1948,515
1949,515
937,515
938,515
1895,515
1896,515
939,515
1620,515
1081,515
1562,515
1404,515
608,515
609,515
610,515
1603,515
1604,515
1605,515
1082,515
1083,515
1084,515
1405,515
611,515
612,515
613,515
618,515
619,515
1563,515
1407,515
942,515
1950,515
946,515
947,515
948,515
949,515
1951,515
950,515
1710,515
1098,515
1845,515
1640,515
1641,515
1642,515
1643,515
1644,515
1449,515
1450,515
1451,515
1452,515
1453,515
1846,515
1847,515
1099,515
1454,515
1455,515
1456,515
1457,515
1458,515
1848,515
620,515
1353,515
1354,515
1355,515
1356,515
1357,515
1625,515
1626,515
1627,515
1628,515
1629,515
1645,515
1358,515
621,515
622,515
1849,515
1850,515
1359,515
1360,515
1361,515
1362,515
1363,515
1364,515
1365,515
1366,515
1367,515
1368,515
1369,515
1370,515
1371,515
1372,515
1373,515
1630,515
1631,515
1632,515
1633,515
1634,515
1635,515
1636,515
1637,515
1638,515
1639,515
1646,515
1374,515
1375,515
1901,515
1902,515
1903,515
996,515
500,516
501,516
502,516
503,516
504,516
505,516
506,516
507,516
508,516
509,516
510,516
511,516
1313,517
1316,517
1318,517
958,517
959,517
961,517
1321,517
1955,517
1322,517
1324,517
1956,517
1325,517
251,517
252,517
253,517
1483,517
254,517
1484,517
1240,517
1241,517
1242,517
1540,518
1485,518
1541,518
1542,518
1486,518
1124,518
1543,518
1544,518
577,518
431,518
433,518
434,518
582,518
584,518
587,518
441,518
442,518
443,518
421,518
422,518
445,518
423,518
537,518
538,518
425,518
1540,519
1123,519
1541,519
1542,519
1124,519
1543,519
1544,519
1546,519
1329,519
532,519
533,519
577,519
582,519
584,519
587,519
1485,520
1120,520
1121,520
1122,520
1123,520
1541,520
1542,520
1486,520
1124,520
1544,520
577,520
582,520
435,520
584,520
587,520
436,520
437,520
729,520
730,520
731,520
237,521
238,521
239,521
240,521
923,521
924,521
925,521
926,521
927,521
928,521
929,521
930,521
229,521
230,521
231,521
232,521
1307,521
1308,521
1309,521
1310,521
743,521
1947,521
1949,521
1896,521
1620,521
1081,521
1562,521
1404,521
608,521
609,521
610,521
1603,521
1604,521
1605,521
1082,521
1083,521
1084,521
1405,521
611,521
612,521
613,521
1837,521
1838,521
1839,521
1840,521
1085,521
1350,521
1897,521
1898,521
1899,521
1900,521
1841,521
1842,521
1843,521
1844,521
1351,521
1352,521
614,521
615,521
616,521
617,521
618,521
619,521
1358,521
1374,521
1375,521
1312,521
1313,521
1315,521
1316,521
1317,521
1318,521
960,521
961,521
1320,521
1321,521
1323,521
1324,521
1540,521
1485,521
1120,521
1121,521
1122,521
1541,521
1542,521
1486,521
1124,521
1543,521
1544,521
582,521
435,521
584,521
437,521
438,521
439,521
730,521
731,521
732,521
733,521
1480,521
1589,521
1482,521
1032,521
1033,521
1034,521
1220,521
1221,521
1222,521
1223,521
1224,521
1225,521
1226,521
1227,521
1228,521
1035,521
1229,521
1230,521
1231,521
1232,521
1233,521
1234,521
1235,521
1236,521
1237,521
1241,521
1242,521
1400,522
1491,522
278,522
279,522
280,522
644,522
282,522
46,522
47,522
648,522
982,522
978,522
1499,522
1500,522
1501,522
1889,522
985,522
1502,522
983,522
979,522
980,522
981,522
986,522
1506,522
1507,522
1508,522
1509,522
1510,522
657,522
1513,522
1514,522
1515,522
1318,522
958,522
959,522
1955,522
1322,522
1956,522
1325,522
251,522
252,522
253,522
1483,522
254,522
1484,522
1240,522
1241,522
1242,522
530,523
1542,523
1544,523
1546,523
1329,523
936,524
1947,524
1949,524
940,524
941,524
1606,524
1950,524
946,524
947,524
948,524
949,524
1951,524
1607,524
621,524
1630,524
1631,524
1632,524
1633,524
1634,524
1635,524
1636,524
1637,524
1638,524
1639,524
996,524
951,524
953,524
954,524
1009,524
1188,524
1011,524
1012,524
1195,524
1198,524
1204,524
1205,524
1206,524
1208,524
1209,524
155,524
1032,524
1033,524
1034,524
1220,524
1221,524
1222,524
1223,524
1224,524
1225,524
1226,524
1227,524
1228,524
1035,524
1229,524
1230,524
1231,524
1232,524
1233,524
1234,524
1235,524
1236,524
1237,524
1244,524
1245,524
1246,524
1247,524
1248,524
1249,524
1250,524
1251,524
1614,524
1615,524
1377,524
1616,524
1617,524
1252,524
1253,524
1590,524
1254,524
1255,524
1050,524
1051,524
1052,524
1053,524
1256,524
1257,524
1258,524
1379,524
1259,524
1591,524
1260,524
1592,524
1261,524
1593,524
1262,524
1602,524
1594,524
1266,524
729,525
730,525
731,525
729,526
730,526
731,526
1307,527
1308,527
1309,527
1310,527
1947,527
1949,527
1896,527
161,527
162,527
943,527
944,527
945,527
946,527
947,527
948,527
949,527
1846,527
1847,527
1099,527
1454,527
1455,527
1456,527
1457,527
1458,527
1848,527
620,527
1353,527
1354,527
1355,527
1356,527
1357,527
1625,527
1626,527
1627,527
1628,527
1629,527
1645,527
1358,527
1850,527
1630,527
1631,527
1632,527
1633,527
1634,527
1635,527
1636,527
1637,527
1638,527
1639,527
1646,527
1102,527
1103,527
1540,528
1485,528
1122,528
1541,528
1486,528
1124,528
1543,528
1544,528
582,528
584,528
1475,528
900,529
555,529
570,529
292,529
1346,529
744,529
745,529
1904,529
748,529
749,529
750,529
751,529
754,529
755,529
756,529
757,529
760,529
761,529
763,529
1619,529
803,529
262,529
263,529
264,529
266,529
269,529
270,529
320,529
271,529
321,529
322,529
1796,529
272,529
273,529
307,529
308,529
1148,529
309,529
310,529
311,529
312,529
313,529
314,529
315,529
316,529
317,529
318,529
319,529
1595,529
1596,529
590,529
591,529
918,529
919,529
1120,530
1121,530
1123,530
1474,530
1475,530
1326,530
427,530
428,530
429,530
448,530
1138,530
1139,530
1141,530
1142,530
1143,530
1145,530
1146,530
1855,530
1487,530
1586,530
1488,530
1489,530
577,531
578,531
582,531
584,531
585,531
587,531
588,531
436,531
437,531
1651,532
1540,533
1123,533
1541,533
1542,533
1543,533
1544,533
1546,533
1329,533
532,533
533,533
431,533
433,533
434,533
441,533
442,533
443,533
423,533
538,533
712,533
713,533
714,533
1957,533
999,534
1000,534
1001,534
1002,534
1003,534
1004,534
1005,534
1006,534
413,534
414,534
415,534
416,534
1476,534
1478,534
274,534
1344,534
277,534
1400,535
1491,535
1394,536
283,536
284,536
1396,536
1398,536
1647,536
162,537
196,537
200,537
201,537
1307,538
1308,538
1309,538
1310,538
935,539
1490,540
1400,540
735,541
743,541
1490,541
1491,541
737,541
1311,541
1560,541
1530,541
391,541
392,541
393,541
1532,541
395,541
396,541
399,541
401,541
911,541
404,541
282,541
1779,541
849,541
1496,541
702,541
47,541
648,541
835,541
838,541
320,541
321,541
322,541
1796,541
703,541
284,541
1396,541
1397,541
748,542
754,542
760,542
148,543
149,543
150,543
151,543
1003,544
1004,544
1005,544
1006,544
1282,544
1283,544
1284,544
1257,544
1378,544
1379,544
1259,544
1003,545
1004,545
1005,545
1006,545
578,546
579,546
580,546
581,546
583,546
585,546
586,546
588,546
589,546
1132,546
1133,546
1134,546
1003,546
1004,546
1005,546
1006,546
1476,546
1477,546
1478,546
1479,546
1599,546
951,546
952,546
1600,546
1601,546
953,546
954,546
955,546
956,546
1191,546
1192,546
1193,546
1590,546
1254,546
1255,546
1256,546
1592,546
1261,546
1593,546
1262,546
1263,546
1264,546
1408,547
1409,547
1410,547
1411,547
1412,547
1413,547
1414,547
1086,547
1087,547
1088,547
1089,547
1090,547
1091,547
1416,547
1417,547
1418,547
1419,547
1420,547
1421,547
1422,547
1423,547
1424,547
1425,547
1426,547
1427,547
1428,547
1429,547
1430,547
1431,547
1432,547
1433,547
1434,547
1435,547
1436,547
1437,547
1438,547
1439,547
1440,547
1441,547
1442,547
1443,547
1444,547
1445,547
1446,547
1447,547
1092,547
1093,547
1094,547
1095,547
1096,547
1097,547
702,548
856,548
857,548
986,548
856,549
857,549
986,549
1958,550
1959,550
1714,551
1715,551
1716,551
1717,551
1718,551
1719,551
1720,551
1721,551
1722,551
1723,551
1725,551
1726,551
1728,551
1729,551
500,551
765,551
502,551
767,551
778,551
506,551
781,551
783,551
785,551
510,551
511,551
323,552
328,552
1737,552
333,552
1738,552
1739,552
1740,552
1741,552
1742,552
1743,552
1744,552
1745,552
1746,552
1747,552
1748,552
1749,552
1750,552
1751,552
1593,553
1262,553
1264,553
578,554
581,554
583,554
585,554
586,554
588,554
1018,554
1019,554
1020,554
1132,554
1133,554
1134,554
413,554
414,554
415,554
416,554
1007,554
1009,554
1011,554
1012,554
1530,555
391,555
393,555
1532,555
398,555
399,555
400,555
401,555
402,555
403,555
404,555
405,555
409,555
410,555
411,555
412,555
17,556
18,556
19,556
20,556
21,556
22,556
23,556
633,556
634,556
635,556
636,556
637,556
28,556
449,556
29,556
450,556
30,556
451,556
31,556
452,556
638,556
453,556
639,556
640,556
641,556
642,556
643,556
17,557
18,557
19,557
20,557
21,557
22,557
23,557
633,557
634,557
635,557
636,557
637,557
295,557
296,557
297,557
516,557
517,557
298,557
518,557
24,557
25,557
26,557
27,557
28,557
449,557
29,557
450,557
30,557
451,557
31,557
452,557
640,557
641,557
642,557
643,557
1267,557
1268,557
1269,557
1270,557
17,558
18,558
20,558
21,558
22,558
23,558
633,558
634,558
635,558
636,558
637,558
28,558
449,558
29,558
450,558
30,558
451,558
31,558
452,558
638,558
1275,558
453,558
639,558
455,558
640,558
641,558
642,558
643,558
1271,558
32,558
1071,558
33,558
1072,558
34,558
572,558
35,558
36,558
37,558
38,558
39,558
17,559
19,559
21,559
22,559
398,559
399,559
400,559
402,559
409,559
410,559
411,559
412,559
17,560
19,560
21,560
22,560
391,560
393,560
394,560
395,560
398,560
399,560
400,560
402,560
409,560
410,560
411,560
412,560
1531,561
391,561
392,561
393,561
1532,561
394,561
395,561
1533,561
396,561
397,561
398,561
399,561
400,561
401,561
402,561
910,561
911,561
912,561
403,561
913,561
914,561
404,561
405,561
915,561
406,561
407,561
408,561
17,562
18,562
19,562
20,562
21,562
22,562
23,562
29,562
450,562
30,562
451,562
31,562
452,562
638,562
453,562
639,562
1070,562
1268,562
1270,562
1530,562
1531,562
391,562
392,562
393,562
1532,562
394,562
395,562
1533,562
396,562
397,562
398,562
399,562
400,562
401,562
402,562
910,562
911,562
912,562
403,562
913,562
914,562
404,562
405,562
915,562
406,562
407,562
408,562
1485,562
1120,562
1121,562
1123,562
1486,562
577,562
578,562
579,562
580,562
581,562
582,562
583,562
584,562
585,562
586,562
587,562
588,562
589,562
1021,562
1022,562
1023,562
1024,562
1475,562
1326,562
729,562
730,562
446,562
731,562
1132,562
1025,562
1133,562
427,562
428,562
429,562
1134,562
448,562
1026,562
409,562
410,562
411,562
412,562
396,563
397,563
399,563
401,563
910,563
912,563
914,563
644,564
48,564
49,564
50,564
51,564
52,564
53,564
54,564
55,564
56,564
57,564
58,564
59,564
60,564
61,564
62,564
63,564
657,564
65,565
70,565
72,565
395,566
401,566
914,566
283,566
1396,566
1397,566
1398,566
1399,566
1647,566
504,567
776,567
506,567
779,567
1861,568
1863,568
1864,568
1530,569
1531,569
391,569
393,569
398,569
399,569
400,569
402,569
403,569
404,569
405,569
406,569
407,569
408,569
409,569
410,569
411,569
412,569
1003,570
1004,570
1005,570
1006,570
413,570
414,570
415,570
416,570
743,571
737,571
1311,571
406,571
407,571
408,571
278,571
279,571
280,571
644,571
281,571
46,571
657,571
64,571
835,571
838,571
1394,571
1395,571
283,571
284,571
1396,571
1397,571
1398,571
1399,571
1647,571
244,572
245,572
246,572
247,572
413,573
415,573
416,573
1007,573
5,574
6,574
40,574
8,574
41,574
42,574
1860,575
1863,575
1086,576
1087,576
1088,576
1089,576
1090,576
1091,576
163,576
1442,576
1443,576
1444,576
1445,576
1446,576
1447,576
1092,576
1093,576
1094,576
1095,576
1096,576
1097,576
168,576
169,576
1014,576
1016,576
1017,576
606,576
1009,576
1010,576
1011,576
1012,576
1032,576
1033,576
1034,576
1239,576
1240,576
1050,576
1051,576
1052,576
1053,576
1313,577
1955,577
1322,577
986,578
1503,578
1504,578
343,579
344,579
345,579
346,579
347,579
348,579
349,579
350,579
351,579
352,579
353,579
354,579
355,579
356,579
357,579
358,579
359,579
360,579
361,579
362,579
363,579
364,579
365,579
366,579
367,579
368,579
369,579
370,579
371,579
285,579
286,579
372,579
288,579
289,579
373,579
374,579
290,579
375,579
291,579
376,579
927,580
928,580
929,580
930,580
225,580
226,580
227,580
241,580
228,580
229,580
230,580
231,580
232,580
234,580
235,580
237,581
238,581
239,581
240,581
923,581
924,581
925,581
926,581
225,581
226,581
227,581
241,581
242,581
243,581
228,581
244,581
245,581
246,581
247,581
790,581
791,581
792,581
229,581
230,581
231,581
232,581
233,581
234,581
235,581
236,581
1960,582
1921,582
1578,582
1859,582
489,583
719,584
722,584
723,584
727,584
1327,584
728,584
1128,584
1328,584
532,584
533,584
444,584
420,584
1698,585
829,585
830,585
831,585
17,586
21,586
22,586
635,586
636,586
29,586
30,586
31,586
1070,586
641,586
642,586
643,586
1268,586
1269,586
1270,586
1107,586
1108,586
1109,586
598,586
1110,586
1111,586
599,586
601,586
603,586
1113,586
1114,586
1115,586
1116,586
1015,586
1117,586
1395,587
1397,587
1399,587
1648,588
1649,588
877,588
238,589
239,589
241,589
228,589
230,589
735,589
940,589
1401,589
941,589
608,589
609,589
610,589
611,589
612,589
613,589
1350,589
1351,589
1352,589
1608,589
1609,589
1610,589
1611,589
1612,589
1613,589
1032,589
1220,589
1223,589
1226,589
1035,589
1229,589
1232,589
1235,589
644,590
281,590
282,590
46,590
645,590
646,590
647,590
702,590
657,590
64,590
1764,591
1765,591
1766,591
1686,591
1687,591
1688,591
1767,591
1768,591
1689,591
1690,591
1769,591
1691,591
1692,591
1693,591
1694,591
1770,591
1695,591
1696,591
1771,591
1772,591
1773,591
1774,591
1697,591
1775,591
1776,591
1777,591
1778,591
1312,592
1313,592
957,592
1314,592
1315,592
1316,592
1317,592
1318,592
1319,592
960,592
961,592
1320,592
1321,592
1955,592
1322,592
1323,592
1324,592
1657,593
1797,593
1798,593
1658,593
1799,593
1800,593
323,593
324,593
325,593
326,593
327,593
328,593
1737,593
329,593
330,593
331,593
332,593
333,593
334,593
1801,593
1738,593
1739,593
1802,593
1803,593
1804,593
1805,593
1961,593
1740,593
1806,593
1807,593
1808,593
1741,593
1742,593
1743,593
1809,593
1810,593
1811,593
1812,593
1813,593
1814,593
1815,593
1816,593
1817,593
1818,593
1819,593
1744,593
1820,593
1821,593
1745,593
335,593
1822,593
336,593
1823,593
1824,593
1825,593
1746,593
1826,593
1747,593
337,593
1827,593
1828,593
338,593
1684,593
339,593
1659,593
1748,593
1749,593
340,593
1750,593
1751,593
341,593
1685,593
342,593
512,594
513,594
514,594
515,594
262,594
263,594
264,594
265,594
266,594
268,594
269,594
1105,594
1106,594
1712,594
1763,594
270,594
271,594
272,594
273,594
1713,594
496,595
497,595
498,595
499,595
65,596
66,596
67,596
68,596
69,596
70,596
71,596
72,596
73,596
1877,596
1878,596
1288,597
1173,597
1289,597
1282,597
1283,597
1285,597
1384,597
1184,597
1185,597
1386,597
1286,597
1287,597
453,598
454,598
455,598
456,598
692,598
698,598
1870,598
1873,598
1003,599
1004,599
1005,599
1006,599
274,599
1344,599
275,599
276,599
277,599
1013,599
496,600
773,600
498,600
775,600
1176,601
1183,601
1186,601
1394,602
283,602
284,602
1396,602
1398,602
1647,602
790,603
791,603
792,603
793,603
1764,604
1765,604
1766,604
1686,604
1687,604
1688,604
1767,604
1768,604
1689,604
1690,604
1769,604
1691,604
1692,604
1693,604
1694,604
1764,605
1765,605
1766,605
1686,605
1687,605
1688,605
1767,605
1768,605
1689,605
1690,605
1769,605
1691,605
1692,605
1693,605
1694,605
1764,606
1765,606
1766,606
1686,606
1687,606
1688,606
1767,606
1768,606
1689,606
1690,606
1769,606
1691,606
1692,606
1693,606
1694,606
1770,607
1771,607
1772,607
1773,607
1774,607
1770,608
1771,608
1772,608
1773,608
1774,608
1775,608
1776,608
1777,608
1778,608
409,609
410,609
411,609
412,609
1036,610
1037,610
1038,610
1039,610
999,610
1000,610
1001,610
1002,610
1003,610
1004,610
1005,610
1006,610
413,610
414,610
415,610
416,610
1007,610
1008,610
1009,610
1010,610
1011,610
1012,610
1050,610
1051,610
1052,610
1053,610
1621,611
491,611
1040,611
1041,611
492,611
493,611
1042,611
495,611
592,611
1043,611
1044,611
594,611
1622,611
1045,611
1046,611
1054,611
1047,611
1048,611
1057,611
1049,611
1112,612
1013,612
1032,612
1220,612
1223,612
1226,612
1035,612
1229,612
1232,612
1235,612
500,613
703,613
704,613
502,613
705,613
504,613
776,613
506,613
779,613
782,613
784,613
510,613
511,613
1655,614
1656,614
1714,614
1660,614
1718,614
1661,614
1724,614
1662,614
1663,614
1664,614
1727,614
1665,614
1666,614
1730,614
489,614
1793,615
1345,616
1346,616
745,616
1904,616
752,616
753,616
754,616
1349,616
755,616
756,616
757,616
758,616
759,616
760,616
761,616
762,616
763,616
1619,616
832,616
833,616
1789,616
834,616
836,616
837,616
1962,616
1389,616
1931,616
1932,616
839,616
840,616
1963,616
841,616
842,616
1875,616
1040,616
1041,616
492,616
493,616
1042,616
1043,616
1044,616
594,616
1045,616
1046,616
998,616
1047,616
1048,616
1049,616
1244,616
1245,616
1246,616
1247,616
1248,616
1249,616
1250,616
1251,616
1614,616
1615,616
1377,616
1616,616
1617,616
1252,616
1253,616
1254,616
1255,616
1050,616
1052,616
1053,616
1256,616
1618,616
1257,616
1258,616
1379,616
1259,616
1591,616
1260,616
1592,616
1261,616
1593,616
1262,616
1263,616
1264,616
1265,616
1594,616
1266,616
343,617
346,617
347,617
349,617
380,617
377,617
382,617
378,617
353,617
360,617
386,617
362,617
388,617
363,617
372,617
288,617
375,617
291,617
794,617
293,617
795,617
294,617
453,618
454,618
455,618
456,618
43,619
44,619
45,619
904,620
905,620
907,620
623,621
624,621
625,621
629,621
630,621
702,621
1271,621
32,621
1071,621
33,621
1072,621
34,621
572,621
36,621
38,621
39,621
573,621
574,621
575,621
576,621
1076,621
1274,621
1077,621
1884,622
627,622
628,622
631,622
281,622
282,622
646,622
849,622
52,622
53,622
54,622
62,622
63,622
864,622
662,622
663,622
865,622
666,622
667,622
1522,622
1528,622
343,623
344,623
345,623
346,623
347,623
348,623
349,623
350,623
351,623
352,623
353,623
354,623
355,623
356,623
357,623
358,623
359,623
360,623
361,623
362,623
363,623
364,623
365,623
366,623
367,623
368,623
369,623
370,623
371,623
285,623
286,623
372,623
288,623
289,623
373,623
374,623
290,623
375,623
291,623
376,623
644,624
281,624
282,624
645,624
647,624
48,624
49,624
50,624
51,624
58,624
59,624
60,624
61,624
658,624
659,624
660,624
661,624
664,624
665,624
1526,624
1527,624
1529,624
449,625
450,625
451,625
452,625
379,626
380,626
377,626
381,626
382,626
378,626
385,626
386,626
387,626
388,626
794,626
293,626
795,626
294,626
300,627
968,627
301,627
302,627
971,627
972,627
304,627
974,627
305,627
379,628
380,628
381,628
382,628
385,628
386,628
387,628
388,628
1964,629
1941,629
1965,629
1944,629
1945,629
48,630
850,630
851,630
852,630
853,630
854,630
855,630
1496,631
702,631
48,631
850,631
851,631
852,631
853,631
854,631
855,631
648,632
48,632
649,632
651,632
1497,632
49,632
50,632
51,632
52,632
53,632
54,632
64,632
648,633
48,633
49,633
50,633
51,633
52,633
53,633
54,633
657,633
849,634
648,634
649,634
650,634
651,634
1497,634
1498,634
657,634
64,634
1779,635
849,635
47,635
649,635
650,635
651,635
1497,635
1498,635
1496,636
702,636
48,636
649,636
650,636
651,636
1497,636
1498,636
343,637
344,637
345,637
346,637
347,637
348,637
349,637
350,637
351,637
352,637
353,637
354,637
355,637
356,637
357,637
358,637
359,637
360,637
361,637
362,637
363,637
364,637
365,637
366,637
367,637
368,637
369,637
370,637
371,637
285,637
286,637
372,637
288,637
289,637
373,637
374,637
290,637
375,637
291,637
376,637
618,638
619,638
992,638
993,638
994,638
995,638
996,638
997,638
746,639
747,639
748,639
749,639
750,639
751,639
752,639
753,639
754,639
755,639
756,639
757,639
803,639
1337,640
1906,640
844,640
845,640
846,640
847,640
848,640
263,641
264,641
746,642
747,642
748,642
749,642
751,642
752,642
753,642
754,642
755,642
757,642
535,642
536,642
310,642
311,642
313,642
314,642
316,642
317,642
318,642
319,642
421,643
535,643
536,643
537,643
448,643
535,644
536,644
965,645
987,645
988,645
695,646
701,646
1835,646
1836,646
1660,647
1661,647
1724,647
1662,647
1663,647
1664,647
1727,647
1665,647
1666,647
1730,647
744,648
1904,648
746,648
747,648
748,648
749,648
750,648
751,648
752,648
753,648
754,648
755,648
756,648
757,648
1655,649
1656,649
1714,649
1715,649
1716,649
1660,649
1717,649
1718,649
1719,649
1720,649
1721,649
1722,649
1723,649
1661,649
1724,649
1662,649
1725,649
1726,649
1663,649
1664,649
1727,649
1665,649
1728,649
1729,649
1666,649
1730,649
500,649
704,649
765,649
502,649
705,649
767,649
768,649
984,649
769,649
770,649
771,649
504,649
778,649
506,649
781,649
783,649
785,649
786,649
787,649
788,649
1657,649
1658,649
323,649
328,649
1737,649
333,649
1801,649
1738,649
1739,649
1802,649
1803,649
1804,649
1805,649
1740,649
1806,649
1807,649
1741,649
1742,649
1743,649
1809,649
1812,649
1814,649
1817,649
1819,649
1744,649
1821,649
1745,649
335,649
1822,649
336,649
1823,649
1746,649
1826,649
1747,649
337,649
338,649
1684,649
339,649
1748,649
1749,649
340,649
1750,649
1751,649
341,649
1685,649
342,649
738,650
739,650
740,650
1066,650
633,651
634,651
635,651
636,651
637,651
638,651
1275,651
1276,651
1277,651
453,651
454,651
639,651
455,651
456,651
640,651
641,651
642,651
643,651
1884,651
625,651
627,651
628,651
631,651
738,651
739,651
740,651
1885,651
1701,651
1886,651
1064,651
1704,651
1887,651
1335,651
1623,651
48,651
850,651
851,651
852,651
853,651
854,651
855,651
49,651
50,651
51,651
52,651
53,651
54,651
56,651
57,651
58,651
858,651
859,651
860,651
861,651
862,651
863,651
59,651
60,651
61,651
62,651
63,651
864,651
658,651
659,651
660,651
661,651
662,651
663,651
865,651
866,651
867,651
868,651
869,651
870,651
871,651
872,651
1516,651
1517,651
1518,651
1519,651
1520,651
1521,651
873,651
874,651
875,651
876,651
877,651
664,651
665,651
666,651
667,651
1522,651
878,651
879,651
880,651
881,651
882,651
1523,651
1524,651
1525,651
1650,651
1529,651
668,651
573,651
574,651
575,651
576,651
669,651
832,651
833,651
1789,651
1790,651
1791,651
1952,651
1953,651
836,651
1966,651
837,651
1967,651
1962,651
1931,651
1932,651
838,651
839,651
840,651
1963,651
1792,651
1934,651
1968,651
841,651
842,651
1875,651
1969,651
1954,651
1036,651
1037,651
1038,651
1039,651
1104,651
262,651
263,651
264,651
265,651
266,651
267,651
268,651
269,651
1105,651
1106,651
1712,651
1763,651
270,651
271,651
272,651
273,651
1713,651
1917,651
1621,651
490,651
491,651
1040,651
1041,651
492,651
493,651
1042,651
494,651
495,651
592,651
593,651
1043,651
1044,651
594,651
595,651
1622,651
1918,651
1045,651
1046,651
1930,651
1054,651
1055,651
1056,651
1047,651
1048,651
1057,651
1049,651
1058,651
904,651
905,651
906,651
907,651
299,651
1568,651
1569,651
1570,651
300,651
968,651
301,651
969,651
970,651
302,651
303,651
971,651
972,651
973,651
304,651
974,651
305,651
306,651
975,651
976,651
977,651
1571,651
1970,651
1572,651
1624,651
1960,651
1573,651
1574,651
1575,651
1577,651
1578,651
1579,651
1853,651
1580,651
1971,651
1972,651
1059,651
528,651
1060,651
1879,651
1880,651
1881,651
1061,651
1912,651
1913,651
307,651
1147,651
308,651
1148,651
309,651
310,651
311,651
312,651
313,651
314,651
315,651
316,651
317,651
318,651
319,651
1247,651
1251,651
1377,651
1257,651
1378,651
1379,651
1259,651
918,651
1973,651
919,651
920,651
1974,651
74,652
75,652
76,652
77,652
78,652
800,653
804,653
987,653
801,653
988,653
1003,654
1004,654
1005,654
1006,654
1220,654
1221,654
1222,654
1223,654
1224,654
1225,654
1035,654
1235,654
1236,654
1237,654
1621,655
491,655
1040,655
1041,655
492,655
493,655
1042,655
495,655
592,655
1043,655
1044,655
594,655
1622,655
1045,655
1046,655
1054,655
998,655
1047,655
1048,655
1057,655
1049,655
24,656
25,656
26,656
27,656
1530,656
1531,656
391,656
392,656
393,656
1532,656
394,656
395,656
1533,656
396,656
397,656
398,656
399,656
400,656
401,656
402,656
910,656
911,656
912,656
403,656
913,656
914,656
404,656
405,656
915,656
406,656
407,656
408,656
530,656
1947,656
1948,656
1949,656
937,656
938,656
1896,656
939,656
940,656
1401,656
941,656
1404,656
1405,656
1085,656
1408,656
1409,656
1410,656
1411,656
1412,656
1413,656
1414,656
1416,656
1417,656
1418,656
1419,656
1420,656
1421,656
1422,656
1435,656
1436,656
1437,656
1438,656
1439,656
1440,656
1441,656
1358,656
1374,656
1375,656
992,656
993,656
994,656
995,656
996,656
997,656
719,656
1118,656
1940,656
1538,656
723,656
1539,656
724,656
725,656
726,656
1540,656
1485,656
1122,656
1541,656
1542,656
1486,656
1124,656
1543,656
1544,656
1471,656
1472,656
1473,656
1125,656
727,656
1327,656
541,656
728,656
1126,656
1127,656
417,656
578,656
579,656
431,656
580,656
432,656
433,656
434,656
581,656
583,656
435,656
418,656
585,656
586,656
588,656
589,656
436,656
437,656
441,656
442,656
443,656
444,656
420,656
421,656
422,656
1018,656
1019,656
1020,656
534,656
445,656
1021,656
423,656
535,656
536,656
424,656
1022,656
537,656
538,656
425,656
1023,656
1475,656
1326,656
1132,656
1133,656
427,656
428,656
429,656
1134,656
448,656
1135,656
252,656
253,656
1483,656
1484,656
1241,656
1530,657
1531,657
391,657
392,657
393,657
1532,657
394,657
395,657
1533,657
396,657
397,657
398,657
399,657
400,657
401,657
402,657
910,657
911,657
912,657
403,657
913,657
914,657
404,657
405,657
915,657
406,657
407,657
408,657
137,658
1189,658
1010,658
1191,658
1194,658
149,658
1201,658
1203,658
1376,658
1210,658
1213,658
154,658
1217,658
157,658
1312,659
1313,659
957,659
1314,659
1315,659
1316,659
1319,659
958,659
959,659
960,659
961,659
1320,659
1321,659
1955,659
1322,659
1323,659
1324,659
1956,659
1325,659
1312,660
1313,660
957,660
1314,660
1319,660
1955,660
1322,660
957,661
1314,661
960,661
961,661
1320,661
1321,661
1323,661
1324,661
1956,661
1325,661
1171,662
1174,662
962,662
1175,662
1176,662
963,662
964,662
1181,662
1182,662
1183,662
1186,662
1312,663
1313,663
957,663
1314,663
1322,663
1312,664
1313,664
957,664
1314,664
1319,664
1320,664
1321,664
644,665
281,665
282,665
908,665
46,665
909,665
1492,665
647,665
849,665
1496,665
648,665
856,665
857,665
986,665
657,665
64,665
983,666
979,666
980,666
981,666
64,666
1508,667
1509,667
1510,667
1513,667
1514,667
1515,667
238,668
239,668
240,668
237,669
238,669
240,669
238,670
239,670
240,670
237,671
238,671
239,671
240,671
238,672
239,672
240,672
377,673
378,673
794,673
293,673
795,673
294,673
377,674
378,674
377,675
378,675
377,676
378,676
794,676
795,676
467,677
468,677
469,677
470,677
471,677
633,677
635,677
636,677
28,677
449,677
29,677
450,677
30,677
451,677
31,677
452,677
1070,677
640,677
641,677
642,677
643,677
796,678
797,678
798,678
799,678
800,678
801,678
449,679
450,679
451,679
452,679
35,679
36,679
37,679
38,679
39,679
343,680
884,680
344,680
345,680
346,680
347,680
565,680
348,680
349,680
379,680
380,680
377,680
350,680
381,680
382,680
378,680
383,680
384,680
351,680
352,680
353,680
354,680
547,680
355,680
356,680
357,680
890,680
358,680
359,680
360,680
567,680
361,680
385,680
386,680
362,680
387,680
388,680
389,680
363,680
364,680
365,680
366,680
367,680
368,680
369,680
370,680
371,680
372,680
288,680
289,680
902,680
373,680
374,680
375,680
291,680
571,680
376,680
794,680
293,680
795,680
294,680
390,680
28,680
29,680
30,680
31,680
1275,680
1276,680
1277,680
453,680
454,680
455,680
456,680
623,680
1884,680
627,680
628,680
629,680
630,680
631,680
1885,680
1701,680
1702,680
1063,680
1703,680
1886,680
1704,680
1705,680
1706,680
1887,680
1335,680
702,680
1833,680
1890,680
1271,680
32,680
1071,680
33,680
1072,680
34,680
1834,680
1891,680
572,680
35,680
36,680
37,680
38,680
39,680
1892,680
1272,680
1074,680
1075,680
668,680
573,680
574,680
575,680
576,680
669,680
43,680
44,680
45,680
815,681
818,681
1290,682
1150,682
1151,682
670,682
671,682
672,682
673,682
674,682
675,682
676,682
677,682
678,682
679,682
680,682
681,682
682,682
683,682
684,682
685,682
686,682
687,682
688,682
689,682
295,683
296,683
297,683
516,683
517,683
298,683
518,683
623,683
624,683
625,683
627,683
629,683
630,683
738,683
1701,683
1333,683
1702,683
1063,683
1703,683
1064,683
1705,683
1706,683
1335,683
343,684
884,684
544,684
344,684
345,684
346,684
347,684
565,684
546,684
348,684
349,684
350,684
351,684
353,684
354,684
547,684
355,684
356,684
357,684
890,684
550,684
358,684
359,684
360,684
567,684
361,684
362,684
363,684
364,684
365,684
552,684
554,684
366,684
367,684
368,684
369,684
370,684
371,684
285,684
286,684
372,684
288,684
289,684
902,684
556,684
373,684
374,684
290,684
375,684
291,684
571,684
292,684
376,684
310,685
312,685
313,685
315,685
317,685
318,685
285,686
286,686
290,686
292,686
467,687
468,687
469,687
470,687
471,687
623,687
624,687
629,687
630,687
1701,687
1333,687
1702,687
1063,687
1703,687
1705,687
1706,687
1335,687
632,687
702,687
467,688
468,688
469,688
470,688
471,688
295,689
296,689
516,689
298,689
518,689
449,689
450,689
451,689
452,689
623,689
624,689
629,689
630,689
1333,689
1063,689
1703,689
1706,689
632,689
1496,689
702,689
64,689
1271,689
32,689
1071,689
33,689
1072,689
34,689
572,689
36,689
38,689
39,689
43,689
44,689
45,689
467,690
468,690
469,690
470,690
471,690
295,691
296,691
298,691
623,691
624,691
629,691
630,691
1333,691
632,691
1496,691
691,692
693,692
694,692
1869,692
1787,692
1871,692
1872,692
1788,692
1874,692
1964,693
1965,693
623,694
624,694
629,694
630,694
632,694
377,695
378,695
794,695
795,695
1122,696
727,696
1327,696
1128,696
432,696
418,696
421,696
424,696
537,696
1326,696
446,696
448,696
1135,696
886,697
545,697
546,697
566,697
892,697
549,697
550,697
568,697
896,697
553,697
554,697
569,697
900,697
555,697
570,697
292,697
1935,697
1936,697
814,697
843,697
790,698
791,698
792,698
793,698
1345,698
1346,698
744,698
745,698
1904,698
752,698
753,698
754,698
1349,698
755,698
756,698
757,698
758,698
759,698
760,698
761,698
762,698
763,698
1619,698
1110,698
1112,698
1564,698
1114,698
307,698
1147,698
308,698
1148,698
309,698
1244,698
1245,698
1246,698
1247,698
1248,698
1249,698
1250,698
1251,698
1615,698
1377,698
1252,698
1253,698
1254,698
1255,698
1050,698
1053,698
1257,698
1258,698
1259,698
1260,698
1261,698
1262,698
1263,698
1264,698
1265,698
1266,698
927,699
928,699
929,699
930,699
735,699
736,699
935,699
1400,699
1533,699
399,699
401,699
406,699
407,699
408,699
162,699
164,699
165,699
166,699
1449,699
1450,699
1451,699
1452,699
1453,699
1454,699
1455,699
1456,699
1457,699
1458,699
196,699
200,699
201,699
735,700
789,700
736,700
743,700
935,700
1490,700
737,700
1311,700
1779,700
820,701
821,701
822,701
1698,701
823,701
824,701
825,701
827,701
828,701
829,701
830,701
831,701
65,702
66,702
70,702
71,702
72,702
500,703
703,703
704,703
502,703
705,703
504,704
776,704
506,704
779,704
623,705
624,705
1884,705
625,705
626,705
627,705
628,705
629,705
630,705
631,705
738,705
739,705
740,705
1062,705
1885,705
1699,705
1700,705
1701,705
1333,705
1702,705
1063,705
1703,705
1886,705
1064,705
1334,705
1704,705
1705,705
1706,705
1887,705
1335,705
1065,705
632,705
1066,705
519,705
520,705
521,705
522,705
741,705
523,705
524,705
525,705
742,705
557,705
526,705
558,705
559,705
1888,705
560,705
1707,705
1708,705
1597,705
1709,705
1067,705
1833,705
1890,705
1271,705
32,705
1071,705
33,705
1072,705
34,705
1834,705
1891,705
572,705
35,705
36,705
37,705
38,705
39,705
1892,705
1272,705
1074,705
1075,705
668,705
573,705
574,705
575,705
576,705
669,705
1273,705
1076,705
1274,705
1077,705
834,705
1952,705
1953,705
835,705
838,705
839,705
840,705
1736,705
916,705
917,705
256,706
257,706
258,706
259,706
260,706
261,706
834,706
1952,706
1953,706
835,706
1966,706
1967,706
838,706
839,706
840,706
1963,706
1792,706
1340,707
1794,707
815,707
816,707
817,707
1673,707
1795,707
818,707
1341,707
1946,707
1680,707
1681,707
1682,707
1679,707
1734,707
1107,708
597,708
1108,708
1868,708
1923,708
1109,708
598,708
599,708
600,708
601,708
603,708
605,708
832,709
1789,709
1790,709
1791,709
836,709
1966,709
837,709
1967,709
1962,709
1931,709
1932,709
1933,709
839,709
1963,709
1792,709
1934,709
1968,709
841,709
842,709
1875,709
1969,709
1954,709
623,710
624,710
629,710
630,710
632,710
702,710
633,711
634,711
635,711
636,711
637,711
295,711
296,711
297,711
516,711
298,711
518,711
450,711
451,711
452,711
644,711
282,711
908,711
46,711
909,711
1492,711
647,711
1779,711
849,711
1496,711
702,711
47,711
48,711
850,711
851,711
852,711
853,711
854,711
855,711
49,711
50,711
51,711
52,711
53,711
54,711
857,711
986,711
58,711
858,711
859,711
860,711
861,711
862,711
863,711
59,711
60,711
61,711
62,711
63,711
864,711
658,711
659,711
660,711
661,711
662,711
663,711
865,711
664,711
665,711
666,711
667,711
1522,711
1523,711
1524,711
1525,711
1650,711
1529,711
796,712
797,712
798,712
1068,712
799,712
800,712
801,712
668,712
574,712
575,712
576,712
669,712
798,713
1068,713
799,713
633,713
634,713
635,713
636,713
637,713
295,713
296,713
297,713
298,713
450,713
451,713
452,713
1833,713
1890,713
1271,713
32,713
1071,713
33,713
1072,713
34,713
1834,713
1891,713
668,713
574,713
575,713
576,713
669,713
904,714
905,714
907,714
746,715
752,715
758,715
803,715
262,715
263,715
264,715
265,715
268,715
269,715
1340,715
1672,715
1794,715
1673,715
1795,715
1946,715
1678,715
1679,715
1734,715
310,715
311,715
313,715
314,715
315,715
316,715
318,715
319,715
256,716
257,716
258,716
259,716
260,716
668,716
574,716
576,716
669,716
1149,716
1291,716
1292,716
1293,716
1294,716
1295,716
1296,716
1297,716
690,716
691,716
692,716
693,716
1,716
694,716
695,716
696,716
697,716
698,716
699,716
2,716
700,716
701,716
811,716
1869,716
1870,716
1787,716
3,716
1871,716
1835,716
812,716
1872,716
1873,716
1788,716
4,716
1874,716
1836,716
796,717
806,717
797,717
295,717
296,717
298,717
590,718
591,718
692,719
698,719
1870,719
1873,719
453,720
454,720
455,720
456,720
18,721
20,721
23,721
28,721
449,721
29,721
450,721
30,721
451,721
31,721
452,721
1070,721
1267,721
1268,721
1269,721
1270,721
1560,722
936,722
1893,722
1894,722
1947,722
1948,722
1949,722
937,722
938,722
1895,722
1896,722
939,722
940,722
1401,722
941,722
1402,722
1403,722
1620,722
1081,722
1562,722
1404,722
608,722
609,722
610,722
1603,722
1604,722
1605,722
1082,722
1083,722
1084,722
1405,722
611,722
612,722
613,722
1837,722
1838,722
1839,722
1840,722
1085,722
1350,722
1406,722
1897,722
1898,722
1899,722
1900,722
1841,722
1842,722
1843,722
1844,722
1351,722
1352,722
614,722
615,722
616,722
617,722
618,722
619,722
1563,722
1407,722
1598,722
160,722
161,722
942,722
162,722
1408,722
1409,722
1410,722
1411,722
1412,722
1413,722
1414,722
1086,722
1087,722
1088,722
1089,722
1090,722
1091,722
1606,722
163,722
943,722
944,722
945,722
1914,722
1415,722
164,722
165,722
166,722
167,722
1950,722
1416,722
1417,722
1418,722
1419,722
1420,722
1421,722
1422,722
1423,722
1424,722
1425,722
1426,722
1427,722
1428,722
1429,722
1430,722
1431,722
1432,722
1433,722
1434,722
1435,722
1436,722
1437,722
1438,722
1439,722
1440,722
1441,722
1442,722
1443,722
1444,722
1445,722
1446,722
1447,722
1092,722
1093,722
1094,722
1095,722
1096,722
1097,722
946,722
947,722
948,722
949,722
1951,722
1607,722
168,722
169,722
950,722
1915,722
1916,722
1448,722
1710,722
1098,722
1845,722
1640,722
1641,722
1642,722
1643,722
1644,722
1449,722
1450,722
1451,722
1452,722
1453,722
1846,722
1847,722
1099,722
1454,722
1455,722
1456,722
1457,722
1458,722
1848,722
1100,722
620,722
1353,722
1354,722
1355,722
1356,722
1357,722
1625,722
1626,722
1627,722
1628,722
1629,722
1645,722
1358,722
1101,722
621,722
622,722
1849,722
1850,722
1359,722
1360,722
1361,722
1362,722
1363,722
1364,722
1365,722
1366,722
1367,722
1368,722
1369,722
1370,722
1371,722
1372,722
1373,722
1711,722
1630,722
1631,722
1632,722
1633,722
1634,722
1635,722
1636,722
1637,722
1638,722
1639,722
1646,722
1374,722
1375,722
170,722
171,722
172,722
173,722
174,722
175,722
1459,722
176,722
177,722
1460,722
178,722
179,722
1608,722
1609,722
1610,722
1611,722
1901,722
1902,722
180,722
181,722
182,722
183,722
184,722
185,722
186,722
187,722
1461,722
188,722
189,722
1462,722
190,722
191,722
1612,722
1613,722
1903,722
192,722
193,722
194,722
195,722
1534,722
1463,722
1464,722
1465,722
1466,722
196,722
1754,722
1755,722
1756,722
197,722
198,722
199,722
1535,722
1536,722
200,722
201,722
1467,722
1468,722
1469,722
1470,722
202,722
203,722
204,722
205,722
206,722
207,722
208,722
209,722
210,722
211,722
212,722
213,722
1757,722
1758,722
1759,722
992,722
993,722
994,722
995,722
996,722
997,722
1480,722
1481,722
1589,722
1380,722
1381,722
1482,722
248,722
249,722
250,722
1657,723
1797,723
1798,723
1658,723
1799,723
1800,723
323,723
324,723
325,723
326,723
327,723
328,723
1737,723
329,723
330,723
331,723
332,723
333,723
334,723
1801,723
1738,723
1739,723
1802,723
1803,723
1804,723
1805,723
1961,723
1740,723
1806,723
1807,723
1808,723
1741,723
1742,723
1743,723
1809,723
1810,723
1811,723
1812,723
1813,723
1814,723
1815,723
1816,723
1817,723
1818,723
1819,723
1744,723
1820,723
1821,723
1745,723
335,723
1822,723
336,723
1823,723
1824,723
1825,723
1746,723
1826,723
1747,723
337,723
1827,723
1828,723
338,723
1684,723
339,723
1659,723
1748,723
1749,723
340,723
1750,723
1751,723
341,723
1685,723
342,723
1907,724
1908,724
1016,725
1017,725
606,725
999,725
1000,725
1001,725
1002,725
413,725
414,725
415,725
416,725
1197,725
148,725
1199,725
1200,725
149,725
150,725
151,725
1203,725
1216,725
156,725
1217,725
1218,725
1219,725
157,725
158,725
159,725
1032,725
1033,725
1034,725
1223,725
1224,725
1225,725
1226,725
1227,725
1228,725
1229,725
1230,725
1231,725
244,726
245,726
246,726
247,726
1656,727
768,727
984,727
769,727
770,727
771,727
496,727
497,727
498,727
499,727
65,728
66,728
68,728
69,728
71,728
72,728
73,728
1319,729
960,729
961,729
590,730
591,730
489,731
17,732
18,732
19,732
20,732
21,732
22,732
23,732
1530,733
1531,733
391,733
392,733
393,733
1532,733
394,733
395,733
1533,733
396,733
397,733
398,733
399,733
400,733
401,733
402,733
910,733
911,733
912,733
403,733
913,733
914,733
404,733
405,733
915,733
406,733
407,733
408,733
747,734
753,734
759,734
803,734
296,735
297,735
298,735
638,735
1275,735
1276,735
1277,735
453,735
454,735
639,735
455,735
456,735
808,736
810,736
796,737
797,737
798,737
1068,737
799,737
668,737
574,737
575,737
576,737
669,737
744,738
1904,738
752,738
753,738
754,738
755,738
756,738
757,738
758,738
759,738
760,738
761,738
762,738
763,738
746,739
747,739
748,739
749,739
750,739
751,739
752,739
753,739
754,739
755,739
756,739
757,739
758,739
759,739
760,739
761,739
762,739
763,739
530,739
1118,739
1940,739
426,739
447,739
430,739
310,739
311,739
312,739
313,739
316,739
317,739
318,739
1764,740
1765,740
1766,740
1767,740
1768,740
1769,740
1692,740
1693,740
1694,740
1770,740
1771,740
1776,740
1778,740
1402,741
1403,741
1415,741
1448,741
1461,741
256,742
257,742
259,742
260,742
261,742
1655,743
1656,743
1885,744
1701,744
1886,744
1064,744
1334,744
1704,744
1887,744
1335,744
800,745
804,745
801,745
225,746
227,746
241,746
228,746
229,746
230,746
231,746
232,746
1312,747
1313,747
957,747
1314,747
1315,747
1316,747
1317,747
1318,747
1319,747
959,747
960,747
961,747
1320,747
1321,747
1323,747
1324,747
1686,748
1688,748
1691,748
1695,748
1696,748
1697,748
923,749
924,749
925,749
926,749
927,749
928,749
929,749
930,749
241,749
228,749
229,749
232,749
931,749
932,749
933,749
934,749
1307,749
1308,749
1309,749
1310,749
735,749
789,749
736,749
743,749
935,749
1400,749
1078,749
1561,749
1079,749
1080,749
1402,749
1403,749
943,749
944,749
945,749
946,749
947,749
948,749
949,749
170,749
171,749
1461,749
188,749
196,749
200,749
201,749
993,749
994,749
995,749
997,749
414,749
416,749
1477,749
1479,749
274,749
1344,749
277,749
1013,749
1162,749
1163,749
1164,749
1165,749
1166,749
1169,749
1170,749
561,749
1171,749
563,749
1173,749
1174,749
564,749
1175,749
1176,749
1177,749
1178,749
1179,749
1284,749
1180,749
1181,749
1385,749
1182,749
1183,749
1184,749
1185,749
1186,749
1187,749
414,750
415,750
416,750
1477,750
1478,750
1479,750
1007,750
274,750
1344,750
277,750
1013,750
1568,751
1569,751
1570,751
970,751
303,751
972,751
973,751
304,751
974,751
975,751
976,751
977,751
1571,751
1572,751
1595,751
1596,751
918,751
919,751
920,751
225,752
226,752
244,753
245,753
246,753
247,753
225,754
226,754
227,754
241,754
242,754
243,754
228,754
230,754
231,754
931,754
932,754
933,754
934,754
1307,754
1308,754
1309,754
1310,754
256,754
257,754
259,754
260,754
261,754
1070,754
1073,754
1078,754
1561,754
1079,754
1080,754
832,754
833,754
834,754
1389,754
839,754
1403,754
1280,754
1281,754
1336,754
813,754
1337,754
1905,754
1935,754
814,754
845,754
846,754
848,754
1907,754
1338,754
1391,754
1339,754
1938,754
817,754
1343,754
1681,754
819,754
1733,754
1162,754
1163,754
1164,754
1165,754
1166,754
1169,754
1170,754
561,754
562,754
1171,754
1172,754
563,754
1173,754
1174,754
564,754
1175,754
1176,754
1177,754
1178,754
1179,754
1180,754
1181,754
1385,754
1182,754
1183,754
1184,754
1185,754
1186,754
248,754
249,754
250,754
1387,754
1187,754
69,754
1877,754
1878,754
323,754
328,754
1737,754
330,754
331,754
333,754
1738,754
1739,754
1740,754
1741,754
1742,754
1743,754
1744,754
1745,754
1746,754
1747,754
1748,754
1749,754
1750,754
1751,754
137,754
138,754
708,754
711,754
1189,754
1190,754
1191,754
1193,754
1200,754
1201,754
1202,754
1203,754
1376,754
1210,754
1212,754
1213,754
1215,754
1217,754
1219,754
1035,754
1235,754
1236,754
923,755
924,755
925,755
926,755
931,755
932,755
933,755
934,755
1307,755
1308,755
1309,755
1310,755
1560,755
1078,755
1561,755
1079,755
1080,755
608,755
609,755
610,755
611,755
612,755
613,755
1606,755
1950,755
946,755
947,755
948,755
949,755
1951,755
1607,755
196,755
200,755
201,755
227,756
241,756
228,756
230,756
231,756
232,756
906,756
907,756
299,756
1568,756
1569,756
1570,756
970,756
303,756
972,756
973,756
304,756
974,756
975,756
976,756
977,756
1571,756
1572,756
249,756
250,756
998,757
134,757
706,757
709,757
138,757
139,757
707,757
710,757
708,757
711,757
146,757
1190,757
1193,757
1198,757
1200,757
1202,757
1204,757
1207,757
1211,757
1212,757
1214,757
1215,757
1219,757
1238,757
1239,757
1240,757
1241,757
1242,757
1243,757
79,758
80,758
81,758
486,758
87,758
88,758
1388,758
95,758
96,758
100,758
101,758
103,758
106,758
113,758
116,758
120,758
121,758
488,758
123,758
124,758
129,758
131,758
1490,758
225,759
226,759
227,759
241,759
242,759
243,759
228,759
230,759
231,759
232,759
1402,759
1461,759
225,760
226,760
227,760
241,760
228,760
230,760
237,761
238,761
239,761
240,761
924,761
925,761
225,761
227,761
241,761
244,761
245,761
246,761
247,761
790,761
791,761
792,761
793,761
931,761
932,761
933,761
934,761
1307,761
1308,761
1309,761
1310,761
1620,762
1081,762
1603,762
1604,762
1605,762
1082,762
1083,762
1084,762
614,762
615,762
616,762
617,762
618,762
619,762
196,762
200,762
201,762
226,763
1603,763
1604,763
1605,763
1082,763
1083,763
1084,763
614,763
615,763
616,763
617,763
618,763
619,763
74,764
75,764
76,764
77,764
78,764
1964,765
1674,765
1941,765
1760,765
1675,765
1965,765
1761,765
1762,765
1676,765
1944,765
1945,765
1677,765
449,766
450,766
451,766
452,766
1275,767
1276,767
1277,767
453,767
454,767
455,767
456,767
692,768
698,768
1870,768
1873,768
65,769
65,770
70,770
71,770
72,770
1175,771
1176,771
1181,771
1182,771
1183,771
1186,771
1187,771
796,772
806,772
797,772
798,772
1068,772
799,772
808,772
810,772
800,772
804,772
987,772
801,772
988,772
118,773
119,773
122,773
457,774
458,774
459,774
460,774
103,775
104,775
105,775
106,775
107,775
461,775
462,775
463,775
464,775
465,775
79,776
80,776
81,776
486,776
461,776
462,776
463,776
464,776
465,776
466,776
108,776
109,776
110,776
111,776
112,776
485,776
461,777
462,777
463,777
464,777
465,777
113,777
114,777
115,777
116,777
117,777
103,778
104,778
105,778
106,778
107,778
461,778
462,778
463,778
464,778
465,778
466,778
103,779
104,779
105,779
106,779
107,779
461,779
462,779
463,779
464,779
465,779
829,780
830,780
831,780
829,781
830,781
831,781
1917,782
1621,782
490,782
491,782
1040,782
1041,782
492,782
493,782
1042,782
494,782
495,782
592,782
593,782
1043,782
1044,782
594,782
595,782
1622,782
1918,782
1045,782
1046,782
1930,782
1054,782
1055,782
1056,782
1047,782
1048,782
1057,782
1049,782
1058,782
1917,783
1621,783
490,783
491,783
1040,783
1041,783
492,783
493,783
1042,783
494,783
495,783
592,783
593,783
1043,783
1044,783
594,783
595,783
1622,783
1918,783
1045,783
1046,783
1930,783
1054,783
1055,783
1056,783
1047,783
1048,783
1057,783
1049,783
1058,783
592,784
593,784
1043,784
1044,784
594,784
595,784
1054,784
1055,784
1056,784
1047,784
1048,784
1057,784
1049,784
1058,784
100,785
101,785
102,785
98,786
99,786
100,786
101,786
102,786
1621,787
491,787
1040,787
1041,787
492,787
493,787
592,787
1043,787
1044,787
594,787
595,787
1054,787
1056,787
1047,787
1048,787
1057,787
1049,787
1058,787
1917,788
1621,788
490,788
491,788
1040,788
1041,788
492,788
493,788
1042,788
494,788
495,788
592,788
1043,788
1044,788
594,788
595,788
1054,788
1056,788
1047,788
1048,788
1057,788
1049,788
1058,788
274,789
1344,789
275,789
276,789
277,789
98,790
99,790
100,790
101,790
102,790
1917,791
1621,791
490,791
491,791
1041,791
492,791
493,791
494,791
495,791
1622,791
1918,791
1046,791
1930,791
90,792
91,792
92,792
1917,793
1621,793
490,793
491,793
1040,793
1041,793
492,793
493,793
494,793
495,793
1622,793
1918,793
1045,793
1046,793
262,794
263,794
264,794
265,794
262,795
263,795
264,795
266,795
320,795
271,795
321,795
322,795
1796,795
272,795
273,795
1713,795
1036,796
1037,796
1038,796
1039,796
270,796
272,796
1713,796
1621,796
491,796
1040,796
1041,796
492,796
493,796
1042,796
495,796
592,796
1043,796
1044,796
594,796
1622,796
1045,796
1046,796
1054,796
1047,796
1048,796
1057,796
1049,796
263,797
266,797
267,797
268,797
269,797
256,798
257,798
259,798
260,798
261,798
1105,798
1106,798
1712,798
1763,798
270,798
320,798
321,798
322,798
272,798
273,798
256,799
257,799
258,799
259,799
260,799
261,799
1917,799
1621,799
490,799
491,799
1040,799
1041,799
492,799
493,799
1042,799
494,799
495,799
592,799
593,799
1043,799
1044,799
594,799
595,799
1622,799
1918,799
1045,799
1046,799
1930,799
1054,799
1055,799
1056,799
1047,799
1048,799
1057,799
1049,799
1058,799
256,800
257,800
258,800
259,800
260,800
261,800
262,800
263,800
264,800
265,800
266,800
267,800
268,800
269,800
1105,800
1106,800
1712,800
1763,800
270,800
320,800
271,800
321,800
322,800
272,800
273,800
1713,800
592,801
1043,801
1044,801
594,801
595,801
1054,801
1056,801
1047,801
1048,801
1057,801
1049,801
1058,801
1789,802
1790,802
1791,802
320,803
322,803
1796,803
1917,804
1621,804
490,804
491,804
1040,804
1041,804
492,804
493,804
1042,804
494,804
495,804
592,804
593,804
1043,804
1044,804
594,804
595,804
1622,804
1918,804
1045,804
1046,804
1930,804
1054,804
1055,804
1056,804
1047,804
1048,804
1057,804
1049,804
1058,804
98,805
99,805
100,805
101,805
102,805
244,806
245,806
246,806
247,806
391,807
393,807
398,807
399,807
401,807
409,807
410,807
411,807
412,807
300,808
301,808
305,808
306,808
1970,808
1624,808
274,809
1344,809
1013,809
244,810
245,810
246,810
247,810
244,811
245,811
246,811
247,811
927,812
928,812
929,812
930,812
228,812
790,812
791,812
792,812
793,812
1560,812
1562,812
1404,812
1405,812
1350,812
1406,812
1351,812
1352,812
1563,812
1407,812
173,812
175,812
1902,812
189,812
1903,812
206,812
212,812
1246,812
1247,812
1250,812
1251,812
1615,812
1377,812
1668,813
1670,813
1281,813
1257,813
1378,813
1379,813
1259,813
1668,814
1670,814
1107,815
1923,815
1109,815
1924,815
572,816
36,816
38,816
39,816
623,817
624,817
629,817
630,817
1333,817
1702,817
1063,817
1703,817
1705,817
1706,817
768,818
984,818
769,818
770,818
771,818
380,819
382,819
904,820
905,820
906,820
907,820
1648,821
1649,821
877,821
1506,822
1507,822
1508,822
274,823
1344,823
277,823
618,824
619,824
1574,825
1975,825
1976,825
1575,825
1576,825
1578,825
1579,825
1977,825
1789,826
1790,826
1791,826
712,827
714,827
715,827
1957,827
712,828
713,828
714,828
715,828
716,828
1926,829
1978,829
1979,829
1980,829
1981,829
1982,829
1983,829
712,830
714,830
715,830
716,830
712,831
713,831
714,831
716,831
1957,831
712,832
713,832
714,832
715,832
712,833
714,833
715,833
716,833
712,834
713,834
714,834
5,834
715,834
716,834
6,834
712,835
5,835
6,835
1911,836
1982,836
1983,836
712,837
713,837
714,837
1957,837
717,838
718,838
1926,839
1979,839
1980,839
712,839
5,839
6,839
712,840
714,840
715,840
1982,840
1983,840
713,841
714,841
5,841
716,841
6,841
1003,842
1004,842
1005,842
1006,842
413,842
414,842
415,842
416,842
1926,843
1978,843
1979,843
1980,843
1981,843
5,843
6,843
1982,843
1983,843
712,844
713,844
714,844
5,844
716,844
1957,844
6,844
58,845
59,845
60,845
61,845
62,845
63,845
864,845
58,846
858,846
859,846
860,846
861,846
862,846
863,846
58,847
858,847
859,847
860,847
861,847
862,847
863,847
55,848
56,848
57,848
652,848
653,848
58,848
858,848
859,848
860,848
861,848
862,848
863,848
58,849
59,849
60,849
61,849
62,849
63,849
864,849
654,850
655,850
656,850
1511,850
1512,850
58,851
654,851
655,851
656,851
1511,851
1512,851
55,852
56,852
57,852
652,852
653,852
58,853
59,853
60,853
61,853
62,853
63,853
864,853
58,854
59,854
60,854
61,854
62,854
63,854
864,854
343,855
344,855
345,855
346,855
347,855
348,855
349,855
350,855
351,855
352,855
353,855
354,855
355,855
357,855
358,855
359,855
360,855
361,855
362,855
363,855
364,855
365,855
366,855
367,855
368,855
369,855
370,855
371,855
285,855
286,855
372,855
288,855
289,855
373,855
374,855
290,855
375,855
291,855
376,855
1793,856
344,857
345,857
348,857
380,857
377,857
382,857
378,857
358,857
359,857
361,857
366,857
367,857
368,857
373,857
374,857
376,857
794,857
293,857
795,857
294,857
310,857
313,857
314,857
315,857
316,857
319,857
29,858
30,858
31,858
1271,858
32,858
1071,858
33,858
1072,858
34,858
572,858
36,858
38,858
39,858
573,858
574,858
575,858
576,858
1076,858
1274,858
1077,858
735,859
1533,859
500,860
703,860
704,860
502,860
705,860
504,860
776,860
506,860
779,860
256,861
257,861
258,861
259,861
260,861
261,861
805,862
796,862
806,862
797,862
798,862
1068,862
799,862
1069,862
807,862
808,862
809,862
810,862
965,862
800,862
804,862
987,862
801,862
988,862
512,862
513,862
514,862
515,862
966,862
989,862
990,862
991,862
967,862
295,862
296,862
297,862
516,862
517,862
298,862
518,862
744,862
1904,862
746,862
747,862
748,862
749,862
750,862
751,862
752,862
753,862
754,862
802,862
755,862
756,862
757,862
803,862
262,862
263,862
264,862
265,862
266,862
267,862
268,862
269,862
1105,862
1106,862
1712,862
1763,862
270,862
320,862
271,862
321,862
322,862
272,862
273,862
1713,862
239,863
927,863
928,863
929,863
930,863
245,863
246,863
790,863
791,863
792,863
793,863
17,864
19,864
21,864
22,864
633,864
634,864
635,864
636,864
637,864
28,864
449,864
29,864
450,864
30,864
451,864
31,864
452,864
1070,864
640,864
641,864
642,864
643,864
638,865
1275,865
1276,865
1277,865
453,865
454,865
639,865
455,865
456,865
543,866
544,866
345,866
347,866
565,866
546,866
566,866
348,866
349,866
350,866
351,866
354,866
547,866
548,866
549,866
550,866
359,866
360,866
567,866
568,866
361,866
362,866
551,866
364,866
552,866
553,866
554,866
367,866
569,866
368,866
369,866
371,866
286,866
287,866
289,866
555,866
556,866
374,866
290,866
375,866
291,866
570,866
571,866
292,866
376,866
796,866
797,866
807,866
808,866
809,866
810,866
800,866
1104,866
262,866
263,866
264,866
265,866
266,866
269,866
270,866
271,866
272,866
273,866
1713,866
904,867
905,867
906,867
907,867
299,867
743,868
737,868
735,869
789,869
736,869
743,869
935,869
737,869
1311,869
85,870
86,870
87,870
88,870
89,870
1388,870
93,870
94,870
95,870
96,870
97,870
98,870
99,870
100,870
101,870
102,870
103,870
104,870
105,870
106,870
107,870
113,870
114,870
115,870
116,870
117,870
118,870
119,870
120,870
121,870
122,870
488,870
123,870
124,870
125,870
126,870
127,870
128,870
129,870
130,870
131,870
132,870
133,870
472,871
473,871
474,871
108,871
109,871
110,871
111,871
112,871
129,872
131,872
132,872
133,872
129,873
130,873
131,873
132,873
133,873
123,874
124,874
125,874
126,874
127,874
128,874
129,874
130,874
131,874
132,874
133,874
129,875
130,875
131,875
132,875
133,875
225,876
226,876
227,876
1656,877
500,877
703,877
704,877
502,877
705,877
504,877
776,877
506,877
779,877
782,877
784,877
510,877
511,877
1657,878
1658,878
324,878
325,878
326,878
327,878
329,878
332,878
334,878
335,878
336,878
337,878
338,878
1684,878
339,878
340,878
341,878
1685,878
342,878
1657,879
1658,879
324,879
325,879
326,879
327,879
329,879
330,879
331,879
332,879
334,879
335,879
336,879
337,879
338,879
1684,879
339,879
340,879
341,879
1685,879
342,879
1657,880
1658,880
324,880
325,880
326,880
327,880
329,880
332,880
334,880
335,880
336,880
337,880
338,880
1684,880
339,880
340,880
341,880
1685,880
342,880
65,881
66,881
68,881
69,881
70,881
71,881
72,881
73,881
1555,882
1984,882
1917,883
1621,883
1040,883
1041,883
1042,883
592,883
593,883
1043,883
1044,883
594,883
595,883
1622,883
1918,883
1045,883
1046,883
1930,883
1054,883
1055,883
1056,883
1047,883
1048,883
1057,883
1049,883
1058,883
74,884
75,884
76,884
77,884
467,884
468,884
469,884
470,884
82,884
83,884
84,884
85,884
86,884
87,884
88,884
89,884
482,884
483,884
93,884
94,884
95,884
96,884
97,884
98,884
99,884
100,884
101,884
102,884
103,884
104,884
105,884
106,884
107,884
113,884
114,884
115,884
116,884
117,884
118,884
119,884
120,884
121,884
122,884
123,884
124,884
125,884
126,884
127,884
128,884
129,884
130,884
131,884
132,884
133,884
806,885
798,885
1068,885
799,885
800,885
987,885
801,885
988,885
989,885
990,885
991,885
967,885
590,886
591,886
835,887
836,887
1966,887
1967,887
1962,887
838,887
839,887
840,887
1963,887
1792,887
1968,887
841,887
842,887
1875,887
1680,888
1681,888
1682,888
1909,888
819,888
1733,888
1679,888
1734,888
590,889
591,889
590,890
591,890
256,891
257,891
258,891
259,891
260,891
261,891
744,891
745,891
1904,891
746,891
747,891
748,891
749,891
751,891
752,891
753,891
754,891
802,891
755,891
757,891
803,891
262,891
263,891
264,891
265,891
266,891
267,891
268,891
269,891
1105,891
1106,891
1712,891
1763,891
270,891
320,891
271,891
321,891
322,891
272,891
273,891
1713,891
820,891
821,891
822,891
823,891
824,891
825,891
827,891
828,891
829,891
830,891
831,891
278,892
279,892
280,892
281,892
282,892
1779,892
849,892
1496,892
47,892
648,892
48,892
850,892
851,892
852,892
853,892
854,892
855,892
649,892
650,892
651,892
1497,892
1498,892
49,892
50,892
51,892
52,892
53,892
54,892
856,892
857,892
986,892
55,892
56,892
57,892
652,892
653,892
58,892
858,892
859,892
860,892
861,892
862,892
863,892
59,892
60,892
61,892
62,892
63,892
864,892
658,892
659,892
660,892
661,892
662,892
663,892
865,892
866,892
867,892
868,892
869,892
870,892
871,892
872,892
1516,892
1517,892
1518,892
1519,892
1520,892
1521,892
1648,892
1649,892
873,892
874,892
875,892
876,892
877,892
664,892
665,892
666,892
667,892
1522,892
878,892
879,892
880,892
881,892
882,892
1523,892
1524,892
1525,892
1650,892
1529,892
1833,892
1890,892
1271,892
32,892
1071,892
33,892
1072,892
34,892
1834,892
1891,892
572,892
35,892
36,892
37,892
38,892
39,892
668,892
573,892
574,892
575,892
576,892
669,892
1273,892
1076,892
1274,892
1077,892
1247,892
1251,892
1377,892
1257,892
1378,892
1379,892
1259,892
918,893
1973,893
919,893
920,893
1974,893
1300,894
1152,894
1301,894
1305,894
1153,894
1306,894
1154,894
1302,894
1298,894
1299,894
1303,894
1304,894
1155,894
1985,894
1780,894
1781,894
1782,894
1158,894
1159,894
1783,894
1784,894
1785,894
1735,894
1160,894
1161,894
1786,894
1312,895
1313,895
960,895
961,895
1955,895
1322,895
1714,896
1660,896
1718,896
1721,896
1661,896
1662,896
1663,896
1664,896
1665,896
1666,896
1730,896
1793,897
500,897
703,897
704,897
765,897
502,897
705,897
767,897
504,897
776,897
506,897
779,897
782,897
1731,897
783,897
784,897
1732,897
785,897
510,897
511,897
1764,898
1765,898
1766,898
1686,898
1688,898
1767,898
1768,898
1689,898
1690,898
1769,898
1691,898
1692,898
1693,898
1694,898
1770,898
1695,898
1696,898
1771,898
1772,898
1773,898
1774,898
1697,898
1775,898
1776,898
1777,898
1778,898
796,899
806,899
797,899
798,899
1068,899
799,899
800,899
804,899
987,899
801,899
988,899
512,899
513,899
514,899
515,899
989,899
990,899
991,899
967,899
904,900
905,900
907,900
310,901
313,901
317,901
318,901
904,902
905,902
906,902
907,902
691,903
697,903
1869,903
1872,903
1149,904
1291,904
1292,904
1293,904
1294,904
1295,904
1296,904
1297,904
691,904
694,904
697,904
700,904
1869,904
1871,904
1872,904
1874,904
1508,905
1510,905
1514,905
1515,905
343,906
344,906
345,906
346,906
347,906
348,906
349,906
350,906
351,906
352,906
353,906
354,906
355,906
356,906
357,906
358,906
359,906
360,906
361,906
362,906
363,906
364,906
365,906
366,906
367,906
368,906
369,906
370,906
371,906
285,906
286,906
372,906
288,906
289,906
373,906
374,906
290,906
375,906
291,906
376,906
11,907
12,907
13,907
1779,908
849,908
702,908
47,908
648,908
849,909
1496,909
702,909
47,909
648,909
674,910
680,910
687,910
1,910
2,910
3,910
4,910
11,911
12,911
13,911
1789,912
1790,912
1791,912
1792,912
820,913
821,913
822,913
1698,913
823,913
824,913
825,913
827,913
828,913
829,913
830,913
831,913
823,914
824,914
829,914
830,914
135,915
142,915
144,915
1107,916
1108,916
1109,916
598,916
1111,916
599,916
601,916
603,916
1113,916
1564,916
1114,916
1566,917
1117,917
1112,918
1476,919
1477,919
1478,919
1479,919
1169,920
1382,920
343,921
543,921
883,921
884,921
544,921
885,921
886,921
545,921
887,921
344,921
345,921
346,921
347,921
565,921
546,921
566,921
348,921
349,921
379,921
380,921
377,921
888,921
350,921
381,921
382,921
378,921
383,921
384,921
351,921
352,921
353,921
354,921
547,921
548,921
889,921
355,921
356,921
357,921
890,921
891,921
892,921
549,921
893,921
550,921
358,921
359,921
360,921
567,921
568,921
361,921
385,921
386,921
362,921
894,921
387,921
388,921
389,921
363,921
551,921
364,921
365,921
552,921
895,921
896,921
553,921
897,921
554,921
366,921
367,921
569,921
368,921
369,921
370,921
371,921
285,921
286,921
287,921
898,921
372,921
288,921
289,921
899,921
900,921
555,921
901,921
902,921
556,921
373,921
374,921
290,921
375,921
291,921
570,921
571,921
292,921
376,921
794,921
293,921
903,921
795,921
294,921
390,921
918,922
919,922
920,922
74,923
75,923
76,923
77,923
78,923
467,923
468,923
469,923
470,923
471,923
82,923
83,923
84,923
487,923
85,923
86,923
87,923
88,923
89,923
1388,923
90,923
482,923
483,923
91,923
92,923
484,923
93,923
94,923
95,923
96,923
97,923
98,923
99,923
100,923
101,923
102,923
480,923
472,923
473,923
474,923
481,923
475,923
103,923
104,923
105,923
106,923
107,923
461,923
462,923
463,923
464,923
465,923
466,923
108,923
109,923
110,923
111,923
112,923
485,923
113,923
114,923
115,923
116,923
117,923
118,923
119,923
120,923
121,923
122,923
488,923
457,923
458,923
459,923
460,923
123,923
124,923
125,923
126,923
127,923
128,923
129,923
130,923
131,923
132,923
133,923
1312,924
1313,924
957,924
1314,924
1315,924
1316,924
1317,924
1318,924
1319,924
960,924
961,924
1320,924
1321,924
1323,924
1324,924
1312,925
1313,925
957,925
1314,925
1315,925
1316,925
1317,925
1318,925
1319,925
958,925
959,925
960,925
961,925
1320,925
1321,925
1955,925
1322,925
1323,925
1324,925
1956,925
1325,925
1312,926
1313,926
957,926
1314,926
1315,926
1316,926
1317,926
1318,926
1319,926
960,926
961,926
1320,926
1321,926
1323,926
1324,926
1312,927
1313,927
1315,927
1316,927
1317,927
1318,927
1319,927
959,927
960,927
961,927
1320,927
1321,927
1322,927
1323,927
1324,927
1325,927
1312,928
1313,928
957,928
1314,928
1315,928
1316,928
1317,928
1318,928
1319,928
958,928
959,928
960,928
961,928
1320,928
1321,928
1955,928
1322,928
1323,928
1324,928
1956,928
1325,928
1312,929
1313,929
957,929
1314,929
1315,929
1316,929
1317,929
1318,929
1319,929
960,929
961,929
1320,929
1321,929
1323,929
1324,929
1312,930
1313,930
957,930
1314,930
1315,930
1316,930
1317,930
1318,930
1319,930
960,930
961,930
1320,930
1321,930
1323,930
1324,930
1317,931
1318,931
958,931
959,931
1955,931
1322,931
1956,931
1325,931
85,932
86,932
87,932
88,932
89,932
1388,932
93,932
94,932
95,932
96,932
97,932
98,932
99,932
100,932
101,932
102,932
103,932
104,932
105,932
106,932
107,932
113,932
114,932
115,932
116,932
117,932
123,932
124,932
125,932
126,932
127,932
128,932
129,932
130,932
131,932
132,932
133,932
310,933
313,933
314,933
316,933
319,933
1003,934
1004,934
1005,934
1006,934
999,935
1001,935
1002,935
1003,935
1005,935
1006,935
1476,935
1478,935
1479,935
1007,935
1008,935
274,935
275,935
276,935
277,935
344,936
345,936
348,936
358,936
359,936
361,936
366,936
367,936
368,936
373,936
374,936
376,936
1530,937
1531,937
391,937
392,937
393,937
1532,937
394,937
395,937
1533,937
396,937
397,937
398,937
399,937
400,937
401,937
402,937
910,937
911,937
912,937
403,937
913,937
914,937
404,937
405,937
915,937
406,937
407,937
408,937
409,937
410,937
411,937
412,937
1921,938
1578,938
13,938
8,938
41,938
15,938
1830,939
1831,939
1861,940
1864,940
1947,941
1948,941
1949,941
1896,941
940,941
1401,941
941,941
1402,941
1403,941
160,941
161,941
162,941
943,941
944,941
945,941
164,941
165,941
166,941
167,941
946,941
947,941
948,941
949,941
204,941
210,941
1102,941
1103,941
93,942
94,942
95,942
97,942
1278,942
1667,942
1279,942
1668,942
1669,942
1670,942
1281,942
1671,942
1393,942
1567,942
1340,942
816,942
1673,942
1341,942
1248,942
1616,942
1252,942
1257,942
1378,942
1379,942
1259,942
413,943
414,943
415,943
416,943
633,944
634,944
635,944
636,944
637,944
638,944
1275,944
1276,944
1277,944
453,944
454,944
639,944
455,944
456,944
640,944
641,944
642,944
643,944
832,944
833,944
1789,944
1790,944
1791,944
1952,944
1953,944
836,944
1966,944
837,944
1967,944
1962,944
1931,944
1932,944
1933,944
839,944
840,944
1963,944
1934,944
1968,944
841,944
842,944
1875,944
1969,944
1954,944
820,944
821,944
822,944
823,944
824,944
825,944
826,944
827,944
828,944
829,944
830,944
831,944
300,944
301,944
302,944
303,944
304,944
305,944
1571,944
1970,944
1572,944
1624,944
623,945
625,945
627,945
628,945
630,945
631,945
738,945
739,945
740,945
1701,945
1702,945
1886,945
1064,945
1704,945
1705,945
1887,945
1335,945
520,945
521,945
522,945
523,945
524,945
525,945
65,946
66,946
68,946
69,946
70,946
71,946
72,946
73,946
74,947
75,947
76,947
77,947
78,947
85,947
86,947
87,947
88,947
89,947
1388,947
93,947
94,947
95,947
96,947
97,947
98,947
99,947
100,947
101,947
102,947
103,947
104,947
105,947
106,947
107,947
461,947
462,947
463,947
464,947
465,947
466,947
113,947
114,947
115,947
116,947
117,947
118,947
119,947
120,947
121,947
122,947
488,947
457,947
458,947
459,947
460,947
123,947
124,947
125,947
126,947
127,947
128,947
592,948
593,948
594,948
595,948
592,949
593,949
594,949
595,949
500,950
704,950
764,950
765,950
501,950
502,950
705,950
766,950
767,950
503,950
504,950
776,950
777,950
778,950
505,950
506,950
779,950
780,950
781,950
507,950
782,950
1731,950
783,950
508,950
784,950
1732,950
785,950
509,950
510,950
511,950
1770,951
1771,951
1772,951
1773,951
1774,951
590,952
591,952
449,953
450,953
451,953
452,953
638,953
1275,953
453,953
639,953
455,953
1032,954
1033,954
1034,954
1220,954
1221,954
1222,954
1223,954
1224,954
1225,954
1226,954
1227,954
1228,954
1035,954
1229,954
1230,954
1231,954
1232,954
1233,954
1234,954
1235,954
1236,954
1237,954
1319,955
1320,955
1321,955
1322,955
500,956
704,956
765,956
502,956
705,956
767,956
768,956
984,956
769,956
770,956
771,956
1958,956
1959,956
496,956
772,956
497,956
498,956
774,956
499,956
504,956
776,956
778,956
506,956
779,956
781,956
782,956
783,956
784,956
785,956
510,956
511,956
786,956
787,956
788,956
1655,957
1656,957
1714,957
1660,957
1718,957
1721,957
1661,957
1724,957
1662,957
1663,957
1664,957
1727,957
1665,957
1666,957
1730,957
489,957
90,958
91,958
92,958
90,959
91,959
92,959
735,960
835,960
321,960
1394,960
1395,960
1396,960
1397,960
1398,960
1399,960
790,961
791,961
792,961
793,961
999,962
1000,962
1001,962
1002,962
1003,962
1004,962
1005,962
1006,962
413,962
414,962
415,962
416,962
1476,962
1477,962
1478,962
1479,962
274,962
1344,962
1009,962
1010,962
1011,962
1012,962
1621,963
491,963
1040,963
1041,963
492,963
493,963
1042,963
495,963
592,963
1043,963
1044,963
594,963
1622,963
1045,963
1046,963
1054,963
1047,963
1048,963
1057,963
1049,963
65,964
66,964
67,964
68,964
69,964
70,964
71,964
72,964
73,964
790,965
791,965
792,965
793,965
931,965
932,965
933,965
934,965
813,966
1337,966
1905,966
1683,966
1935,966
1936,966
814,966
843,966
936,967
938,967
939,967
940,967
941,967
186,967
187,967
195,967
530,968
1471,968
1473,968
541,968
728,968
417,968
1547,968
1330,968
533,968
1861,969
1863,969
1864,969
530,969
1538,969
1539,969
1471,969
1327,969
541,969
728,969
1126,969
417,969
418,969
421,969
537,969
727,970
1327,970
728,970
1128,970
532,970
533,970
1537,971
1471,971
1473,971
541,971
417,971
1545,971
1546,971
1547,971
1548,971
1549,971
1328,971
1329,971
1330,971
1331,971
533,971
1332,971
444,971
420,971
1241,971
489,972
310,973
315,973
657,974
1162,974
1163,974
1164,974
1165,974
1166,974
1167,974
1168,974
1169,974
1170,974
1382,974
561,974
1288,974
562,974
1172,974
563,974
1173,974
1174,974
564,974
1289,974
1943,974
1175,974
1176,974
1177,974
1178,974
1179,974
1736,974
916,974
917,974
1180,974
1599,974
951,974
952,974
1383,974
1384,974
1181,974
1600,974
1601,974
1385,974
1182,974
953,974
1183,974
1184,974
1185,974
1386,974
954,974
1186,974
955,974
956,974
1387,974
1187,974
543,975
544,975
545,975
345,975
347,975
565,975
546,975
566,975
348,975
349,975
350,975
351,975
354,975
547,975
548,975
549,975
550,975
359,975
360,975
567,975
568,975
361,975
362,975
551,975
364,975
552,975
553,975
554,975
367,975
569,975
368,975
369,975
371,975
286,975
287,975
289,975
555,975
556,975
374,975
290,975
375,975
291,975
570,975
571,975
292,975
376,975
471,975
79,975
80,975
81,975
486,975
487,975
85,975
86,975
87,975
88,975
89,975
1388,975
90,975
482,975
483,975
91,975
92,975
484,975
93,975
94,975
95,975
96,975
97,975
98,975
99,975
100,975
101,975
102,975
472,975
473,975
474,975
481,975
475,975
103,975
104,975
105,975
106,975
107,975
461,975
462,975
463,975
464,975
465,975
466,975
108,975
110,975
111,975
112,975
485,975
113,975
114,975
115,975
116,975
117,975
476,975
477,975
478,975
479,975
118,975
119,975
120,975
121,975
122,975
488,975
123,975
124,975
125,975
126,975
127,975
128,975
129,975
130,975
131,975
132,975
133,975
1861,975
1863,975
1864,975
805,975
796,975
806,975
797,975
798,975
1068,975
799,975
1069,975
807,975
808,975
809,975
810,975
965,975
800,975
804,975
987,975
801,975
988,975
512,975
513,975
514,975
515,975
966,975
989,975
990,975
991,975
967,975
25,975
26,975
27,975
1070,975
1345,975
1346,975
1347,975
744,975
745,975
1904,975
746,975
747,975
748,975
749,975
750,975
751,975
752,975
753,975
1348,975
754,975
1349,975
755,975
756,975
757,975
758,975
759,975
760,975
761,975
762,975
763,975
1619,975
1066,975
557,975
526,975
558,975
559,975
560,975
1708,975
1597,975
1067,975
278,975
279,975
280,975
644,975
1493,975
1494,975
1495,975
48,975
650,975
651,975
49,975
50,975
51,975
857,975
1503,975
1504,975
1505,975
55,975
56,975
57,975
58,975
858,975
859,975
860,975
654,975
655,975
656,975
59,975
60,975
61,975
657,975
64,975
658,975
659,975
660,975
661,975
866,975
868,975
869,975
872,975
1516,975
1517,975
1518,975
873,975
877,975
664,975
665,975
878,975
879,975
1523,975
1524,975
1529,975
940,975
1401,975
941,975
1086,975
1087,975
1088,975
1089,975
1090,975
1091,975
1423,975
1424,975
1425,975
1426,975
1427,975
1428,975
1429,975
1430,975
1431,975
1432,975
1433,975
1434,975
1092,975
1093,975
1094,975
1095,975
1096,975
1097,975
1104,975
262,975
263,975
264,975
266,975
269,975
1105,975
1106,975
1712,975
1763,975
270,975
320,975
271,975
321,975
272,975
273,975
1713,975
1040,975
1041,975
492,975
493,975
1042,975
1043,975
1044,975
594,975
1045,975
1046,975
998,975
1047,975
1048,975
1049,975
1107,975
597,975
1108,975
1868,975
1923,975
1109,975
598,975
1110,975
1111,975
1112,975
599,975
600,975
601,975
603,975
605,975
1564,975
1114,975
1115,975
1565,975
1139,975
1140,975
1141,975
1143,975
822,975
823,975
409,975
410,975
411,975
412,975
826,975
828,975
829,975
1337,975
843,975
1338,975
817,975
1343,975
819,975
905,975
906,975
907,975
299,975
1568,975
1569,975
1570,975
302,975
303,975
304,975
1571,975
1572,975
1624,975
1582,975
1583,975
1584,975
1587,975
1588,975
307,975
1147,975
308,975
1148,975
309,975
311,975
312,975
315,975
316,975
1149,975
1290,975
1150,975
1291,975
1292,975
1293,975
1151,975
1297,975
670,975
671,975
672,975
673,975
674,975
675,975
676,975
677,975
678,975
679,975
680,975
681,975
682,975
683,975
684,975
685,975
686,975
687,975
688,975
689,975
690,975
691,975
692,975
693,975
1,975
694,975
695,975
696,975
697,975
698,975
699,975
2,975
700,975
701,975
1155,975
1985,975
1780,975
1781,975
1782,975
1156,975
1157,975
1158,975
1159,975
1783,975
1784,975
1785,975
1735,975
1160,975
1161,975
1786,975
1003,975
1004,975
1005,975
1006,975
1476,975
1477,975
1478,975
1479,975
1007,975
1008,975
1013,975
66,975
67,975
68,975
69,975
1877,975
1878,975
706,975
709,975
707,975
710,975
708,975
711,975
1198,975
1201,975
1202,975
1204,975
1376,975
1207,975
1210,975
1211,975
1212,975
251,975
252,975
253,975
1483,975
1484,975
1238,975
1242,975
1243,975
1244,975
1245,975
1246,975
1247,975
1248,975
1249,975
1250,975
1251,975
1614,975
1615,975
1377,975
1616,975
1617,975
1252,975
1253,975
1590,975
1254,975
1255,975
1050,975
1052,975
1053,975
1256,975
1618,975
1257,975
1258,975
1379,975
1259,975
1591,975
1260,975
1592,975
1261,975
1593,975
1262,975
1263,975
1264,975
1265,975
1594,975
1266,975
1595,975
1596,975
590,975
591,975
918,975
919,975
920,975
1752,975
1753,975
623,976
624,976
625,976
627,976
628,976
629,976
630,976
631,976
632,976
644,976
281,976
282,976
1779,976
849,976
648,976
58,976
59,976
60,976
61,976
62,976
63,976
864,976
1523,976
1524,976
1525,976
1650,976
1526,976
1527,976
1528,976
1529,976
806,977
797,977
798,977
1068,977
799,977
295,977
296,977
297,977
298,977
1890,977
32,977
33,977
34,977
1891,977
300,978
301,978
302,978
304,978
305,978
306,978
623,979
624,979
629,979
630,979
1271,979
32,979
1071,979
33,979
1072,979
34,979
572,979
36,979
38,979
39,979
573,979
574,979
575,979
576,979
1076,979
1274,979
1077,979
1884,980
627,980
628,980
631,980
281,981
282,981
46,981
645,981
646,981
647,981
48,981
850,981
851,981
852,981
853,981
854,981
855,981
49,981
50,981
51,981
52,981
53,981
54,981
58,981
59,981
60,981
61,981
62,981
63,981
864,981
658,981
659,981
660,981
661,981
662,981
663,981
865,981
664,981
665,981
666,981
667,981
1522,981
1526,981
1527,981
1528,981
1529,981
904,982
905,982
906,982
907,982
300,982
301,982
302,982
304,982
305,982
306,982
627,983
631,983
1562,984
1404,984
1405,984
1901,984
1902,984
1903,984
17,985
18,985
19,985
20,985
21,985
22,985
23,985
633,985
634,985
635,985
636,985
637,985
295,985
296,985
297,985
516,985
517,985
298,985
518,985
24,985
25,985
26,985
27,985
28,985
449,985
29,985
450,985
30,985
451,985
31,985
452,985
638,985
1275,985
1276,985
1277,985
453,985
454,985
639,985
455,985
456,985
1070,985
640,985
641,985
642,985
643,985
1267,985
1268,985
1269,985
1270,985
1556,986
1018,986
1019,986
1020,986
1028,986
1029,986
1030,986
1031,986
1337,987
843,987
844,987
845,987
846,987
847,987
848,987
813,988
1683,988
1935,988
1136,989
1137,989
1139,989
1140,989
1141,989
1142,989
1143,989
1144,989
1145,989
1146,989
320,990
1139,990
1140,990
1141,990
1136,991
1137,991
1140,991
1142,991
1143,991
1138,992
1142,992
1143,992
1139,993
1140,993
1141,993
1143,993
1139,994
1141,994
1142,994
1143,994
1144,994
1146,994
1138,995
1139,995
1140,995
1141,995
394,996
395,996
1533,996
398,996
399,996
401,996
911,996
913,996
915,996
406,996
407,996
408,996
906,996
907,996
299,996
1568,996
1569,996
303,996
304,996
999,996
1000,996
1001,996
1002,996
1003,996
1004,996
1005,996
1006,996
413,996
414,996
415,996
416,996
1476,996
1477,996
1478,996
1479,996
1007,996
1008,996
274,996
1344,996
275,996
276,996
277,996
1013,996
707,996
708,996
1201,996
1202,996
1204,996
1210,996
1211,996
1212,996
253,996
1238,996
255,996
1243,996
1138,997
1140,997
1142,997
1143,997
1144,997
1145,997
1146,997
1139,998
1140,998
1141,998
1138,999
1140,999
1142,999
1143,999
1144,999
1145,999
1146,999
1140,1000
1142,1000
1540,1001
1485,1001
1486,1001
1124,1001
1543,1001
1764,1002
1765,1002
1766,1002
1686,1002
1687,1002
1688,1002
1767,1002
1768,1002
1689,1002
1690,1002
1769,1002
1691,1002
1692,1002
1693,1002
1694,1002
1770,1002
1695,1002
1696,1002
1771,1002
1772,1002
1773,1002
1774,1002
1697,1002
1775,1002
1776,1002
1777,1002
1778,1002
403,1003
404,1003
405,1003
406,1003
407,1003
408,1003
904,1004
905,1004
906,1004
907,1004
299,1004
300,1004
302,1004
303,1004
304,1004
561,1004
562,1004
563,1004
564,1004
790,1005
791,1005
792,1005
793,1005
1403,1005
790,1006
791,1006
792,1006
793,1006
790,1007
791,1007
792,1007
790,1008
791,1008
792,1008
237,1009
238,1009
239,1009
240,1009
927,1009
928,1009
929,1009
930,1009
225,1009
226,1009
227,1009
241,1009
242,1009
243,1009
228,1009
245,1009
246,1009
247,1009
790,1009
791,1009
792,1009
793,1009
229,1009
735,1009
736,1009
248,1009
249,1009
250,1009
1035,1009
1235,1009
1236,1009
1237,1009
1246,1009
1247,1009
1250,1009
1251,1009
1615,1009
1377,1009
435,1010
436,1010
437,1010
85,1011
86,1011
87,1011
88,1011
89,1011
93,1011
94,1011
95,1011
96,1011
97,1011
98,1011
99,1011
100,1011
101,1011
102,1011
103,1011
104,1011
105,1011
106,1011
107,1011
113,1011
114,1011
115,1011
116,1011
117,1011
118,1011
119,1011
120,1011
121,1011
122,1011
123,1011
124,1011
125,1011
126,1011
127,1011
128,1011
129,1011
130,1011
131,1011
132,1011
133,1011
1036,1012
1037,1012
1038,1012
1039,1012
999,1012
1000,1012
1001,1012
1002,1012
1003,1012
1004,1012
1005,1012
1006,1012
413,1012
414,1012
415,1012
416,1012
1278,1013
1667,1013
1279,1013
1280,1013
1669,1013
1670,1013
1281,1013
1282,1013
1283,1013
1284,1013
1285,1013
1286,1013
1287,1013
1246,1013
1248,1013
1250,1013
1615,1013
1616,1013
1252,1013
1618,1013
1257,1013
1378,1013
1379,1013
1259,1013
1036,1014
1037,1014
1038,1014
1039,1014
263,1014
271,1014
79,1015
80,1015
81,1015
486,1015
82,1015
83,1015
84,1015
487,1015
85,1015
86,1015
87,1015
88,1015
89,1015
1388,1015
90,1015
482,1015
483,1015
91,1015
92,1015
484,1015
93,1015
94,1015
95,1015
96,1015
97,1015
98,1015
99,1015
100,1015
101,1015
102,1015
103,1015
104,1015
105,1015
106,1015
107,1015
108,1015
109,1015
110,1015
111,1015
112,1015
485,1015
113,1015
114,1015
115,1015
116,1015
117,1015
118,1015
119,1015
120,1015
121,1015
122,1015
488,1015
123,1015
124,1015
125,1015
126,1015
127,1015
128,1015
129,1015
130,1015
131,1015
132,1015
133,1015
657,1015
64,1015
1149,1015
1290,1015
1150,1015
1291,1015
1292,1015
1293,1015
1294,1015
1295,1015
1296,1015
1151,1015
1297,1015
670,1015
671,1015
672,1015
673,1015
675,1015
676,1015
677,1015
678,1015
679,1015
681,1015
682,1015
683,1015
684,1015
685,1015
686,1015
688,1015
689,1015
690,1015
691,1015
692,1015
693,1015
694,1015
695,1015
696,1015
697,1015
698,1015
699,1015
700,1015
701,1015
811,1015
1869,1015
1870,1015
1787,1015
1871,1015
1835,1015
812,1015
1872,1015
1873,1015
1788,1015
1874,1015
1836,1015
343,1016
884,1016
544,1016
885,1016
886,1016
545,1016
887,1016
344,1016
345,1016
346,1016
347,1016
565,1016
546,1016
566,1016
348,1016
349,1016
379,1016
380,1016
377,1016
350,1016
381,1016
382,1016
378,1016
351,1016
352,1016
353,1016
354,1016
547,1016
355,1016
356,1016
357,1016
890,1016
891,1016
892,1016
549,1016
893,1016
550,1016
358,1016
359,1016
360,1016
567,1016
568,1016
361,1016
385,1016
386,1016
362,1016
387,1016
388,1016
363,1016
364,1016
365,1016
552,1016
895,1016
896,1016
553,1016
897,1016
554,1016
366,1016
367,1016
569,1016
368,1016
369,1016
370,1016
371,1016
285,1016
286,1016
372,1016
288,1016
289,1016
899,1016
900,1016
555,1016
901,1016
902,1016
556,1016
373,1016
374,1016
290,1016
375,1016
291,1016
570,1016
571,1016
292,1016
376,1016
794,1016
293,1016
795,1016
294,1016
256,1017
257,1017
259,1017
260,1017
261,1017
25,1017
26,1017
744,1017
745,1017
1904,1017
746,1017
747,1017
748,1017
749,1017
751,1017
752,1017
753,1017
754,1017
802,1017
755,1017
757,1017
758,1017
759,1017
760,1017
761,1017
763,1017
803,1017
623,1017
624,1017
625,1017
627,1017
629,1017
630,1017
631,1017
1701,1017
1333,1017
1702,1017
1063,1017
1703,1017
1064,1017
1704,1017
1705,1017
1706,1017
1887,1017
1335,1017
632,1017
644,1017
46,1017
645,1017
646,1017
647,1017
849,1017
48,1017
850,1017
851,1017
852,1017
853,1017
854,1017
855,1017
649,1017
650,1017
651,1017
49,1017
50,1017
51,1017
52,1017
53,1017
54,1017
982,1017
978,1017
1499,1017
1500,1017
1501,1017
1889,1017
985,1017
1502,1017
983,1017
979,1017
980,1017
981,1017
856,1017
857,1017
986,1017
1503,1017
1504,1017
1505,1017
1506,1017
1507,1017
1508,1017
1509,1017
1510,1017
55,1017
56,1017
57,1017
652,1017
653,1017
58,1017
858,1017
859,1017
860,1017
861,1017
862,1017
863,1017
59,1017
60,1017
61,1017
62,1017
63,1017
864,1017
1513,1017
1514,1017
1515,1017
658,1017
659,1017
660,1017
661,1017
662,1017
663,1017
865,1017
866,1017
867,1017
868,1017
869,1017
870,1017
871,1017
872,1017
873,1017
874,1017
875,1017
876,1017
877,1017
878,1017
879,1017
880,1017
1523,1017
1524,1017
1525,1017
1650,1017
1529,1017
1890,1017
32,1017
33,1017
34,1017
572,1017
668,1017
573,1017
574,1017
575,1017
576,1017
832,1017
833,1017
1789,1017
1791,1017
834,1017
836,1017
837,1017
839,1017
840,1017
1963,1017
1934,1017
1968,1017
841,1017
842,1017
1875,1017
1969,1017
1954,1017
262,1017
263,1017
264,1017
265,1017
266,1017
267,1017
268,1017
269,1017
307,1017
308,1017
309,1017
310,1017
311,1017
312,1017
313,1017
314,1017
315,1017
316,1017
317,1017
318,1017
319,1017
137,1017
138,1017
139,1017
1201,1017
1202,1017
1204,1017
1595,1017
1596,1017
590,1017
591,1017
918,1017
1973,1017
919,1017
920,1017
1714,1018
1715,1018
1716,1018
1660,1018
1717,1018
1718,1018
1719,1018
1720,1018
1721,1018
1722,1018
1723,1018
1661,1018
1724,1018
1662,1018
1725,1018
1726,1018
1663,1018
1664,1018
1727,1018
1665,1018
1728,1018
1729,1018
1666,1018
1730,1018
500,1018
703,1018
704,1018
764,1018
765,1018
501,1018
502,1018
705,1018
766,1018
767,1018
503,1018
504,1018
776,1018
777,1018
778,1018
505,1018
506,1018
779,1018
780,1018
781,1018
507,1018
782,1018
1731,1018
783,1018
508,1018
784,1018
1732,1018
785,1018
509,1018
510,1018
511,1018
1655,1019
1656,1019
1657,1019
1658,1019
1659,1019
786,1020
787,1020
788,1020
1793,1021
500,1022
703,1022
704,1022
502,1022
705,1022
782,1023
784,1023
510,1023
511,1023
274,1024
1344,1024
277,1024
829,1025
830,1025
831,1025
1003,1025
1004,1025
1005,1025
1006,1025
1476,1025
1477,1025
1478,1025
1479,1025
274,1025
1344,1025
275,1025
276,1025
277,1025
1257,1025
1258,1025
1378,1025
1379,1025
1259,1025
1876,1025
1591,1025
1260,1025
1793,1026
1655,1027
1656,1027
786,1027
787,1027
788,1027
638,1028
1275,1028
1276,1028
1277,1028
453,1028
454,1028
639,1028
455,1028
456,1028
1890,1028
32,1028
33,1028
34,1028
1891,1028
1892,1028
1272,1028
1074,1028
1075,1028
668,1028
574,1028
575,1028
576,1028
669,1028
1149,1028
1290,1028
1291,1028
1292,1028
1293,1028
1297,1028
690,1028
691,1028
692,1028
693,1028
1,1028
694,1028
695,1028
696,1028
697,1028
698,1028
699,1028
2,1028
700,1028
701,1028
1780,1028
500,1029
765,1029
502,1029
767,1029
504,1029
778,1029
506,1029
781,1029
783,1029
785,1029
510,1029
511,1029
773,1030
498,1030
775,1030
957,1031
1314,1031
1323,1031
1324,1031
1956,1031
1325,1031
1471,1032
1472,1032
1473,1032
728,1032
1545,1032
1546,1032
1548,1032
1549,1032
1328,1032
1329,1032
1331,1032
533,1032
1332,1032
720,1033
721,1033
1122,1033
727,1033
728,1033
1128,1033
439,1033
732,1033
733,1033
734,1033
719,1034
724,1034
1122,1034
727,1034
728,1034
1128,1034
729,1034
730,1034
731,1034
732,1034
733,1034
734,1034
727,1035
728,1035
1128,1035
1328,1035
1329,1035
532,1035
533,1035
580,1035
432,1035
418,1035
424,1035
1326,1035
446,1035
732,1035
733,1035
448,1035
1135,1035
310,1036
313,1036
315,1036
372,1037
288,1037
375,1037
291,1037
957,1038
958,1038
959,1038
961,1038
1321,1038
1955,1038
1322,1038
300,1039
301,1039
305,1039
306,1039
1970,1039
98,1040
99,1040
100,1040
101,1040
102,1040
343,1041
543,1041
883,1041
884,1041
544,1041
885,1041
886,1041
545,1041
887,1041
344,1041
345,1041
346,1041
347,1041
565,1041
546,1041
566,1041
348,1041
349,1041
379,1041
380,1041
377,1041
888,1041
350,1041
381,1041
382,1041
378,1041
383,1041
384,1041
351,1041
352,1041
353,1041
354,1041
547,1041
548,1041
889,1041
355,1041
356,1041
357,1041
890,1041
891,1041
892,1041
549,1041
893,1041
550,1041
358,1041
359,1041
360,1041
567,1041
568,1041
361,1041
385,1041
386,1041
362,1041
894,1041
387,1041
388,1041
389,1041
363,1041
551,1041
364,1041
365,1041
552,1041
895,1041
896,1041
553,1041
897,1041
554,1041
366,1041
367,1041
569,1041
368,1041
369,1041
370,1041
371,1041
285,1041
286,1041
287,1041
898,1041
372,1041
288,1041
289,1041
899,1041
900,1041
555,1041
901,1041
902,1041
556,1041
373,1041
374,1041
290,1041
375,1041
291,1041
570,1041
571,1041
292,1041
376,1041
794,1041
293,1041
903,1041
795,1041
294,1041
390,1041
832,1041
833,1041
834,1041
836,1041
837,1041
839,1041
840,1041
841,1041
842,1041
1109,1041
1111,1041
1112,1041
601,1041
1113,1041
1015,1041
813,1041
1683,1041
1936,1041
999,1041
1000,1041
1001,1041
1002,1041
1003,1041
1004,1041
1005,1041
1006,1041
413,1041
414,1041
415,1041
416,1041
1476,1041
1477,1041
1478,1041
1479,1041
274,1041
1344,1041
1013,1041
135,1041
136,1041
142,1041
143,1041
144,1041
145,1041
1032,1041
1033,1041
1034,1041
1220,1041
1221,1041
1222,1041
1223,1041
1224,1041
1225,1041
1226,1041
1227,1041
1228,1041
1035,1041
1229,1041
1230,1041
1231,1041
1232,1041
1233,1041
1234,1041
1235,1041
1236,1041
1237,1041
252,1041
253,1041
1484,1041
1238,1041
1240,1041
1242,1041
1243,1041
808,1042
810,1042
989,1042
990,1042
967,1042
1106,1042
1712,1042
1763,1042
270,1042
320,1042
321,1042
322,1042
272,1042
273,1042
519,1043
520,1043
521,1043
522,1043
741,1043
523,1043
524,1043
525,1043
742,1043
557,1043
526,1043
558,1043
559,1043
1888,1043
560,1043
1707,1043
1708,1043
1597,1043
1709,1043
1067,1043
519,1044
520,1044
521,1044
522,1044
523,1044
524,1044
525,1044
558,1044
559,1044
1888,1044
560,1044
989,1045
990,1045
991,1045
967,1045
1105,1045
1106,1045
1712,1045
1763,1045
270,1045
320,1045
271,1045
321,1045
322,1045
272,1045
273,1045
519,1046
520,1046
521,1046
522,1046
523,1046
524,1046
525,1046
557,1046
526,1046
558,1046
559,1046
1888,1046
560,1046
1707,1046
1708,1046
1597,1046
1709,1046
1067,1046
1312,1047
1313,1047
1319,1047
962,1047
963,1047
964,1047
1698,1048
823,1048
824,1048
825,1048
827,1048
828,1048
820,1049
821,1049
822,1049
1698,1049
823,1049
824,1049
825,1049
829,1049
830,1049
831,1049
820,1050
821,1050
822,1050
1698,1050
823,1050
824,1050
825,1050
827,1050
828,1050
829,1050
830,1050
831,1050
288,1051
289,1051
291,1051
293,1051
294,1051
299,1051
300,1051
301,1051
302,1051
303,1051
304,1051
305,1051
306,1051
310,1051
311,1051
312,1051
313,1051
316,1051
317,1051
318,1051
319,1051
1173,1052
300,1053
301,1053
302,1053
303,1053
304,1053
305,1053
1970,1053
1624,1053
603,1054
604,1054
605,1054
1315,1055
1316,1055
1319,1055
1323,1055
1324,1055
1238,1055
1242,1055
343,1056
543,1056
883,1056
884,1056
544,1056
885,1056
886,1056
545,1056
887,1056
344,1056
345,1056
346,1056
347,1056
565,1056
546,1056
566,1056
348,1056
349,1056
379,1056
380,1056
377,1056
888,1056
350,1056
381,1056
382,1056
378,1056
383,1056
384,1056
351,1056
352,1056
353,1056
354,1056
547,1056
548,1056
889,1056
355,1056
356,1056
357,1056
890,1056
891,1056
892,1056
549,1056
893,1056
550,1056
358,1056
359,1056
360,1056
567,1056
568,1056
361,1056
385,1056
386,1056
362,1056
894,1056
387,1056
388,1056
389,1056
363,1056
551,1056
364,1056
365,1056
552,1056
895,1056
896,1056
553,1056
897,1056
554,1056
366,1056
367,1056
569,1056
368,1056
369,1056
370,1056
371,1056
285,1056
286,1056
287,1056
898,1056
372,1056
288,1056
289,1056
899,1056
900,1056
555,1056
901,1056
902,1056
556,1056
373,1056
374,1056
290,1056
375,1056
291,1056
570,1056
571,1056
292,1056
376,1056
794,1056
293,1056
903,1056
795,1056
294,1056
390,1056
295,1056
296,1056
297,1056
298,1056
307,1056
308,1056
1148,1056
309,1056
310,1056
311,1056
312,1056
313,1056
316,1056
318,1056
319,1056
1715,1057
1660,1057
1719,1057
1722,1057
1725,1057
1728,1057
1666,1057
1730,1057
789,1058
736,1058
702,1058
64,1058
530,1058
838,1058
1394,1058
1395,1058
74,1059
75,1059
76,1059
77,1059
78,1059
467,1059
468,1059
469,1059
470,1059
471,1059
79,1059
80,1059
81,1059
486,1059
82,1059
83,1059
84,1059
487,1059
85,1059
86,1059
87,1059
88,1059
89,1059
1388,1059
90,1059
482,1059
483,1059
91,1059
92,1059
484,1059
93,1059
94,1059
95,1059
96,1059
97,1059
98,1059
99,1059
100,1059
101,1059
102,1059
480,1059
472,1059
473,1059
474,1059
481,1059
475,1059
103,1059
104,1059
105,1059
106,1059
107,1059
461,1059
462,1059
463,1059
464,1059
465,1059
466,1059
108,1059
109,1059
110,1059
111,1059
112,1059
485,1059
113,1059
114,1059
115,1059
116,1059
117,1059
476,1059
477,1059
478,1059
479,1059
118,1059
119,1059
120,1059
121,1059
122,1059
488,1059
457,1059
458,1059
459,1059
460,1059
123,1059
124,1059
125,1059
126,1059
127,1059
128,1059
129,1059
130,1059
131,1059
132,1059
133,1059
24,1059
25,1059
26,1059
27,1059
1345,1059
1346,1059
1347,1059
744,1059
745,1059
1904,1059
746,1059
747,1059
748,1059
749,1059
750,1059
751,1059
752,1059
753,1059
1348,1059
754,1059
1349,1059
755,1059
756,1059
757,1059
758,1059
759,1059
760,1059
761,1059
762,1059
763,1059
1619,1059
1271,1059
32,1059
1071,1059
33,1059
1072,1059
34,1059
572,1059
1073,1059
36,1059
38,1059
39,1059
1272,1059
1074,1059
1075,1059
573,1059
574,1059
575,1059
576,1059
1076,1059
1274,1059
1077,1059
1078,1059
1079,1059
1080,1059
832,1059
833,1059
1789,1059
1791,1059
834,1059
836,1059
837,1059
1962,1059
1389,1059
1931,1059
1932,1059
838,1059
839,1059
840,1059
1963,1059
841,1059
842,1059
1875,1059
940,1059
1401,1059
941,1059
170,1059
171,1059
175,1059
186,1059
189,1059
195,1059
1102,1059
1103,1059
1621,1059
491,1059
1040,1059
1041,1059
492,1059
493,1059
1042,1059
495,1059
592,1059
1043,1059
1044,1059
594,1059
1622,1059
1045,1059
1046,1059
1054,1059
998,1059
1047,1059
1048,1059
1057,1059
1049,1059
497,1059
499,1059
719,1059
721,1059
1118,1059
1119,1059
723,1059
724,1059
725,1059
726,1059
1120,1059
1121,1059
1541,1059
1124,1059
1544,1059
727,1059
728,1059
1128,1059
1328,1059
1329,1059
532,1059
1330,1059
1331,1059
533,1059
1332,1059
580,1059
432,1059
581,1059
582,1059
583,1059
435,1059
418,1059
584,1059
585,1059
586,1059
437,1059
439,1059
1129,1059
419,1059
420,1059
422,1059
214,1059
216,1059
1018,1059
217,1059
218,1059
220,1059
536,1059
424,1059
1022,1059
425,1059
730,1059
731,1059
732,1059
1132,1059
426,1059
733,1059
1025,1059
427,1059
428,1059
429,1059
540,1059
430,1059
1134,1059
1135,1059
1136,1059
1137,1059
1139,1059
1140,1059
1141,1059
1142,1059
1143,1059
1144,1059
1146,1059
822,1059
823,1059
411,1059
412,1059
826,1059
828,1059
829,1059
307,1059
1147,1059
308,1059
1148,1059
309,1059
313,1059
315,1059
1292,1059
1297,1059
1305,1059
811,1059
1869,1059
1870,1059
1787,1059
3,1059
1871,1059
1835,1059
1786,1059
1171,1059
563,1059
1174,1059
564,1059
962,1059
1175,1059
1176,1059
963,1059
964,1059
1736,1059
916,1059
917,1059
1181,1059
1182,1059
1183,1059
1186,1059
134,1059
135,1059
136,1059
137,1059
138,1059
139,1059
140,1059
141,1059
142,1059
143,1059
708,1059
711,1059
144,1059
145,1059
146,1059
147,1059
1189,1059
1190,1059
1010,1059
1012,1059
1191,1059
1193,1059
1194,1059
1196,1059
1200,1059
149,1059
151,1059
1201,1059
1202,1059
1203,1059
1210,1059
1212,1059
1213,1059
1215,1059
154,1059
155,1059
1217,1059
1219,1059
157,1059
159,1059
1244,1059
1245,1059
1246,1059
1247,1059
1248,1059
1249,1059
1250,1059
1251,1059
1614,1059
1615,1059
1377,1059
1616,1059
1617,1059
1252,1059
1253,1059
1590,1059
1254,1059
1255,1059
1050,1059
1051,1059
1052,1059
1053,1059
1256,1059
1618,1059
1257,1059
1258,1059
1378,1059
1379,1059
1259,1059
1876,1059
1591,1059
1260,1059
1592,1059
1261,1059
1593,1059
1262,1059
1263,1059
1264,1059
1265,1059
1602,1059
1594,1059
1266,1059
1699,1060
1700,1060
1066,1060
1315,1061
1316,1061
1956,1061
1325,1061
1220,1061
1221,1061
1222,1061
1315,1062
1316,1062
1319,1062
1764,1063
1765,1063
1766,1063
1686,1063
1687,1063
1688,1063
1767,1063
1768,1063
1689,1063
1690,1063
1769,1063
1691,1063
1692,1063
1693,1063
1694,1063
1770,1063
1771,1063
1772,1063
1773,1063
1774,1063
1775,1063
1776,1063
1777,1063
1778,1063
1220,1064
1221,1064
1222,1064
326,1065
1810,1065
1815,1065
1714,1066
1715,1066
1717,1066
1718,1066
1719,1066
1721,1066
1722,1066
1662,1066
1725,1066
1665,1066
1728,1066
500,1066
704,1066
764,1066
765,1066
501,1066
502,1066
705,1066
766,1066
767,1066
503,1066
504,1066
777,1066
505,1066
506,1066
780,1066
507,1066
782,1066
1731,1066
508,1066
784,1066
1732,1066
509,1066
510,1066
511,1066
1316,1066
1956,1066
1325,1066
1220,1066
1221,1066
1222,1066
252,1066
253,1066
1483,1066
254,1066
1484,1066
1243,1066
326,1067
1810,1067
1815,1067
326,1068
1810,1068
1815,1068
326,1069
1810,1069
1815,1069
1220,1069
1221,1069
1222,1069
253,1070
1483,1070
1238,1070
1243,1070
1697,1071
1775,1071
1776,1071
1777,1071
1778,1071
1395,1072
1397,1072
1399,1072
1394,1073
1395,1073
283,1073
284,1073
1396,1073
1397,1073
1398,1073
1399,1073
1647,1073
1867,1074
1107,1074
921,1074
922,1074
596,1074
597,1074
1108,1074
1868,1074
1923,1074
1109,1074
1924,1074
598,1074
1110,1074
1111,1074
1112,1074
1113,1074
1564,1074
1114,1074
1929,1074
1115,1074
1565,1074
1116,1074
1015,1074
607,1074
1566,1074
1117,1074
1032,1074
1033,1074
1034,1074
1220,1074
1221,1074
1222,1074
1223,1074
1224,1074
1225,1074
1226,1074
1227,1074
1228,1074
1035,1074
1229,1074
1230,1074
1231,1074
1232,1074
1233,1074
1234,1074
1235,1074
1236,1074
1237,1074
1100,1075
1101,1075
1711,1075
1394,1076
1395,1076
1396,1076
1397,1076
1398,1076
1399,1076
1394,1077
1395,1077
283,1077
284,1077
1396,1077
1397,1077
1398,1077
1399,1077
1647,1077
1394,1078
1395,1078
284,1078
1396,1078
1397,1078
1398,1078
1399,1078
1647,1078
1394,1079
1395,1079
283,1079
284,1079
1396,1079
1397,1079
1398,1079
1399,1079
1647,1079
1917,1080
1621,1080
490,1080
491,1080
1040,1080
1041,1080
492,1080
493,1080
1042,1080
494,1080
495,1080
592,1080
593,1080
1043,1080
1044,1080
594,1080
595,1080
1622,1080
1918,1080
1045,1080
1046,1080
1930,1080
1054,1080
1055,1080
1056,1080
998,1080
1047,1080
1048,1080
1057,1080
1049,1080
1058,1080
1926,1081
1978,1081
1979,1081
1980,1081
1981,1081
5,1081
6,1081
449,1082
450,1082
451,1082
452,1082
638,1082
1275,1082
453,1082
639,1082
455,1082
1267,1082
1268,1082
1269,1082
1270,1082
305,1083
306,1083
1970,1083
1624,1083
692,1084
698,1084
1870,1084
1873,1084
453,1085
454,1085
455,1085
456,1085
449,1086
450,1086
451,1086
452,1086
1986,1087
1987,1087
1860,1088
1863,1088
18,1089
20,1089
23,1089
449,1089
450,1089
451,1089
452,1089
1860,1090
1863,1090
12,1090
1986,1090
1987,1090
1988,1090
449,1091
450,1091
451,1091
452,1091
603,1092
604,1092
605,1092
1514,1093
1515,1093
244,1094
245,1094
246,1094
247,1094
1278,1095
1279,1095
1668,1095
1670,1095
1673,1095
1342,1095
1678,1095
113,1096
114,1096
115,1096
116,1096
117,1096
281,1097
282,1097
648,1097
55,1097
56,1097
57,1097
652,1097
653,1097
657,1097
590,1098
591,1098
1573,1099
1578,1099
1853,1099
1580,1099
691,1100
697,1100
1869,1100
1872,1100
813,1101
1905,1101
1935,1101
814,1101
843,1101
1906,1101
844,1101
845,1101
1390,1101
846,1101
847,1101
848,1101
1907,1101
1908,1101
1734,1101
1282,1101
1283,1101
1284,1101
1285,1101
1286,1101
1287,1101
1667,1102
1280,1102
1669,1102
1281,1102
813,1102
1905,1102
1936,1102
1341,1102
1734,1102
1280,1103
1337,1103
1906,1103
844,1103
845,1103
1390,1103
846,1103
847,1103
848,1103
1907,1103
1908,1103
815,1103
818,1103
1341,1103
819,1103
1733,1103
1280,1104
813,1104
1683,1104
843,1104
1906,1104
844,1104
845,1104
1390,1104
846,1104
847,1104
848,1104
1907,1104
1908,1104
817,1104
1343,1104
1338,1105
1391,1105
1938,1105
1337,1106
1905,1106
1391,1106
1339,1106
1937,1106
1392,1106
1393,1106
1567,1106
1938,1106
1621,1107
491,1107
1041,1107
492,1107
493,1107
495,1107
592,1107
594,1107
1622,1107
1046,1107
1054,1107
1057,1107
1049,1107
1107,1107
597,1107
1108,1107
1868,1107
1923,1107
598,1107
599,1107
600,1107
603,1107
674,1108
680,1108
687,1108
1,1108
2,1108
3,1108
4,1108
1,1109
2,1109
3,1109
4,1109
377,1110
378,1110
288,1110
289,1110
291,1110
293,1110
294,1110
305,1110
306,1110
1970,1110
1624,1110
310,1110
311,1110
313,1110
314,1110
315,1110
316,1110
317,1110
318,1110
319,1110
237,1111
238,1111
239,1111
240,1111
923,1111
924,1111
925,1111
926,1111
927,1111
928,1111
929,1111
930,1111
242,1111
243,1111
228,1111
229,1111
230,1111
231,1111
232,1111
931,1111
932,1111
933,1111
934,1111
736,1111
249,1111
250,1111
1941,1112
1944,1112
1945,1112
343,1113
544,1113
886,1113
545,1113
887,1113
346,1113
347,1113
546,1113
566,1113
349,1113
379,1113
380,1113
377,1113
350,1113
351,1113
352,1113
353,1113
354,1113
547,1113
355,1113
356,1113
357,1113
892,1113
549,1113
893,1113
550,1113
360,1113
568,1113
385,1113
386,1113
362,1113
363,1113
364,1113
365,1113
552,1113
896,1113
553,1113
897,1113
554,1113
569,1113
369,1113
370,1113
371,1113
307,1113
308,1113
1148,1113
309,1113
311,1113
316,1113
623,1114
624,1114
625,1114
626,1114
627,1114
629,1114
630,1114
632,1114
1066,1114
1496,1114
544,1115
546,1115
349,1115
351,1115
547,1115
550,1115
362,1115
625,1116
626,1116
627,1116
631,1116
1496,1116
638,1117
453,1117
639,1117
573,1117
574,1117
575,1117
576,1117
1149,1117
1291,1117
1292,1117
1293,1117
1151,1117
1297,1117
671,1117
672,1117
673,1117
674,1117
675,1117
676,1117
678,1117
679,1117
680,1117
681,1117
682,1117
683,1117
684,1117
685,1117
686,1117
687,1117
688,1117
689,1117
690,1117
691,1117
692,1117
693,1117
1,1117
694,1117
695,1117
696,1117
697,1117
698,1117
699,1117
2,1117
700,1117
701,1117
811,1117
1869,1117
1870,1117
1787,1117
3,1117
1871,1117
1835,1117
805,1118
806,1118
797,1118
1068,1118
295,1118
296,1118
516,1118
298,1118
518,1118
573,1119
575,1119
576,1119
623,1120
624,1120
629,1120
630,1120
738,1120
739,1120
740,1120
1333,1120
1702,1120
1063,1120
1703,1120
1705,1120
1706,1120
632,1120
1066,1120
1555,1121
592,1122
593,1122
594,1122
595,1122
592,1123
593,1123
594,1123
595,1123
274,1124
1344,1124
275,1124
276,1124
277,1124
1013,1124
242,1125
243,1125
228,1125
229,1125
230,1125
231,1125
232,1125
735,1125
1032,1125
1033,1125
1034,1125
1220,1125
1221,1125
1222,1125
1223,1125
1224,1125
1225,1125
1226,1125
1227,1125
1228,1125
1035,1125
1229,1125
1230,1125
1231,1125
1232,1125
1233,1125
1234,1125
1235,1125
1236,1125
1237,1125
500,1126
703,1126
704,1126
764,1126
765,1126
501,1126
502,1126
705,1126
766,1126
767,1126
503,1126
768,1126
984,1126
769,1126
770,1126
771,1126
496,1126
772,1126
497,1126
773,1126
498,1126
774,1126
499,1126
775,1126
504,1126
776,1126
777,1126
778,1126
505,1126
506,1126
779,1126
780,1126
781,1126
507,1126
782,1126
1731,1126
783,1126
508,1126
784,1126
1732,1126
785,1126
509,1126
510,1126
511,1126
786,1126
787,1126
788,1126
1136,1127
1137,1127
1140,1127
1141,1127
1142,1127
1144,1127
1146,1127
906,1127
299,1127
1568,1127
1569,1127
1570,1127
970,1127
303,1127
972,1127
973,1127
974,1127
976,1127
977,1127
1571,1127
1572,1127
74,1128
75,1128
78,1128
469,1128
471,1128
79,1128
81,1128
486,1128
82,1128
84,1128
487,1128
87,1128
88,1128
1388,1128
482,1128
483,1128
484,1128
95,1128
96,1128
100,1128
101,1128
472,1128
473,1128
474,1128
475,1128
103,1128
106,1128
461,1128
462,1128
466,1128
108,1128
110,1128
485,1128
113,1128
116,1128
476,1128
477,1128
479,1128
120,1128
121,1128
488,1128
458,1128
459,1128
123,1128
124,1128
129,1128
131,1128
635,1128
636,1128
295,1128
296,1128
516,1128
298,1128
518,1128
29,1128
450,1128
30,1128
31,1128
638,1128
1277,1128
453,1128
639,1128
1070,1128
641,1128
643,1128
1271,1128
32,1128
1071,1128
33,1128
1072,1128
34,1128
572,1128
36,1128
38,1128
39,1128
1272,1128
1074,1128
1075,1128
573,1128
574,1128
575,1128
576,1128
1076,1128
1274,1128
1077,1128
1078,1128
1079,1128
1080,1128
719,1128
721,1128
1118,1128
1119,1128
723,1128
724,1128
726,1128
1120,1128
1121,1128
1541,1128
1124,1128
1544,1128
727,1128
728,1128
532,1128
533,1128
581,1128
582,1128
583,1128
435,1128
418,1128
584,1128
585,1128
586,1128
437,1128
439,1128
1129,1128
419,1128
420,1128
422,1128
214,1128
216,1128
1018,1128
1020,1128
218,1128
220,1128
536,1128
424,1128
1022,1128
425,1128
730,1128
731,1128
732,1128
1132,1128
426,1128
733,1128
1025,1128
427,1128
428,1128
429,1128
540,1128
430,1128
1134,1128
1167,1128
1168,1128
1171,1128
563,1128
1174,1128
564,1128
962,1128
1175,1128
1176,1128
963,1128
964,1128
1181,1128
1182,1128
1183,1128
1186,1128
1187,1128
66,1128
67,1128
68,1128
69,1128
71,1128
73,1128
323,1128
328,1128
1737,1128
333,1128
1738,1128
1739,1128
1740,1128
1741,1128
1742,1128
1743,1128
1744,1128
1745,1128
1746,1128
1747,1128
1748,1128
1749,1128
1750,1128
1751,1128
137,1128
138,1128
139,1128
142,1128
143,1128
708,1128
711,1128
1191,1128
1193,1128
1200,1128
149,1128
151,1128
1201,1128
1202,1128
1203,1128
154,1128
155,1128
1217,1128
1219,1128
157,1128
159,1128
1032,1128
1033,1128
1220,1128
1221,1128
1223,1128
1224,1128
1226,1128
1227,1128
1229,1128
1230,1128
1232,1128
1233,1128
1235,1128
1236,1128
1244,1128
1245,1128
1246,1128
1247,1128
1248,1128
1249,1128
1250,1128
1251,1128
1252,1128
1253,1128
1254,1128
1255,1128
1050,1128
1053,1128
1256,1128
1257,1128
1258,1128
1259,1128
1260,1128
1261,1128
1262,1128
1263,1128
1264,1128
1265,1128
1266,1128
1152,1129
1153,1129
1306,1129
1154,1129
1299,1129
1304,1129
671,1129
672,1129
673,1129
674,1129
675,1129
676,1129
678,1129
679,1129
680,1129
681,1129
682,1129
683,1129
684,1129
685,1129
686,1129
687,1129
688,1129
689,1129
690,1129
691,1129
692,1129
693,1129
1,1129
694,1129
695,1129
696,1129
697,1129
698,1129
699,1129
2,1129
700,1129
701,1129
1155,1129
1780,1129
1156,1129
1157,1129
1158,1129
1159,1129
1784,1129
1735,1129
1160,1129
1161,1129
415,1130
416,1130
796,1131
797,1131
798,1131
800,1131
804,1131
801,1131
807,1132
808,1132
809,1132
810,1132
750,1132
1348,1132
1349,1132
756,1132
762,1132
1619,1132
307,1132
308,1132
1148,1132
313,1132
317,1132
372,1133
288,1133
289,1133
556,1133
375,1133
291,1133
292,1133
794,1133
293,1133
795,1133
294,1133
295,1133
296,1133
297,1133
298,1133
748,1133
749,1133
754,1133
802,1133
755,1133
760,1133
761,1133
262,1133
263,1133
264,1133
265,1133
266,1133
268,1133
269,1133
1106,1133
1712,1133
1763,1133
307,1133
308,1133
1148,1133
310,1133
311,1133
313,1133
314,1133
315,1133
316,1133
317,1133
318,1133
319,1133
796,1134
797,1134
798,1134
800,1134
804,1134
801,1134
295,1134
296,1134
298,1134
310,1135
311,1135
312,1135
313,1135
315,1135
316,1135
317,1135
318,1135
968,1136
969,1136
970,1136
302,1136
303,1136
971,1136
972,1136
973,1136
304,1136
974,1136
975,1136
976,1136
977,1136
301,1137
305,1137
306,1137
904,1138
905,1138
906,1138
907,1138
302,1138
304,1138
43,1138
44,1138
45,1138
904,1139
905,1139
906,1139
907,1139
299,1139
300,1139
968,1139
301,1139
302,1139
303,1139
971,1139
972,1139
304,1139
974,1139
975,1139
976,1139
977,1139
300,1140
301,1140
302,1140
304,1140
305,1140
306,1140
904,1141
905,1141
907,1141
300,1141
301,1141
302,1141
304,1141
44,1141
45,1141
1169,1142
1382,1142
1480,1143
1589,1143
1482,1143
1481,1144
1380,1144
1381,1144
1169,1145
1382,1145
916,1145
917,1145
962,1146
963,1146
964,1146
1736,1146
916,1146
917,1146
1736,1147
916,1147
917,1147
962,1148
963,1148
964,1148
1736,1148
916,1148
917,1148
1736,1149
916,1149
917,1149
1736,1150
916,1150
917,1150
1736,1151
916,1151
917,1151
1062,1152
1334,1152
1065,1152
1139,1153
1140,1153
1141,1153
1000,1153
1002,1153
1004,1153
1006,1153
1344,1153
1013,1153
1556,1154
1575,1154
1576,1154
1578,1154
1579,1154
1857,1154
1582,1154
1584,1154
1585,1154
1029,1154
1588,1154
1858,1154
1030,1154
1031,1154
1556,1155
1027,1155
1028,1155
1029,1155
222,1155
1030,1155
1031,1155
223,1155
224,1155
992,1156
993,1156
994,1156
995,1156
160,1157
161,1157
1408,1157
1409,1157
1410,1157
1411,1157
1412,1157
1413,1157
1414,1157
1086,1157
1087,1157
1088,1157
1089,1157
1090,1157
1091,1157
163,1157
1416,1157
1417,1157
1418,1157
1419,1157
1420,1157
1421,1157
1422,1157
1423,1157
1424,1157
1425,1157
1426,1157
1427,1157
1428,1157
1429,1157
1430,1157
1431,1157
1432,1157
1433,1157
1434,1157
1435,1157
1436,1157
1437,1157
1438,1157
1439,1157
1440,1157
1441,1157
1442,1157
1443,1157
1444,1157
1445,1157
1446,1157
1447,1157
1092,1157
1093,1157
1094,1157
1095,1157
1096,1157
1097,1157
168,1157
169,1157
170,1157
171,1157
175,1157
1460,1157
180,1157
185,1157
186,1157
187,1157
189,1157
1462,1157
193,1157
195,1157
1534,1157
1535,1157
1536,1157
205,1157
206,1157
1014,1157
1016,1157
1017,1157
606,1157
999,1157
1000,1157
1001,1157
1002,1157
413,1157
414,1157
415,1157
416,1157
1167,1157
1168,1157
951,1157
952,1157
953,1157
954,1157
955,1157
956,1157
1590,1157
1254,1157
1255,1157
1050,1157
1051,1157
1052,1157
1053,1157
1256,1157
1265,1157
1602,1157
1594,1157
1266,1157
257,1158
260,1158
261,1158
79,1158
80,1158
81,1158
480,1158
472,1158
473,1158
474,1158
481,1158
476,1158
477,1158
478,1158
394,1158
910,1158
911,1158
912,1158
913,1158
914,1158
915,1158
572,1158
1073,1158
36,1158
38,1158
39,1158
1273,1158
1076,1158
1274,1158
1077,1158
1078,1158
1561,1158
1079,1158
1080,1158
832,1158
833,1158
834,1158
837,1158
1389,1158
840,1158
842,1158
1036,1158
1037,1158
1038,1158
1039,1158
1565,1158
1014,1158
1116,1158
1015,1158
1016,1158
1017,1158
606,1158
1566,1158
1117,1158
577,1158
578,1158
579,1158
581,1158
582,1158
583,1158
584,1158
585,1158
586,1158
587,1158
588,1158
589,1158
1130,1158
1018,1158
1019,1158
1020,1158
220,1158
221,1158
1024,1158
1132,1158
1025,1158
1133,1158
1134,1158
1026,1158
1138,1158
1139,1158
1140,1158
1141,1158
1144,1158
1145,1158
1146,1158
813,1158
1337,1158
1905,1158
1683,1158
1935,1158
814,1158
843,1158
1906,1158
844,1158
845,1158
1390,1158
846,1158
847,1158
1907,1158
1908,1158
1338,1158
1391,1158
1339,1158
1937,1158
1392,1158
1393,1158
1567,1158
1938,1158
816,1158
906,1158
907,1158
299,1158
1568,1158
1569,1158
1570,1158
969,1158
970,1158
303,1158
973,1158
304,1158
1571,1158
1572,1158
1855,1158
1487,1158
1029,1158
1586,1158
1030,1158
1031,1158
999,1158
1000,1158
1001,1158
1002,1158
1003,1158
1004,1158
1005,1158
1006,1158
413,1158
414,1158
415,1158
416,1158
1476,1158
1477,1158
1478,1158
1479,1158
1007,1158
1344,1158
1162,1158
1163,1158
1164,1158
1165,1158
1166,1158
1167,1158
1168,1158
1170,1158
1176,1158
1177,1158
1180,1158
1599,1158
951,1158
952,1158
1181,1158
1600,1158
1601,1158
1385,1158
953,1158
1183,1158
954,1158
1186,1158
955,1158
956,1158
706,1158
709,1158
707,1158
710,1158
708,1158
711,1158
1009,1158
1188,1158
1189,1158
1190,1158
1010,1158
1011,1158
1012,1158
1191,1158
1192,1158
1193,1158
1194,1158
1195,1158
1196,1158
1197,1158
148,1158
1198,1158
1199,1158
1200,1158
150,1158
151,1158
1202,1158
1204,1158
1205,1158
1206,1158
1207,1158
1208,1158
1209,1158
1211,1158
1212,1158
152,1158
153,1158
1214,1158
1215,1158
155,1158
1216,1158
156,1158
1218,1158
1219,1158
158,1158
159,1158
252,1158
253,1158
1483,1158
1484,1158
1238,1158
1239,1158
255,1158
1241,1158
1242,1158
1243,1158
1590,1158
1254,1158
1255,1158
1050,1158
1051,1158
1052,1158
1053,1158
1256,1158
1592,1158
1261,1158
1593,1158
1262,1158
1263,1158
1264,1158
789,1159
1400,1159
1491,1159
937,1159
938,1159
939,1159
942,1159
162,1159
1408,1159
1409,1159
1410,1159
1411,1159
1412,1159
1413,1159
1414,1159
163,1159
943,1159
944,1159
945,1159
164,1159
165,1159
166,1159
1416,1159
1417,1159
1418,1159
1419,1159
1420,1159
1421,1159
1422,1159
1423,1159
1424,1159
1425,1159
1426,1159
1427,1159
1428,1159
1429,1159
1430,1159
1431,1159
1432,1159
1433,1159
1434,1159
1435,1159
1436,1159
1437,1159
1438,1159
1439,1159
1440,1159
1441,1159
1442,1159
1443,1159
1444,1159
1445,1159
1446,1159
1447,1159
1092,1159
1093,1159
1094,1159
1095,1159
1096,1159
1097,1159
946,1159
947,1159
948,1159
949,1159
168,1159
169,1159
950,1159
173,1159
1459,1159
176,1159
177,1159
1460,1159
178,1159
179,1159
1462,1159
190,1159
191,1159
196,1159
197,1159
198,1159
199,1159
200,1159
201,1159
206,1159
212,1159
992,1159
993,1159
994,1159
995,1159
996,1159
997,1159
620,1160
621,1160
622,1160
1534,1160
1535,1160
1536,1160
1246,1160
1247,1160
1249,1160
1250,1160
1251,1160
1615,1160
1377,1160
1617,1160
1253,1160
1592,1160
1261,1160
1593,1160
1262,1160
1263,1160
1264,1160
1598,1161
160,1161
161,1161
1914,1161
1415,1161
1915,1161
1916,1161
1448,1161
172,1161
173,1161
205,1161
206,1161
211,1161
212,1161
395,1162
1113,1162
1115,1162
1565,1162
1014,1162
1016,1162
1017,1162
606,1162
1018,1162
1019,1162
1020,1162
999,1162
1000,1162
1001,1162
1002,1162
1003,1162
1004,1162
1005,1162
1006,1162
413,1162
414,1162
415,1162
416,1162
1476,1162
1477,1162
1478,1162
1479,1162
1007,1162
1344,1162
1014,1163
1016,1163
1017,1163
606,1163
1018,1163
1019,1163
1020,1163
1003,1163
1004,1163
1005,1163
1006,1163
413,1163
414,1163
415,1163
416,1163
1007,1163
1008,1163
1009,1163
1010,1163
1011,1163
1012,1163
1032,1163
1033,1163
1034,1163
1238,1163
1239,1163
1240,1163
1050,1163
1051,1163
1052,1163
1053,1163
1238,1164
1239,1164
1240,1164
1036,1165
1037,1165
1038,1165
1039,1165
1014,1165
1016,1165
1017,1165
606,1165
1018,1165
1019,1165
1020,1165
413,1165
414,1165
415,1165
416,1165
1009,1165
1010,1165
1011,1165
1012,1165
1032,1165
1033,1165
1034,1165
986,1166
1503,1166
1504,1166
1505,1166
69,1167
1877,1167
1878,1167
1018,1168
1019,1168
1020,1168
413,1168
414,1168
415,1168
416,1168
986,1169
1503,1169
1504,1169
1018,1170
1019,1170
1020,1170
1575,1170
1576,1170
1579,1170
1028,1170
1029,1170
1030,1170
1031,1170
986,1171
1503,1171
1504,1171
1112,1172
1015,1172
413,1173
414,1173
415,1173
416,1173
528,1174
1879,1174
1880,1174
1881,1174
843,1175
1906,1175
844,1175
845,1175
1390,1175
846,1175
847,1175
1794,1176
1673,1176
1795,1176
1678,1176
1679,1176
1734,1176
300,1177
968,1177
969,1177
970,1177
302,1177
971,1177
973,1177
304,1177
974,1177
372,1178
288,1178
375,1178
291,1178
794,1178
293,1178
795,1178
294,1178
310,1178
311,1178
313,1178
314,1178
316,1178
317,1178
318,1178
319,1178
1906,1179
844,1179
845,1179
1390,1179
846,1179
847,1179
848,1179
1907,1179
1908,1179
1340,1179
1341,1179
750,1180
751,1180
756,1180
757,1180
762,1180
17,1181
19,1181
21,1181
22,1181
29,1181
30,1181
31,1181
391,1181
393,1181
1533,1181
398,1181
399,1181
401,1181
406,1181
407,1181
408,1181
409,1181
410,1181
411,1181
412,1181
1892,1182
1272,1182
1074,1182
1075,1182
800,1183
804,1183
987,1183
801,1183
988,1183
295,1184
516,1184
517,1184
518,1184
1062,1184
1065,1184
521,1184
522,1184
741,1184
523,1184
525,1184
742,1184
557,1184
526,1184
558,1184
559,1184
560,1184
1707,1184
1708,1184
1597,1184
1709,1184
1067,1184
278,1184
279,1184
280,1184
343,1185
884,1185
885,1185
886,1185
887,1185
344,1185
346,1185
347,1185
565,1185
566,1185
348,1185
349,1185
379,1185
380,1185
377,1185
381,1185
382,1185
378,1185
383,1185
384,1185
351,1185
352,1185
353,1185
355,1185
356,1185
357,1185
890,1185
891,1185
892,1185
893,1185
358,1185
360,1185
567,1185
568,1185
361,1185
385,1185
386,1185
362,1185
387,1185
388,1185
389,1185
363,1185
364,1185
365,1185
895,1185
896,1185
897,1185
366,1185
569,1185
368,1185
369,1185
370,1185
285,1185
372,1185
288,1185
899,1185
900,1185
901,1185
902,1185
373,1185
290,1185
375,1185
291,1185
570,1185
571,1185
376,1185
794,1185
293,1185
795,1185
294,1185
390,1185
1267,1186
1268,1186
1269,1186
1270,1186
743,1187
935,1187
1490,1187
592,1188
593,1188
595,1188
1271,1189
32,1189
1071,1189
33,1189
1072,1189
34,1189
572,1189
36,1189
38,1189
39,1189
573,1189
574,1189
575,1189
576,1189
1076,1189
1274,1189
1077,1189
1884,1190
627,1190
628,1190
631,1190
644,1190
646,1190
52,1190
53,1190
54,1190
62,1190
63,1190
864,1190
662,1190
663,1190
865,1190
666,1190
667,1190
1522,1190
1528,1190
644,1191
645,1191
647,1191
1496,1191
48,1191
49,1191
50,1191
51,1191
58,1191
59,1191
60,1191
61,1191
658,1191
659,1191
660,1191
661,1191
664,1191
665,1191
1526,1191
1527,1191
1529,1191
623,1192
624,1192
625,1192
629,1192
630,1192
623,1193
624,1193
625,1193
629,1193
630,1193
1971,1194
1972,1194
528,1194
1879,1194
1880,1194
1881,1194
1971,1195
1972,1195
528,1195
1879,1195
1880,1195
1881,1195
222,1196
223,1196
224,1196
1861,1197
1864,1197
1830,1197
1831,1197
1879,1197
1880,1197
1881,1197
1859,1197
1832,1197
1922,1197
1573,1198
1574,1198
1989,1198
1975,1198
1976,1198
1575,1198
1577,1198
1578,1198
1579,1198
1580,1198
1990,1198
1991,1198
1977,1198
1992,1198
1993,1198
1912,1198
1913,1198
1018,1199
1019,1199
1020,1199
413,1199
414,1199
415,1199
416,1199
1009,1199
1011,1199
1012,1199
71,1200
72,1200
73,1200
1014,1201
1016,1201
1017,1201
606,1201
1018,1201
1019,1201
1020,1201
413,1201
414,1201
415,1201
416,1201
1009,1201
1010,1201
1011,1201
1012,1201
1032,1201
1033,1201
1034,1201
489,1202
496,1203
497,1203
498,1203
499,1203
1655,1204
1656,1204
1714,1204
1660,1204
1717,1204
1718,1204
1721,1204
1661,1204
1724,1204
1662,1204
1663,1204
1664,1204
1727,1204
1665,1204
1666,1204
1730,1204
496,1205
497,1205
498,1205
499,1205
496,1206
772,1206
497,1206
773,1206
498,1206
774,1206
499,1206
775,1206
1198,1207
1201,1207
1202,1207
1204,1207
149,1208
1216,1208
156,1208
1217,1208
1218,1208
1219,1208
157,1208
158,1208
159,1208
340,1209
341,1209
1685,1209
342,1209
829,1210
830,1210
1476,1210
1477,1210
1478,1210
1479,1210
137,1210
138,1210
1476,1211
1477,1211
1478,1211
1479,1211
1007,1211
1008,1211
137,1211
138,1211
1254,1212
1255,1212
1256,1212
940,1213
1401,1213
941,1213
312,1214
313,1214
317,1214
318,1214
313,1215
317,1215
318,1215
372,1216
288,1216
289,1216
375,1216
291,1216
310,1216
313,1216
315,1216
317,1216
318,1216
48,1217
850,1217
851,1217
852,1217
853,1217
854,1217
855,1217
58,1217
858,1217
859,1217
860,1217
861,1217
862,1217
863,1217
750,1218
751,1218
756,1218
757,1218
762,1218
763,1218
310,1218
313,1218
317,1218
318,1218
409,1219
411,1219
1003,1220
1004,1220
1005,1220
1006,1220
413,1220
414,1220
415,1220
416,1220
1288,1221
1173,1221
1289,1221
1288,1222
48,1223
49,1223
50,1223
51,1223
52,1223
53,1223
54,1223
1655,1224
1656,1224
1660,1224
1661,1224
1724,1224
1662,1224
1663,1224
1664,1224
1727,1224
1665,1224
1666,1224
1730,1224
1350,1225
1351,1225
1352,1225
1845,1225
1846,1225
1847,1225
1099,1225
1848,1225
1849,1225
1850,1225
1102,1225
1103,1225
11,1226
12,1226
691,1227
697,1227
1869,1227
1872,1227
1861,1228
1864,1228
1861,1229
1864,1229
380,1230
382,1230
1530,1231
1531,1231
396,1231
397,1231
398,1231
399,1231
400,1231
402,1231
910,1231
912,1231
403,1231
914,1231
404,1231
405,1231
1851,1231
1852,1231
1854,1231
1926,1231
1978,1231
1979,1231
1980,1231
1981,1231
578,1232
583,1232
585,1232
588,1232
160,1233
161,1233
942,1233
162,1233
164,1233
165,1233
166,1233
167,1233
946,1233
947,1233
948,1233
949,1233
950,1233
1645,1233
1652,1233
1646,1233
1653,1233
1654,1233
172,1233
1608,1233
1609,1233
1610,1233
1611,1233
1612,1233
1613,1233
197,1233
198,1233
199,1233
202,1233
203,1233
205,1233
207,1233
208,1233
209,1233
211,1233
213,1233
1102,1233
1103,1233
18,1234
20,1234
23,1234
449,1234
450,1234
451,1234
452,1234
904,1235
905,1235
906,1235
907,1235
299,1235
300,1235
968,1235
302,1235
303,1235
971,1235
972,1235
304,1235
974,1235
975,1235
976,1235
977,1235
43,1235
44,1235
45,1235
1676,1236
1677,1236
1674,1237
1675,1237
1676,1238
1677,1238
1674,1239
1675,1239
1394,1240
1395,1240
283,1240
284,1240
1396,1240
1397,1240
1398,1240
1399,1240
1647,1240
1537,1241
1471,1241
1472,1241
1473,1241
1125,1241
1327,1241
541,1241
728,1241
1126,1241
1127,1241
417,1241
1547,1241
1549,1241
1330,1241
1332,1241
527,1241
528,1241
529,1241
530,1242
1471,1242
1472,1242
1473,1242
1125,1242
1327,1242
541,1242
1126,1242
1127,1242
417,1242
1547,1242
1330,1242
534,1242
423,1242
535,1242
527,1242
528,1242
529,1242
48,1243
49,1243
50,1243
51,1243
52,1243
53,1243
54,1243
281,1244
282,1244
1496,1244
702,1244
648,1244
48,1244
49,1244
50,1244
51,1244
52,1244
53,1244
54,1244
58,1244
59,1244
60,1244
61,1244
62,1244
63,1244
864,1244
849,1245
47,1245
648,1245
649,1245
650,1245
651,1245
1497,1245
1498,1245
55,1245
56,1245
57,1245
652,1245
653,1245
58,1245
654,1245
655,1245
656,1245
1511,1245
1512,1245
644,1246
48,1246
49,1246
50,1246
51,1246
52,1246
476,1247
477,1247
478,1247
479,1247
530,1248
719,1248
1118,1248
1940,1248
1538,1248
722,1248
723,1248
1539,1248
724,1248
725,1248
726,1248
1471,1248
1125,1248
541,1248
1126,1248
1127,1248
417,1248
438,1248
439,1248
444,1248
420,1248
535,1248
536,1248
644,1249
849,1249
47,1249
648,1249
55,1249
56,1249
57,1249
652,1249
653,1249
1125,1250
644,1251
849,1251
47,1251
58,1251
654,1251
655,1251
656,1251
1511,1251
1512,1251
695,1252
701,1252
1835,1252
1836,1252
282,1253
850,1253
851,1253
852,1253
853,1253
854,1253
855,1253
858,1253
859,1253
860,1253
861,1253
862,1253
863,1253
940,1254
941,1254
1403,1254
160,1254
161,1254
1086,1254
1087,1254
1088,1254
1089,1254
1090,1254
1091,1254
1415,1254
1092,1254
1093,1254
1094,1254
1095,1254
1096,1254
1097,1254
1448,1254
173,1254
1459,1254
176,1254
177,1254
1460,1254
178,1254
179,1254
1462,1254
190,1254
191,1254
1754,1254
1755,1254
1756,1254
205,1254
206,1254
211,1254
212,1254
1757,1254
1758,1254
1759,1254
719,1254
721,1254
1118,1254
1119,1254
723,1254
724,1254
726,1254
1120,1254
1121,1254
1123,1254
1124,1254
727,1254
1327,1254
728,1254
1128,1254
532,1254
533,1254
580,1254
432,1254
581,1254
582,1254
583,1254
435,1254
418,1254
584,1254
585,1254
586,1254
587,1254
588,1254
589,1254
436,1254
437,1254
439,1254
1550,1254
1129,1254
440,1254
419,1254
420,1254
421,1254
422,1254
1130,1254
1131,1254
214,1254
215,1254
216,1254
1018,1254
217,1254
218,1254
219,1254
220,1254
221,1254
536,1254
424,1254
1022,1254
537,1254
425,1254
1475,1254
1326,1254
730,1254
446,1254
731,1254
732,1254
1132,1254
426,1254
733,1254
734,1254
1025,1254
427,1254
428,1254
429,1254
539,1254
540,1254
447,1254
430,1254
1134,1254
448,1254
1026,1254
1135,1254
1136,1254
1137,1254
1138,1254
1139,1254
1140,1254
1141,1254
1142,1254
1143,1254
1144,1254
1145,1254
1146,1254
307,1254
1147,1254
308,1254
1148,1254
309,1254
312,1254
313,1254
315,1254
317,1254
318,1254
1162,1254
1163,1254
1164,1254
1165,1254
1166,1254
1167,1254
1168,1254
1169,1254
1170,1254
1382,1254
561,1254
1942,1254
562,1254
1171,1254
1172,1254
563,1254
564,1254
962,1254
1175,1254
1176,1254
1177,1254
963,1254
964,1254
1179,1254
1180,1254
1599,1254
951,1254
952,1254
1383,1254
1181,1254
1600,1254
1601,1254
1385,1254
1182,1254
1183,1254
1184,1254
1185,1254
1386,1254
1186,1254
955,1254
956,1254
1387,1254
1187,1254
1189,1254
1190,1254
1191,1254
1193,1254
1194,1254
1196,1254
1376,1254
1032,1254
1033,1254
1034,1254
1220,1254
1221,1254
1222,1254
1223,1254
1224,1254
1225,1254
1226,1254
1227,1254
1228,1254
1035,1254
1229,1254
1230,1254
1231,1254
1232,1254
1233,1254
1234,1254
1235,1254
1236,1254
1237,1254
252,1254
253,1254
1483,1254
1484,1254
1238,1254
1239,1254
255,1254
1241,1254
1242,1254
1243,1254
1254,1254
1255,1254
1050,1254
1052,1254
1053,1254
1258,1254
1591,1254
1260,1254
1592,1254
1261,1254
1263,1254
1265,1254
1594,1254
1266,1254
372,1255
289,1255
375,1255
292,1255
1036,1256
1037,1256
1038,1256
1039,1256
1226,1256
1227,1256
1228,1256
1035,1256
748,1257
750,1257
754,1257
756,1257
760,1257
762,1257
307,1257
308,1257
1148,1257
309,1257
312,1257
313,1257
317,1257
318,1257
262,1258
263,1258
264,1258
266,1258
269,1258
270,1258
320,1258
271,1258
321,1258
322,1258
1796,1258
272,1258
273,1258
1975,1259
1976,1259
1992,1259
1990,1260
1991,1260
1993,1260
1975,1261
1976,1261
1990,1261
1991,1261
1977,1261
1992,1261
1993,1261
1975,1262
1976,1262
1990,1262
1991,1262
1977,1262
1992,1262
1993,1262
1989,1263
1990,1263
1991,1263
1977,1263
1992,1263
1993,1263
590,1264
591,1264
590,1265
591,1265
1917,1266
1621,1266
490,1266
491,1266
1041,1266
492,1266
1701,1267
1702,1267
1063,1267
1334,1267
1705,1267
520,1267
521,1267
522,1267
741,1267
523,1267
524,1267
525,1267
742,1267
526,1267
300,1268
968,1268
301,1268
302,1268
971,1268
304,1268
974,1268
305,1268
306,1268
311,1268
314,1268
316,1268
319,1268
380,1269
377,1269
382,1269
378,1269
386,1269
388,1269
293,1269
294,1269
380,1270
377,1270
382,1270
378,1270
386,1270
388,1270
293,1270
294,1270
380,1271
377,1271
382,1271
378,1271
386,1271
388,1271
293,1271
294,1271
380,1272
377,1272
382,1272
378,1272
386,1272
388,1272
293,1272
294,1272
380,1273
377,1273
382,1273
378,1273
386,1273
388,1273
293,1273
294,1273
380,1274
377,1274
382,1274
378,1274
386,1274
388,1274
293,1274
294,1274
380,1275
377,1275
382,1275
378,1275
386,1275
388,1275
293,1275
294,1275
884,1276
565,1276
890,1276
567,1276
902,1276
571,1276
160,1277
161,1277
162,1277
943,1277
944,1277
945,1277
164,1277
165,1277
166,1277
167,1277
946,1277
947,1277
948,1277
949,1277
1640,1277
1641,1277
1642,1277
1643,1277
1644,1277
1449,1277
1450,1277
1451,1277
1452,1277
1453,1277
1454,1277
1455,1277
1456,1277
1457,1277
1458,1277
1645,1277
1652,1277
1646,1277
1653,1277
1654,1277
172,1277
1459,1277
1460,1277
1608,1277
1609,1277
1610,1277
1611,1277
180,1277
185,1277
1462,1277
1612,1277
1613,1277
193,1277
197,1277
198,1277
199,1277
202,1277
203,1277
205,1277
207,1277
208,1277
209,1277
211,1277
213,1277
1102,1277
1103,1277
227,1278
241,1278
228,1278
230,1278
231,1278
735,1278
737,1278
1311,1278
285,1279
288,1279
290,1279
291,1279
293,1279
294,1279
344,1280
346,1280
348,1280
349,1280
380,1280
377,1280
382,1280
378,1280
358,1280
361,1280
386,1280
362,1280
388,1280
363,1280
288,1280
373,1280
293,1280
294,1280
496,1281
772,1281
498,1281
774,1281
320,1282
322,1282
1796,1282
829,1283
830,1283
1660,1284
1661,1284
1724,1284
1662,1284
1663,1284
1664,1284
1727,1284
1665,1284
1666,1284
1730,1284
1716,1285
1660,1285
1717,1285
1720,1285
1723,1285
1726,1285
1729,1285
1666,1285
1730,1285
1714,1286
1715,1286
1716,1286
1660,1286
1717,1286
1718,1286
1719,1286
1720,1286
1721,1286
1722,1286
1723,1286
1661,1286
1662,1286
1725,1286
1726,1286
1663,1286
1664,1286
1665,1286
1728,1286
1729,1286
1666,1286
1730,1286
1714,1287
1715,1287
1716,1287
1660,1287
1717,1287
1718,1287
1719,1287
1720,1287
1721,1287
1722,1287
1723,1287
1661,1287
1662,1287
1725,1287
1726,1287
1663,1287
1664,1287
1665,1287
1728,1287
1729,1287
1666,1287
1730,1287
1660,1288
1661,1288
1724,1288
1663,1288
1664,1288
1727,1288
1666,1288
1730,1288
1320,1289
1321,1289
1955,1289
1322,1289
1107,1290
1923,1290
1924,1290
744,1291
1904,1291
752,1291
753,1291
754,1291
755,1291
756,1291
757,1291
758,1291
759,1291
760,1291
761,1291
762,1291
763,1291
1312,1292
1313,1292
957,1292
1314,1292
1315,1292
1316,1292
1317,1292
1318,1292
959,1292
960,1292
961,1292
1320,1292
1321,1292
1322,1292
1323,1292
1324,1292
1325,1292
1483,1292
1238,1292
255,1292
1241,1292
1242,1292
1243,1292
1085,1293
1350,1293
1351,1293
1352,1293
1353,1293
1354,1293
1355,1293
1356,1293
1357,1293
1359,1293
1360,1293
1361,1293
1362,1293
1363,1293
1364,1293
1365,1293
1366,1293
1367,1293
1368,1293
1369,1293
1370,1293
1371,1293
1372,1293
1373,1293
906,1293
907,1293
299,1293
1568,1293
1569,1293
1570,1293
970,1293
303,1293
972,1293
973,1293
304,1293
974,1293
976,1293
977,1293
1571,1293
1572,1293
644,1294
281,1294
282,1294
645,1294
647,1294
849,1294
47,1294
648,1294
658,1294
659,1294
660,1294
661,1294
664,1294
665,1294
644,1295
281,1295
282,1295
645,1295
647,1295
849,1295
47,1295
657,1295
658,1295
659,1295
660,1295
661,1295
664,1295
665,1295
1686,1296
1688,1296
1689,1296
1690,1296
1691,1296
1695,1296
1696,1296
1697,1296
1885,1297
1333,1297
1702,1297
1063,1297
1703,1297
1886,1297
1064,1297
1704,1297
1705,1297
1706,1297
1887,1297
1335,1297
1247,1298
1251,1298
1377,1298
1257,1298
1258,1298
1378,1298
1379,1298
1259,1298
1876,1298
1591,1298
1260,1298
1568,1299
1569,1299
1570,1299
970,1299
973,1299
304,1299
1909,1300
1733,1300
1679,1300
1734,1300
1257,1300
1258,1300
1378,1300
1379,1300
1259,1300
1876,1300
1591,1300
1260,1300
1003,1301
1004,1301
1005,1301
1006,1301
274,1301
275,1301
276,1301
277,1301
983,1302
979,1302
980,1302
981,1302
1112,1303
1013,1303
1032,1303
1220,1303
1223,1303
1226,1303
1035,1303
1229,1303
1232,1303
1235,1303
274,1304
1344,1304
275,1304
276,1304
277,1304
1013,1304
1110,1305
1112,1305
1013,1305
1035,1305
1000,1306
1002,1306
1004,1306
1006,1306
414,1306
416,1306
1477,1306
1479,1306
274,1306
1344,1306
277,1306
1345,1307
1346,1307
1347,1307
1348,1307
1349,1307
758,1307
759,1307
760,1307
761,1307
762,1307
763,1307
1619,1307
1122,1307
1124,1307
727,1307
728,1307
1128,1307
580,1307
432,1307
418,1307
422,1307
536,1307
1022,1307
425,1307
1475,1307
1326,1307
446,1307
427,1307
428,1307
448,1307
1135,1307
307,1307
1147,1307
308,1307
1148,1307
309,1307
310,1307
312,1307
313,1307
318,1307
274,1307
1344,1307
1013,1307
1167,1307
1168,1307
951,1307
953,1307
1238,1307
1239,1307
255,1307
1241,1307
1242,1307
1243,1307
1244,1307
1245,1307
1246,1307
1247,1307
1248,1307
1249,1307
1250,1307
1251,1307
1252,1307
1253,1307
1254,1307
1255,1307
1050,1307
1053,1307
1256,1307
1257,1307
1258,1307
1259,1307
1260,1307
1261,1307
1262,1307
1263,1307
1264,1307
1265,1307
1266,1307
624,1308
625,1308
738,1308
1063,1308
1064,1308
1065,1308
1066,1308
523,1308
559,1308
1067,1308
1312,1309
1313,1309
957,1309
1314,1309
1315,1309
1316,1309
1317,1309
1318,1309
1319,1309
959,1309
960,1309
961,1309
1320,1309
1321,1309
1322,1309
1323,1309
1324,1309
1325,1309
1312,1310
1313,1310
957,1310
1314,1310
1315,1310
1316,1310
1317,1310
1318,1310
1319,1310
960,1310
961,1310
1320,1310
1321,1310
1323,1310
1324,1310
957,1311
1314,1311
1315,1311
1316,1311
1317,1311
1319,1311
960,1311
961,1311
1320,1311
1321,1311
1323,1311
1324,1311
1485,1311
1128,1311
432,1311
1475,1311
1326,1311
446,1311
427,1311
428,1311
448,1311
1135,1311
1312,1312
1313,1312
957,1312
1314,1312
1315,1312
1316,1312
1317,1312
1318,1312
1319,1312
960,1312
961,1312
1323,1312
1324,1312
1313,1313
1321,1313
1955,1313
1322,1313
906,1314
907,1314
299,1314
1568,1314
1569,1314
1570,1314
970,1314
303,1314
972,1314
973,1314
304,1314
974,1314
976,1314
977,1314
1571,1314
1572,1314
1150,1315
1151,1315
1152,1315
1153,1315
1154,1315
670,1315
671,1315
672,1315
673,1315
674,1315
675,1315
676,1315
677,1315
678,1315
679,1315
680,1315
681,1315
682,1315
683,1315
684,1315
685,1315
686,1315
687,1315
688,1315
689,1315
1156,1315
1157,1315
1158,1315
1160,1315
1161,1315
1000,1315
1002,1315
1004,1315
1006,1315
414,1315
416,1315
1477,1315
1479,1315
274,1315
1344,1315
1013,1315
1107,1316
597,1316
1108,1316
1868,1316
1923,1316
1109,1316
598,1316
1110,1316
1111,1316
599,1316
600,1316
601,1316
603,1316
605,1316
1113,1316
1564,1316
1114,1316
1116,1316
1015,1316
1566,1316
1117,1316
1007,1316
274,1316
1344,1316
277,1316
1013,1316
624,1317
625,1317
626,1317
627,1317
738,1317
1700,1317
1063,1317
1064,1317
1334,1317
1704,1317
1335,1317
1065,1317
1066,1317
521,1317
523,1317
559,1317
1067,1317
1623,1317
48,1317
851,1317
650,1317
50,1317
857,1317
986,1317
56,1317
58,1317
859,1317
655,1317
60,1317
658,1317
660,1317
868,1317
872,1317
1517,1317
877,1317
665,1317
879,1317
1523,1317
1524,1317
1529,1317
1271,1317
32,1317
1071,1317
33,1317
1072,1317
34,1317
572,1317
36,1317
38,1317
39,1317
1272,1317
1074,1317
1075,1317
573,1317
574,1317
575,1317
576,1317
1076,1317
1274,1317
1077,1317
1078,1317
1079,1317
1080,1317
1271,1318
32,1318
1071,1318
33,1318
1072,1318
34,1318
572,1318
1073,1318
36,1318
38,1318
39,1318
1272,1318
1074,1318
1075,1318
573,1318
574,1318
575,1318
576,1318
1076,1318
1274,1318
1077,1318
1078,1318
1561,1318
1079,1318
1080,1318
1345,1319
1346,1319
1347,1319
1348,1319
1349,1319
758,1319
759,1319
760,1319
761,1319
762,1319
763,1319
1619,1319
1040,1319
1041,1319
492,1319
493,1319
1042,1319
1043,1319
1044,1319
594,1319
1045,1319
1046,1319
998,1319
1047,1319
1048,1319
1049,1319
1238,1319
1239,1319
1242,1319
1243,1319
1136,1320
1137,1320
1138,1320
1139,1320
1140,1320
1141,1320
1142,1320
1143,1320
1144,1320
1145,1320
1146,1320
1164,1320
1165,1320
1166,1320
43,1320
1170,1320
1382,1320
45,1320
561,1320
562,1320
1171,1320
1172,1320
563,1320
1173,1320
1174,1320
564,1320
1175,1320
1176,1320
1177,1320
1179,1320
1180,1320
1599,1320
952,1320
1383,1320
1181,1320
1600,1320
1601,1320
1182,1320
1183,1320
1185,1320
1186,1320
955,1320
956,1320
1387,1320
1187,1320
1312,1321
957,1321
1314,1321
1315,1321
1317,1321
1319,1321
960,1321
1320,1321
1323,1321
1000,1322
1002,1322
1004,1322
1006,1322
414,1322
416,1322
1477,1322
1479,1322
274,1322
1344,1322
1013,1322
1110,1323
1112,1323
1344,1323
1013,1323
137,1323
138,1323
142,1323
143,1323
708,1323
711,1323
1189,1323
1190,1323
1010,1323
1012,1323
1191,1323
1193,1323
1194,1323
1196,1323
1200,1323
149,1323
151,1323
1201,1323
1202,1323
1203,1323
1376,1323
1210,1323
1212,1323
1213,1323
1215,1323
154,1323
155,1323
1217,1323
1219,1323
157,1323
159,1323
644,1324
1496,1324
702,1324
648,1324
1506,1324
1507,1324
1508,1324
1509,1324
1510,1324
658,1324
659,1324
660,1324
661,1324
662,1324
868,1324
872,1324
3,1325
4,1325
989,1326
990,1326
991,1326
967,1326
1105,1326
1106,1326
1712,1326
1763,1326
270,1326
271,1326
272,1326
273,1326
512,1327
514,1327
515,1327
1003,1328
1004,1328
1005,1328
1006,1328
413,1328
414,1328
415,1328
416,1328
1657,1329
1658,1329
748,1330
754,1330
760,1330
980,1331
981,1331
986,1331
1503,1331
1504,1331
24,1332
25,1332
26,1332
27,1332
163,1332
168,1332
169,1332
170,1332
171,1332
1459,1332
176,1332
177,1332
1460,1332
178,1332
179,1332
183,1332
184,1332
188,1332
1462,1332
190,1332
191,1332
194,1332
1102,1332
1103,1332
719,1332
727,1332
541,1332
728,1332
1128,1332
577,1332
578,1332
580,1332
432,1332
581,1332
582,1332
583,1332
435,1332
418,1332
584,1332
585,1332
586,1332
587,1332
588,1332
589,1332
436,1332
437,1332
438,1332
439,1332
1550,1332
1129,1332
440,1332
419,1332
444,1332
420,1332
1130,1332
1131,1332
216,1332
1018,1332
1019,1332
1020,1332
219,1332
220,1332
221,1332
424,1332
1474,1332
1475,1332
1326,1332
446,1332
732,1332
1132,1332
426,1332
733,1332
734,1332
1133,1332
427,1332
428,1332
429,1332
539,1332
540,1332
447,1332
430,1332
1134,1332
448,1332
1135,1332
222,1332
223,1332
224,1332
1167,1332
1168,1332
1283,1332
1284,1332
1032,1332
1033,1332
1034,1332
1220,1332
1221,1332
1222,1332
1223,1332
1224,1332
1225,1332
1226,1332
1227,1332
1228,1332
1035,1332
1229,1332
1230,1332
1231,1332
1232,1332
1233,1332
1234,1332
1235,1332
1236,1332
1237,1332
252,1332
253,1332
1483,1332
254,1332
1484,1332
1238,1332
1239,1332
255,1332
1241,1332
1242,1332
1243,1332
79,1333
80,1333
81,1333
486,1333
79,1334
80,1334
81,1334
486,1334
1781,1335
1783,1335
1784,1335
1785,1335
1054,1336
1055,1336
1056,1336
1057,1336
1049,1336
1058,1336
1138,1337
1140,1337
1144,1337
1145,1337
1146,1337
1144,1338
1146,1338
1140,1339
1142,1339
1143,1339
1144,1339
1145,1339
1146,1339
1655,1340
1656,1340
1714,1340
1660,1340
1717,1340
1718,1340
1721,1340
1661,1340
1724,1340
1662,1340
1663,1340
1664,1340
1727,1340
1665,1340
1666,1340
1730,1340
768,1341
984,1341
770,1341
1793,1342
496,1343
497,1343
498,1343
499,1343
1655,1344
1656,1344
1660,1344
1661,1344
1724,1344
1662,1344
1726,1344
1663,1344
1664,1344
1727,1344
1665,1344
1729,1344
1666,1344
1730,1344
1540,1345
1485,1345
1486,1345
1124,1345
1543,1345
1107,1346
597,1346
1108,1346
1868,1346
1923,1346
1109,1346
598,1346
1110,1346
1111,1346
1112,1346
599,1346
600,1346
601,1346
603,1346
605,1346
1113,1346
1564,1346
1114,1346
1115,1346
1116,1346
1015,1346
719,1346
721,1346
1118,1346
1119,1346
723,1346
724,1346
726,1346
1120,1346
1121,1346
1541,1346
1124,1346
1544,1346
728,1346
1128,1346
1328,1346
1329,1346
532,1346
1330,1346
1331,1346
533,1346
1332,1346
580,1346
432,1346
581,1346
582,1346
583,1346
435,1346
418,1346
584,1346
585,1346
586,1346
439,1346
1129,1346
419,1346
420,1346
422,1346
214,1346
216,1346
218,1346
220,1346
536,1346
424,1346
1022,1346
425,1346
730,1346
731,1346
732,1346
1132,1346
426,1346
733,1346
1025,1346
427,1346
428,1346
429,1346
540,1346
430,1346
1134,1346
1135,1346
1136,1346
1137,1346
1138,1346
1139,1346
1140,1346
1141,1346
1142,1346
1143,1346
1144,1346
1145,1346
1146,1346
1032,1346
1033,1346
1220,1346
1221,1346
1223,1346
1224,1346
1226,1346
1227,1346
1035,1346
1229,1346
1230,1346
1232,1346
1233,1346
1235,1346
1236,1346
90,1347
91,1347
92,1347
1867,1347
1107,1347
921,1347
922,1347
596,1347
597,1347
1108,1347
1868,1347
1923,1347
1924,1347
598,1347
599,1347
600,1347
1925,1347
602,1347
603,1347
604,1347
605,1347
1929,1347
607,1347
274,1347
1344,1347
275,1347
276,1347
277,1347
1013,1347
645,1348
1494,1348
647,1348
48,1348
850,1348
851,1348
852,1348
853,1348
854,1348
649,1348
650,1348
651,1348
1497,1348
49,1348
50,1348
51,1348
52,1348
53,1348
978,1348
1500,1348
1501,1348
985,1348
1502,1348
979,1348
980,1348
981,1348
857,1348
986,1348
1503,1348
1506,1348
1508,1348
1510,1348
55,1348
56,1348
57,1348
652,1348
58,1348
858,1348
859,1348
860,1348
861,1348
654,1348
655,1348
656,1348
1511,1348
59,1348
60,1348
61,1348
62,1348
63,1348
1515,1348
658,1348
659,1348
660,1348
661,1348
662,1348
663,1348
866,1348
867,1348
868,1348
869,1348
870,1348
872,1348
1516,1348
1517,1348
1518,1348
1519,1348
1520,1348
1649,1348
873,1348
874,1348
875,1348
877,1348
664,1348
665,1348
666,1348
878,1348
879,1348
880,1348
1523,1348
1524,1348
1525,1348
1526,1348
1527,1348
1529,1348
1136,1349
1137,1349
1138,1349
1139,1349
1140,1349
1141,1349
1142,1349
1143,1349
1144,1349
1145,1349
1146,1349
1867,1350
1107,1350
921,1350
597,1350
1108,1350
1868,1350
1923,1350
1109,1350
598,1350
1110,1350
1111,1350
1112,1350
599,1350
600,1350
601,1350
603,1350
605,1350
1113,1350
1564,1350
1114,1350
1115,1350
1014,1350
1116,1350
1015,1350
1017,1350
1149,1350
1290,1350
1150,1350
1292,1350
1151,1350
1297,1350
1152,1350
1301,1350
1153,1350
1306,1350
1154,1350
1302,1350
1299,1350
1304,1350
670,1350
671,1350
672,1350
673,1350
674,1350
675,1350
676,1350
677,1350
678,1350
679,1350
680,1350
681,1350
682,1350
683,1350
684,1350
685,1350
686,1350
687,1350
688,1350
689,1350
690,1350
691,1350
692,1350
693,1350
1,1350
694,1350
695,1350
696,1350
697,1350
698,1350
699,1350
2,1350
700,1350
701,1350
1155,1350
1780,1350
1782,1350
1156,1350
1157,1350
1158,1350
1159,1350
1784,1350
1735,1350
1160,1350
1161,1350
1786,1350
1477,1350
1479,1350
1007,1350
274,1350
1344,1350
276,1350
277,1350
1013,1350
17,1351
21,1351
22,1351
23,1351
633,1351
635,1351
636,1351
25,1351
26,1351
27,1351
29,1351
450,1351
30,1351
451,1351
31,1351
452,1351
638,1351
1275,1351
1276,1351
453,1351
639,1351
455,1351
456,1351
1070,1351
641,1351
643,1351
1268,1351
1270,1351
1621,1351
491,1351
1040,1351
1041,1351
492,1351
493,1351
1042,1351
495,1351
592,1351
1043,1351
1044,1351
594,1351
1622,1351
1045,1351
1046,1351
1054,1351
998,1351
1047,1351
1048,1351
1057,1351
1049,1351
500,1351
704,1351
764,1351
765,1351
501,1351
502,1351
705,1351
766,1351
767,1351
503,1351
768,1351
769,1351
770,1351
771,1351
496,1351
497,1351
498,1351
774,1351
499,1351
776,1351
777,1351
778,1351
505,1351
506,1351
779,1351
780,1351
781,1351
507,1351
1731,1351
783,1351
1732,1351
785,1351
510,1351
511,1351
786,1351
788,1351
323,1351
328,1351
1737,1351
333,1351
1738,1351
1739,1351
1740,1351
1741,1351
1742,1351
1743,1351
1744,1351
1745,1351
1746,1351
1747,1351
1748,1351
1749,1351
1750,1351
1751,1351
1894,1352
1949,1352
938,1352
1895,1352
1896,1352
939,1352
940,1352
941,1352
1403,1352
1081,1352
1404,1352
608,1352
609,1352
610,1352
1082,1352
1083,1352
1084,1352
1405,1352
611,1352
612,1352
613,1352
1837,1352
1838,1352
1839,1352
1840,1352
1085,1352
1350,1352
1406,1352
1841,1352
1842,1352
1843,1352
1844,1352
1352,1352
616,1352
617,1352
619,1352
1407,1352
161,1352
162,1352
1408,1352
1409,1352
1410,1352
1411,1352
1412,1352
1413,1352
1414,1352
1086,1352
1087,1352
1088,1352
1089,1352
1090,1352
1091,1352
1606,1352
163,1352
1914,1352
1415,1352
1429,1352
1430,1352
1431,1352
1432,1352
1433,1352
1434,1352
1435,1352
1436,1352
1437,1352
1438,1352
1439,1352
1440,1352
1441,1352
1092,1352
1093,1352
1094,1352
1095,1352
1096,1352
1097,1352
1607,1352
169,1352
1916,1352
1448,1352
1098,1352
1449,1352
1450,1352
1451,1352
1452,1352
1453,1352
1847,1352
1099,1352
1454,1352
1455,1352
1456,1352
1457,1352
1458,1352
1848,1352
1100,1352
620,1352
1353,1352
1354,1352
1355,1352
1356,1352
1357,1352
1625,1352
1626,1352
1627,1352
1628,1352
1629,1352
1645,1352
1358,1352
1101,1352
622,1352
1369,1352
1370,1352
1371,1352
1372,1352
1373,1352
1635,1352
1636,1352
1637,1352
1638,1352
1639,1352
1646,1352
1375,1352
170,1352
171,1352
175,1352
1608,1352
1609,1352
1610,1352
1611,1352
1902,1352
182,1352
183,1352
185,1352
186,1352
189,1352
1612,1352
1613,1352
1903,1352
192,1352
193,1352
194,1352
195,1352
1463,1352
1464,1352
1465,1352
1466,1352
196,1352
1754,1352
1755,1352
1756,1352
199,1352
201,1352
202,1352
203,1352
204,1352
205,1352
206,1352
207,1352
992,1352
993,1352
994,1352
995,1352
997,1352
228,1353
229,1353
230,1353
231,1353
232,1353
735,1353
24,1353
25,1353
26,1353
27,1353
500,1353
764,1353
765,1353
502,1353
766,1353
767,1353
496,1353
497,1353
773,1353
498,1353
499,1353
775,1353
778,1353
506,1353
780,1353
781,1353
507,1353
783,1353
785,1353
510,1353
511,1353
786,1353
788,1353
957,1353
1314,1353
1319,1353
958,1353
959,1353
960,1353
961,1353
1323,1353
1324,1353
1956,1353
1325,1353
1122,1353
1124,1353
1125,1353
727,1353
541,1353
728,1353
1126,1353
1127,1353
417,1353
1128,1353
1328,1353
1329,1353
532,1353
1331,1353
533,1353
1332,1353
431,1353
580,1353
432,1353
433,1353
434,1353
581,1353
582,1353
435,1353
418,1353
584,1353
586,1353
436,1353
437,1353
1550,1353
1129,1353
440,1353
419,1353
441,1353
442,1353
443,1353
444,1353
420,1353
422,1353
423,1353
535,1353
536,1353
424,1353
538,1353
425,1353
1475,1353
1326,1353
446,1353
1132,1353
426,1353
540,1353
430,1353
1134,1353
448,1353
1135,1353
1480,1353
1481,1353
1380,1353
1482,1353
962,1353
963,1353
964,1353
66,1353
68,1353
69,1353
73,1353
1877,1353
253,1353
1238,1353
1242,1353
1714,1354
1715,1354
1716,1354
1717,1354
1718,1354
1719,1354
1720,1354
1721,1354
1722,1354
1723,1354
1662,1354
1725,1354
1726,1354
1665,1354
1728,1354
1729,1354
1919,1355
1556,1355
1984,1355
1557,1355
1558,1355
1920,1355
908,1356
909,1356
1492,1356
645,1356
646,1356
1494,1356
647,1356
1495,1356
1779,1356
849,1356
47,1356
648,1356
866,1356
867,1356
868,1356
869,1356
870,1356
1526,1356
1527,1356
1528,1356
1529,1356
1477,1357
1479,1357
1007,1357
274,1357
1344,1357
276,1357
277,1357
1013,1357
170,1358
171,1358
173,1358
175,1358
188,1358
189,1358
197,1358
198,1358
199,1358
205,1358
206,1358
211,1358
212,1358
1621,1359
491,1359
1040,1359
1041,1359
492,1359
493,1359
1042,1359
495,1359
592,1359
1043,1359
1044,1359
594,1359
1622,1359
1045,1359
1046,1359
1054,1359
998,1359
1047,1359
1048,1359
1057,1359
1049,1359
1964,1360
1674,1360
1941,1360
1760,1360
1675,1360
1965,1360
1761,1360
1762,1360
1676,1360
1944,1360
1945,1360
1677,1360
74,1361
75,1361
76,1361
77,1361
78,1361
1389,1362
1931,1362
1932,1362
1389,1363
1931,1363
1932,1363
1933,1363
1389,1364
1931,1364
1932,1364
1933,1364
1389,1365
1931,1365
1932,1365
1933,1365
1931,1366
1932,1366
1933,1366
807,1367
808,1367
809,1367
810,1367
1796,1367
496,1368
772,1368
497,1368
498,1368
774,1368
499,1368
775,1368
808,1369
810,1369
513,1369
514,1369
773,1370
775,1370
496,1371
497,1371
498,1371
499,1371
1402,1372
1403,1372
1415,1372
1448,1372
1461,1372
205,1372
211,1372
415,1373
416,1373
343,1374
884,1374
344,1374
346,1374
347,1374
565,1374
348,1374
349,1374
379,1374
380,1374
377,1374
381,1374
382,1374
378,1374
383,1374
384,1374
351,1374
352,1374
353,1374
355,1374
356,1374
357,1374
890,1374
358,1374
360,1374
567,1374
361,1374
385,1374
386,1374
362,1374
387,1374
388,1374
389,1374
363,1374
364,1374
365,1374
366,1374
368,1374
369,1374
370,1374
285,1374
372,1374
288,1374
902,1374
373,1374
290,1374
375,1374
291,1374
571,1374
376,1374
794,1374
293,1374
795,1374
294,1374
390,1374
1942,1375
1171,1375
1942,1376
1171,1376
58,1377
59,1377
60,1377
61,1377
62,1377
63,1377
864,1377
904,1378
905,1378
907,1378
343,1379
344,1379
345,1379
346,1379
347,1379
348,1379
349,1379
350,1379
351,1379
352,1379
353,1379
354,1379
355,1379
356,1379
357,1379
358,1379
359,1379
360,1379
361,1379
362,1379
363,1379
364,1379
365,1379
366,1379
367,1379
368,1379
369,1379
370,1379
371,1379
285,1379
286,1379
372,1379
288,1379
289,1379
373,1379
374,1379
290,1379
375,1379
291,1379
376,1379
343,1380
344,1380
345,1380
346,1380
347,1380
348,1380
349,1380
350,1380
351,1380
352,1380
353,1380
354,1380
355,1380
357,1380
358,1380
359,1380
360,1380
361,1380
362,1380
363,1380
364,1380
365,1380
366,1380
367,1380
368,1380
369,1380
370,1380
371,1380
285,1380
286,1380
372,1380
288,1380
289,1380
373,1380
374,1380
290,1380
375,1380
291,1380
376,1380
409,1381
411,1381
17,1382
18,1382
19,1382
20,1382
21,1382
22,1382
23,1382
295,1383
298,1383
518,1383
1062,1383
1333,1383
1063,1383
1334,1383
1705,1383
1065,1383
644,1384
658,1384
659,1384
660,1384
661,1384
662,1384
663,1384
865,1384
1698,1385
823,1385
824,1385
825,1385
829,1385
830,1385
831,1385
820,1386
821,1386
822,1386
1698,1386
823,1386
824,1386
825,1386
409,1386
410,1386
411,1386
412,1386
827,1386
828,1386
829,1386
830,1386
831,1386
1698,1387
829,1387
830,1387
831,1387
1698,1388
824,1388
825,1388
830,1388
831,1388
820,1389
822,1389
409,1389
410,1389
411,1389
412,1389
827,1389
828,1389
829,1389
830,1389
623,1390
624,1390
1884,1390
625,1390
626,1390
627,1390
628,1390
629,1390
630,1390
631,1390
1701,1390
1064,1390
1704,1390
1335,1390
632,1390
827,1391
828,1391
310,1392
311,1392
313,1392
315,1392
316,1392
319,1392
835,1393
838,1393
692,1394
698,1394
1870,1394
1873,1394
449,1395
450,1395
451,1395
452,1395
310,1396
311,1396
313,1396
314,1396
316,1396
319,1396
413,1397
415,1397
416,1397
1007,1397
1008,1397
1560,1398
1893,1398
1894,1398
1895,1398
1603,1398
1604,1398
1605,1398
1082,1398
1083,1398
1084,1398
1837,1398
1838,1398
1839,1398
1840,1398
1085,1398
1406,1398
1841,1398
1842,1398
1843,1398
1844,1398
1563,1398
1407,1398
943,1398
944,1398
945,1398
950,1398
1710,1398
1098,1398
1640,1398
1641,1398
1642,1398
1643,1398
1644,1398
1449,1398
1450,1398
1451,1398
1452,1398
1453,1398
1846,1398
1847,1398
1099,1398
1454,1398
1455,1398
1456,1398
1457,1398
1458,1398
1848,1398
1100,1398
620,1398
1353,1398
1354,1398
1355,1398
1356,1398
1357,1398
1645,1398
1652,1398
1358,1398
1101,1398
622,1398
1850,1398
1369,1398
1370,1398
1371,1398
1372,1398
1373,1398
1646,1398
1653,1398
1654,1398
1375,1398
1102,1398
1103,1398
274,1398
1344,1398
275,1398
276,1398
277,1398
1481,1398
1380,1398
1381,1398
313,1399
317,1399
318,1399
310,1400
313,1400
315,1400
317,1400
318,1400
1288,1401
1173,1401
1174,1401
1289,1401
1384,1401
1185,1401
1386,1401
561,1402
562,1402
563,1402
564,1402
1943,1402
1400,1403
1491,1403
1403,1403
608,1403
609,1403
610,1403
611,1403
612,1403
613,1403
160,1403
161,1403
164,1403
165,1403
166,1403
167,1403
205,1403
211,1403
579,1404
580,1404
432,1404
581,1404
586,1404
589,1404
1132,1404
1133,1404
427,1404
428,1404
1134,1404
1135,1404
993,1405
994,1405
995,1405
996,1405
997,1405
931,1406
932,1406
933,1406
934,1406
457,1407
458,1407
459,1407
460,1407
657,1408
64,1408
866,1408
867,1408
868,1408
869,1408
870,1408
871,1408
872,1408
904,1409
905,1409
906,1409
907,1409
866,1410
867,1410
868,1410
869,1410
870,1410
871,1410
872,1410
866,1411
867,1411
868,1411
869,1411
870,1411
871,1411
872,1411
658,1412
659,1412
660,1412
661,1412
662,1412
663,1412
865,1412
866,1412
867,1412
868,1412
869,1412
870,1412
871,1412
872,1412
1516,1412
1517,1412
1518,1412
1519,1412
1520,1412
1521,1412
644,1413
281,1413
282,1413
46,1413
1496,1413
702,1413
47,1413
648,1413
48,1413
49,1413
50,1413
51,1413
52,1413
53,1413
54,1413
657,1413
64,1413
1806,1414
1807,1414
1809,1414
1812,1414
1814,1414
1817,1414
1658,1415
1802,1415
1803,1415
1804,1415
1805,1415
1806,1415
1807,1415
1809,1415
1812,1415
1814,1415
1817,1415
335,1415
336,1415
337,1415
338,1415
339,1415
340,1415
341,1415
342,1415
1764,1416
1765,1416
1766,1416
1686,1416
1687,1416
1688,1416
1767,1416
1768,1416
1689,1416
1690,1416
1769,1416
1691,1416
1692,1416
1693,1416
1694,1416
1770,1416
1771,1416
1772,1416
1773,1416
1774,1416
1775,1416
1776,1416
1777,1416
1778,1416
344,1417
345,1417
348,1417
379,1417
380,1417
377,1417
381,1417
382,1417
378,1417
358,1417
359,1417
361,1417
385,1417
386,1417
387,1417
388,1417
366,1417
367,1417
368,1417
373,1417
374,1417
376,1417
794,1417
293,1417
795,1417
294,1417
310,1417
311,1417
313,1417
314,1417
315,1417
316,1417
317,1417
318,1417
319,1417
544,1418
347,1418
546,1418
349,1418
350,1418
351,1418
354,1418
547,1418
550,1418
360,1418
362,1418
364,1418
552,1418
554,1418
369,1418
371,1418
457,1419
458,1419
459,1419
460,1419
413,1420
414,1420
415,1420
416,1420
796,1421
806,1421
797,1421
798,1421
1068,1421
799,1421
668,1421
573,1421
574,1421
575,1421
576,1421
669,1421
624,1422
1884,1422
625,1422
626,1422
627,1422
628,1422
629,1422
631,1422
1885,1422
1886,1422
644,1422
281,1422
282,1422
46,1422
645,1422
646,1422
647,1422
1496,1422
702,1422
47,1422
48,1422
49,1422
50,1422
51,1422
52,1422
53,1422
54,1422
58,1422
59,1422
60,1422
61,1422
62,1422
63,1422
864,1422
657,1422
658,1422
659,1422
660,1422
661,1422
662,1422
663,1422
865,1422
664,1422
665,1422
666,1422
667,1422
1522,1422
196,1423
200,1423
201,1423
618,1424
619,1424
992,1424
993,1424
994,1424
995,1424
996,1424
997,1424
1278,1425
1279,1425
1280,1425
1281,1425
1391,1425
1339,1425
1937,1425
1392,1425
1671,1425
1393,1425
1567,1425
1938,1425
1339,1426
1937,1426
1392,1426
1671,1426
1393,1426
1567,1426
1938,1426
1342,1426
1343,1426
1391,1427
1339,1427
1937,1427
1392,1427
1671,1427
1393,1427
1567,1427
1938,1427
162,1428
1408,1428
1409,1428
1410,1428
1411,1428
1412,1428
1413,1428
1414,1428
1606,1428
1416,1428
1417,1428
1418,1428
1419,1428
1420,1428
1421,1428
1422,1428
1423,1428
1424,1428
1425,1428
1426,1428
1427,1428
1428,1428
1429,1428
1430,1428
1431,1428
1432,1428
1433,1428
1434,1428
1435,1428
1436,1428
1437,1428
1438,1428
1439,1428
1440,1428
1441,1428
1607,1428
1463,1428
1464,1428
1465,1428
1466,1428
196,1428
1467,1428
1468,1428
1469,1428
1470,1428
580,1428
581,1428
586,1428
589,1428
1131,1428
216,1428
1018,1428
1019,1428
1020,1428
219,1428
220,1428
1132,1428
1133,1428
1134,1428
1582,1428
1029,1428
222,1428
1488,1428
223,1428
224,1428
1489,1428
952,1428
955,1428
956,1428
413,1429
415,1429
416,1429
413,1430
415,1430
416,1430
999,1431
1001,1431
1002,1431
1003,1431
1005,1431
1006,1431
1476,1431
1478,1431
1479,1431
1007,1431
1008,1431
274,1431
275,1431
276,1431
277,1431
1537,1432
1543,1432
1471,1432
1472,1432
1473,1432
1125,1432
541,1432
728,1432
1126,1432
1127,1432
417,1432
531,1432
1546,1432
1328,1432
1329,1432
532,1432
1330,1432
1331,1432
533,1432
1332,1432
431,1432
433,1432
434,1432
435,1432
436,1432
437,1432
1550,1432
1129,1432
440,1432
419,1432
441,1432
442,1432
443,1432
444,1432
420,1432
422,1432
214,1432
215,1432
217,1432
218,1432
445,1432
423,1432
536,1432
538,1432
425,1432
426,1432
539,1432
540,1432
447,1432
430,1432
735,1433
789,1433
743,1433
935,1433
1490,1433
1400,1433
1491,1433
1560,1433
1530,1433
1531,1433
392,1433
1532,1433
394,1433
396,1433
398,1433
399,1433
400,1433
401,1433
402,1433
910,1433
911,1433
912,1433
403,1433
913,1433
404,1433
405,1433
915,1433
406,1433
407,1433
408,1433
644,1433
281,1433
282,1433
46,1433
1779,1433
849,1433
1496,1433
702,1433
47,1433
648,1433
657,1433
64,1433
530,1433
835,1433
320,1433
321,1433
322,1433
1796,1433
703,1433
1394,1433
1395,1433
283,1433
284,1433
1398,1433
1399,1433
1647,1433
627,1434
628,1434
631,1434
796,1435
806,1435
797,1435
808,1435
809,1435
810,1435
804,1435
987,1435
516,1436
517,1436
518,1436
1701,1436
1333,1436
1702,1436
1063,1436
1703,1436
1705,1436
1706,1436
1335,1436
702,1436
1333,1437
1702,1437
1063,1437
1705,1437
559,1437
560,1437
1333,1438
1702,1438
1063,1438
1703,1438
1705,1438
1706,1438
838,1438
1885,1439
1886,1439
1704,1439
1887,1439
1335,1439
999,1440
1000,1440
1001,1440
1002,1440
1003,1440
1004,1440
1005,1440
1006,1440
1476,1440
1477,1440
1478,1440
1479,1440
1007,1440
1008,1440
274,1440
1344,1440
275,1440
276,1440
277,1440
74,1441
75,1441
76,1441
77,1441
78,1441
467,1441
468,1441
469,1441
470,1441
471,1441
79,1441
80,1441
81,1441
486,1441
82,1441
83,1441
84,1441
487,1441
85,1441
86,1441
87,1441
88,1441
89,1441
1388,1441
93,1441
94,1441
95,1441
96,1441
97,1441
98,1441
99,1441
100,1441
101,1441
102,1441
103,1441
104,1441
105,1441
106,1441
107,1441
461,1441
462,1441
463,1441
464,1441
465,1441
466,1441
108,1441
109,1441
110,1441
111,1441
112,1441
485,1441
113,1441
114,1441
115,1441
116,1441
117,1441
118,1441
119,1441
120,1441
121,1441
122,1441
488,1441
458,1441
459,1441
123,1441
124,1441
125,1441
126,1441
127,1441
128,1441
129,1441
130,1441
131,1441
132,1441
133,1441
295,1441
296,1441
297,1441
516,1441
517,1441
298,1441
518,1441
935,1441
832,1441
833,1441
834,1441
835,1441
836,1441
837,1441
1962,1441
1389,1441
838,1441
839,1441
840,1441
1963,1441
841,1441
842,1441
1875,1441
1969,1441
1954,1441
1471,1441
1472,1441
1473,1441
1125,1441
541,1441
1126,1441
1127,1441
417,1441
531,1441
542,1441
1545,1441
1546,1441
1547,1441
1548,1441
1549,1441
1328,1441
1329,1441
1330,1441
1331,1441
533,1441
1332,1441
578,1441
583,1441
435,1441
585,1441
588,1441
436,1441
437,1441
438,1441
439,1441
1550,1441
1129,1441
440,1441
419,1441
444,1441
420,1441
1021,1441
1022,1441
1023,1441
1474,1441
1024,1441
1475,1441
1326,1441
732,1441
426,1441
733,1441
734,1441
1025,1441
427,1441
428,1441
429,1441
539,1441
540,1441
447,1441
430,1441
448,1441
1026,1441
813,1441
1905,1441
1683,1441
1935,1441
1936,1441
814,1441
1906,1441
844,1441
845,1441
1390,1441
846,1441
847,1441
848,1441
1907,1441
1908,1441
1794,1441
815,1441
816,1441
817,1441
1673,1441
1795,1441
818,1441
1341,1441
1946,1441
1342,1441
1343,1441
1681,1441
1682,1441
1909,1441
819,1441
1733,1441
1167,1441
1168,1441
1282,1441
1283,1441
1284,1441
1285,1441
1286,1441
748,1442
754,1442
760,1442
808,1443
810,1443
797,1444
808,1444
810,1444
800,1444
804,1444
801,1444
512,1444
514,1444
515,1444
516,1444
517,1444
518,1444
295,1445
296,1445
297,1445
298,1445
1701,1445
1333,1445
1702,1445
1063,1445
1703,1445
1886,1445
1704,1445
1705,1445
1706,1445
1887,1445
1335,1445
805,1446
796,1446
797,1446
807,1446
808,1446
809,1446
810,1446
965,1446
804,1446
987,1446
295,1446
296,1446
516,1446
298,1446
518,1446
1701,1446
1333,1446
1702,1446
1063,1446
1703,1446
1705,1446
1706,1446
1701,1447
1333,1447
1702,1447
1063,1447
1703,1447
1064,1447
1705,1447
1706,1447
1335,1447
832,1448
833,1448
834,1448
835,1448
836,1448
837,1448
1962,1448
1389,1448
838,1448
839,1448
840,1448
1963,1448
841,1448
842,1448
1875,1448
1954,1448
623,1449
624,1449
629,1449
630,1449
1701,1449
1333,1449
1702,1449
1063,1449
1703,1449
1064,1449
1705,1449
1706,1449
1335,1449
632,1449
702,1449
295,1450
296,1450
297,1450
298,1450
1885,1450
1701,1450
1702,1450
1886,1450
1064,1450
1704,1450
1705,1450
1887,1450
1335,1450
808,1451
809,1451
810,1451
512,1451
513,1451
514,1451
515,1451
295,1451
516,1451
517,1451
518,1451
262,1451
264,1451
265,1451
1105,1451
1106,1451
1712,1451
1763,1451
270,1451
320,1451
271,1451
321,1451
322,1451
1796,1451
272,1451
273,1451
1713,1451
435,1451
440,1451
419,1451
426,1451
447,1451
430,1451
1471,1452
1472,1452
1473,1452
1125,1452
541,1452
1126,1452
1127,1452
417,1452
531,1452
542,1452
1545,1452
1546,1452
1547,1452
1548,1452
1549,1452
1328,1452
1329,1452
532,1452
1330,1452
1331,1452
533,1452
1332,1452
17,1453
18,1453
19,1453
20,1453
21,1453
22,1453
23,1453
295,1453
296,1453
298,1453
638,1453
1275,1453
453,1453
639,1453
455,1453
640,1453
641,1453
642,1453
643,1453
1267,1453
1268,1453
1269,1453
1270,1453
572,1453
1892,1453
1272,1453
1074,1453
1075,1453
1568,1453
1569,1453
1570,1453
300,1453
301,1453
969,1453
970,1453
302,1453
303,1453
973,1453
304,1453
1551,1454
1554,1454
1556,1454
1830,1454
1831,1454
1573,1454
1574,1454
1577,1454
1578,1454
1579,1454
1580,1454
11,1454
1994,1454
12,1454
13,1454
1912,1454
1986,1454
1987,1454
1988,1454
1995,1454
1996,1454
1997,1454
1913,1454
624,1455
625,1455
626,1455
627,1455
630,1455
631,1455
738,1455
1062,1455
1063,1455
1064,1455
1334,1455
1704,1455
1705,1455
1887,1455
1335,1455
1065,1455
521,1455
523,1455
524,1455
525,1455
558,1455
559,1455
1888,1455
560,1455
1067,1455
908,1455
909,1455
1492,1455
645,1455
646,1455
647,1455
654,1455
655,1455
656,1455
1516,1455
1517,1455
1518,1455
1519,1455
1520,1455
1526,1455
1527,1455
1528,1455
1529,1455
1258,1455
1876,1455
1591,1455
1260,1455
1272,1456
1074,1456
1075,1456
969,1456
970,1456
973,1456
307,1456
1147,1456
308,1456
1148,1456
309,1456
1598,1457
162,1457
1408,1457
1409,1457
1410,1457
1411,1457
1412,1457
1413,1457
1414,1457
163,1457
1415,1457
1416,1457
1417,1457
1418,1457
1419,1457
1420,1457
1421,1457
1422,1457
1435,1457
1436,1457
1437,1457
1438,1457
1439,1457
1440,1457
1441,1457
168,1457
169,1457
1448,1457
170,1457
171,1457
172,1457
173,1457
174,1457
175,1457
1459,1457
176,1457
177,1457
1460,1457
178,1457
179,1457
1901,1457
1902,1457
180,1457
185,1457
188,1457
189,1457
1462,1457
190,1457
191,1457
1903,1457
193,1457
1534,1457
1463,1457
1464,1457
1465,1457
1466,1457
196,1457
1754,1457
1755,1457
1756,1457
197,1457
198,1457
199,1457
1535,1457
1536,1457
200,1457
201,1457
1467,1457
1468,1457
1469,1457
1470,1457
202,1457
203,1457
204,1457
205,1457
207,1457
208,1457
209,1457
210,1457
211,1457
212,1457
213,1457
1757,1457
1758,1457
1759,1457
1003,1457
1005,1457
275,1457
276,1457
1265,1457
1602,1457
1594,1457
1266,1457
372,1458
375,1458
794,1458
795,1458
310,1458
311,1458
314,1458
316,1458
319,1458
1493,1459
1494,1459
986,1459
1503,1459
1505,1459
986,1460
1503,1460
1505,1460
391,1461
393,1461
1533,1461
398,1461
399,1461
406,1461
407,1461
408,1461
1476,1462
1477,1462
1478,1462
1479,1462
275,1463
276,1463
557,1464
526,1464
558,1464
559,1464
560,1464
1707,1464
1708,1464
1597,1464
1709,1464
1067,1464
1893,1464
1894,1464
937,1464
938,1464
1895,1464
939,1464
940,1464
941,1464
1408,1464
1409,1464
1410,1464
1411,1464
1412,1464
1413,1464
1414,1464
1423,1464
1424,1464
1425,1464
1426,1464
1427,1464
1428,1464
1429,1464
1430,1464
1431,1464
1432,1464
1433,1464
1434,1464
1463,1464
1464,1464
1465,1464
1466,1464
196,1464
197,1464
199,1464
200,1464
201,1464
1467,1464
1468,1464
1469,1464
1470,1464
1476,1465
1477,1465
1478,1465
1479,1465
1590,1465
1254,1465
1255,1465
1256,1465
807,1466
808,1466
810,1466
1036,1466
1038,1466
1039,1466
270,1466
320,1466
321,1466
322,1466
1796,1466
272,1466
273,1466
1713,1466
372,1467
288,1467
289,1467
556,1467
375,1467
291,1467
392,1468
394,1468
395,1468
1533,1468
911,1468
913,1468
915,1468
940,1468
1401,1468
941,1468
1408,1468
1409,1468
1410,1468
1411,1468
1412,1468
1413,1468
1414,1468
1416,1468
1417,1468
1418,1468
1419,1468
1420,1468
1421,1468
1422,1468
1423,1468
1424,1468
1425,1468
1426,1468
1427,1468
1428,1468
1429,1468
1430,1468
1431,1468
1432,1468
1433,1468
1434,1468
1435,1468
1436,1468
1437,1468
1438,1468
1439,1468
1440,1468
1441,1468
1463,1468
1464,1468
1465,1468
1466,1468
196,1468
200,1468
201,1468
1467,1468
1468,1468
1469,1468
1470,1468
1327,1468
578,1468
579,1468
431,1468
580,1468
432,1468
433,1468
434,1468
581,1468
583,1468
435,1468
418,1468
585,1468
586,1468
588,1468
589,1468
436,1468
437,1468
438,1468
439,1468
1550,1468
1129,1468
440,1468
419,1468
441,1468
442,1468
443,1468
444,1468
420,1468
421,1468
422,1468
214,1468
215,1468
216,1468
217,1468
218,1468
219,1468
220,1468
1021,1468
424,1468
1022,1468
537,1468
538,1468
425,1468
1023,1468
1024,1468
1132,1468
426,1468
1025,1468
1133,1468
430,1468
1134,1468
1026,1468
1135,1468
1926,1468
1911,1468
1582,1468
1488,1468
1489,1468
1086,1469
1087,1469
1088,1469
1089,1469
1090,1469
1091,1469
1442,1469
1443,1469
1444,1469
1445,1469
1446,1469
1447,1469
1092,1469
1093,1469
1094,1469
1095,1469
1096,1469
1097,1469
1889,1470
985,1470
1502,1470
986,1470
939,1470
1408,1470
1409,1470
1410,1470
1411,1470
1412,1470
1413,1470
1414,1470
1086,1470
1087,1470
1088,1470
1089,1470
1090,1470
1091,1470
1416,1470
1417,1470
1418,1470
1419,1470
1420,1470
1421,1470
1422,1470
1435,1470
1436,1470
1437,1470
1438,1470
1439,1470
1440,1470
1441,1470
1092,1470
1093,1470
1094,1470
1095,1470
1096,1470
1097,1470
175,1470
189,1470
1463,1470
1464,1470
1465,1470
1466,1470
196,1470
200,1470
201,1470
1467,1470
1468,1470
1469,1470
1470,1470
1478,1470
1479,1470
435,1471
436,1471
437,1471
435,1472
436,1472
437,1472
999,1473
1001,1473
1476,1473
1478,1473
1007,1473
1008,1473
275,1473
276,1473
989,1474
990,1474
991,1474
967,1474
516,1474
517,1474
518,1474
750,1474
751,1474
756,1474
757,1474
762,1474
763,1474
1105,1474
1106,1474
1712,1474
1763,1474
270,1474
320,1474
271,1474
321,1474
322,1474
1796,1474
272,1474
273,1474
516,1475
517,1475
518,1475
519,1475
520,1475
521,1475
522,1475
523,1475
524,1475
525,1475
526,1475
558,1475
559,1475
1888,1475
560,1475
1707,1475
1708,1475
1597,1475
1709,1475
1067,1475
706,1476
709,1476
707,1476
710,1476
708,1476
711,1476
1198,1476
1201,1476
1202,1476
1204,1476
1376,1476
1207,1476
1210,1476
1211,1476
1212,1476
152,1476
153,1476
154,1476
155,1476
320,1477
321,1477
322,1477
1919,1478
1863,1478
1864,1478
1556,1478
1557,1478
1558,1478
1920,1478
1830,1478
1998,1478
1573,1478
1975,1478
1976,1478
1575,1478
1577,1478
1578,1478
1579,1478
1580,1478
1977,1478
1993,1478
1926,1478
1910,1478
1911,1478
712,1478
1994,1478
1912,1478
1996,1478
1997,1478
1913,1478
1551,1479
1552,1479
1554,1479
1865,1479
1559,1479
1999,1479
1994,1479
1996,1479
372,1480
288,1480
289,1480
375,1480
291,1480
292,1480
794,1480
293,1480
310,1480
311,1480
312,1480
313,1480
316,1480
317,1480
318,1480
319,1480
413,1481
415,1481
416,1481
1829,1482
1830,1482
1998,1482
1831,1482
1960,1482
1573,1482
1574,1482
1989,1482
1976,1482
1577,1482
1578,1482
1853,1482
1580,1482
1977,1482
1992,1482
1999,1482
1994,1482
2000,1482
1912,1482
1996,1482
1997,1482
1913,1482
800,1483
804,1483
987,1483
801,1483
988,1483
744,1484
745,1484
1904,1484
266,1484
268,1484
269,1484
271,1484
307,1484
308,1484
309,1484
886,1485
545,1485
546,1485
566,1485
892,1485
549,1485
550,1485
568,1485
900,1485
555,1485
570,1485
292,1485
965,1485
804,1485
987,1485
988,1485
744,1485
1904,1485
307,1485
308,1485
1148,1485
309,1485
1919,1486
1556,1486
1557,1486
1558,1486
1920,1486
295,1486
296,1486
516,1486
298,1486
518,1486
1062,1486
1064,1486
1334,1486
1704,1486
1335,1486
1065,1486
1960,1486
1573,1486
1989,1486
1976,1486
1577,1486
1578,1486
1853,1486
1580,1486
1990,1486
1977,1486
1993,1486
1912,1486
1913,1486
1551,1487
1860,1487
1552,1487
1919,1487
1862,1487
1554,1487
1863,1487
1556,1487
1984,1487
1557,1487
1558,1487
1559,1487
1866,1487
1920,1487
965,1488
987,1488
988,1488
295,1488
296,1488
297,1488
516,1488
298,1488
518,1488
1345,1488
1346,1488
744,1488
745,1488
1904,1488
756,1488
762,1488
307,1488
308,1488
1148,1488
309,1488
744,1489
1904,1489
309,1489
311,1489
316,1489
1558,1490
1830,1490
1998,1490
1573,1490
1921,1490
1575,1490
1577,1490
1578,1490
1579,1490
1580,1490
12,1490
13,1490
1986,1490
1995,1490
1859,1490
1004,1491
1006,1491
1013,1491
1867,1492
1107,1492
921,1492
922,1492
596,1492
597,1492
1108,1492
1868,1492
1923,1492
1109,1492
1924,1492
598,1492
1110,1492
1111,1492
1112,1492
599,1492
600,1492
601,1492
1925,1492
602,1492
603,1492
604,1492
605,1492
1564,1492
1114,1492
1929,1492
1115,1492
1565,1492
1003,1492
1004,1492
1005,1492
1006,1492
274,1492
1344,1492
275,1492
276,1492
277,1492
1013,1492
134,1492
137,1492
138,1492
139,1492
140,1492
141,1492
146,1492
147,1492
1194,1492
1196,1492
1197,1492
148,1492
1199,1492
1200,1492
149,1492
150,1492
151,1492
1203,1492
1205,1492
1206,1492
1208,1492
1209,1492
154,1492
155,1492
1216,1492
156,1492
1217,1492
1218,1492
1219,1492
157,1492
158,1492
159,1492
1917,1493
1621,1493
490,1493
491,1493
1040,1493
1041,1493
492,1493
493,1493
1042,1493
494,1493
495,1493
592,1493
593,1493
1043,1493
1044,1493
594,1493
595,1493
1622,1493
1918,1493
1045,1493
1046,1493
1930,1493
1054,1493
1055,1493
1056,1493
998,1493
1047,1493
1048,1493
1057,1493
1049,1493
1058,1493
274,1494
1344,1494
276,1494
277,1494
1695,1495
1696,1495
1771,1495
1772,1495
1773,1495
1774,1495
1697,1495
1775,1495
1776,1495
1777,1495
1778,1495
237,1496
238,1496
239,1496
240,1496
923,1496
924,1496
925,1496
926,1496
927,1496
928,1496
929,1496
930,1496
225,1496
226,1496
227,1496
241,1496
242,1496
243,1496
228,1496
244,1496
245,1496
246,1496
247,1496
790,1496
791,1496
792,1496
793,1496
229,1496
230,1496
231,1496
232,1496
931,1496
932,1496
933,1496
934,1496
1307,1496
1308,1496
1309,1496
1310,1496
233,1496
234,1496
235,1496
236,1496
500,1497
704,1497
502,1497
705,1497
504,1497
776,1497
506,1497
779,1497
782,1497
783,1497
784,1497
785,1497
510,1497
511,1497
1658,1497
324,1497
325,1497
326,1497
327,1497
329,1497
330,1497
331,1497
332,1497
334,1497
1802,1497
1803,1497
1804,1497
1805,1497
1806,1497
1807,1497
1809,1497
1812,1497
1814,1497
1817,1497
335,1497
336,1497
337,1497
338,1497
339,1497
340,1497
341,1497
342,1497
1394,1498
1395,1498
283,1498
284,1498
1396,1498
1397,1498
1398,1498
1399,1498
1647,1498
237,1499
238,1499
239,1499
240,1499
225,1499
226,1499
227,1499
241,1499
242,1499
243,1499
228,1499
244,1499
245,1499
246,1499
247,1499
225,1500
226,1500
227,1500
241,1500
242,1500
243,1500
228,1500
790,1500
791,1500
792,1500
793,1500
1655,1501
1656,1501
1793,1501
1714,1501
1715,1501
1716,1501
1660,1501
1717,1501
1718,1501
1719,1501
1720,1501
1721,1501
1722,1501
1723,1501
1661,1501
1724,1501
1662,1501
1725,1501
1726,1501
1663,1501
1664,1501
1727,1501
1665,1501
1728,1501
1729,1501
1666,1501
1730,1501
500,1501
704,1501
764,1501
765,1501
501,1501
502,1501
705,1501
766,1501
767,1501
503,1501
768,1501
984,1501
769,1501
770,1501
771,1501
496,1501
772,1501
497,1501
773,1501
498,1501
774,1501
499,1501
775,1501
504,1501
776,1501
777,1501
778,1501
505,1501
506,1501
779,1501
780,1501
781,1501
507,1501
782,1501
1731,1501
783,1501
508,1501
784,1501
1732,1501
785,1501
509,1501
510,1501
511,1501
786,1501
787,1501
788,1501
1715,1502
1660,1502
1719,1502
1722,1502
1661,1502
1725,1502
1663,1502
1664,1502
1728,1502
1666,1502
1730,1502
500,1502
704,1502
764,1502
502,1502
705,1502
766,1502
768,1502
984,1502
769,1502
770,1502
771,1502
496,1502
497,1502
498,1502
499,1502
504,1502
776,1502
777,1502
505,1502
506,1502
779,1502
780,1502
507,1502
782,1502
1731,1502
508,1502
784,1502
1732,1502
510,1502
511,1502
500,1503
764,1503
502,1503
766,1503
504,1503
777,1503
505,1503
506,1503
780,1503
507,1503
782,1503
1731,1503
783,1503
784,1503
1732,1503
785,1503
510,1503
511,1503
1715,1504
1717,1504
1719,1504
1722,1504
1725,1504
1728,1504
500,1504
764,1504
502,1504
766,1504
504,1504
777,1504
506,1504
780,1504
782,1504
1731,1504
783,1504
784,1504
1732,1504
785,1504
510,1504
511,1504
1833,1505
1890,1505
1271,1505
32,1505
1071,1505
33,1505
1072,1505
34,1505
1834,1505
1891,1505
572,1505
35,1505
36,1505
37,1505
38,1505
39,1505
1892,1505
1272,1505
1074,1505
1075,1505
668,1505
573,1505
574,1505
575,1505
576,1505
669,1505
1273,1505
1076,1505
1274,1505
1077,1505
1078,1505
1561,1505
1079,1505
1080,1505
904,1505
905,1505
906,1505
907,1505
299,1505
300,1505
968,1505
301,1505
302,1505
303,1505
971,1505
972,1505
304,1505
974,1505
305,1505
306,1505
975,1505
976,1505
977,1505
1571,1505
1970,1505
1572,1505
1624,1505
1857,1506
1582,1506
1585,1506
1858,1506
237,1507
238,1507
239,1507
240,1507
244,1507
245,1507
246,1507
247,1507
24,1507
25,1507
26,1507
27,1507
278,1507
279,1507
280,1507
1947,1507
1948,1507
1949,1507
999,1508
1001,1508
1002,1508
1197,1508
148,1508
1199,1508
1200,1508
150,1508
151,1508
1216,1508
156,1508
1218,1508
1219,1508
158,1508
159,1508
1000,1509
1002,1509
969,1510
970,1510
973,1510
975,1510
976,1510
977,1510
1595,1510
1596,1510
590,1510
591,1510
918,1510
919,1510
920,1510
1752,1510
1753,1510
29,1511
450,1511
31,1511
452,1511
638,1511
453,1511
639,1511
641,1511
642,1511
643,1511
1267,1511
1268,1511
1269,1511
1270,1511
1490,1511
1000,1511
1001,1511
1002,1511
237,1512
238,1512
239,1512
240,1512
924,1512
925,1512
926,1512
927,1512
928,1512
929,1512
930,1512
228,1512
244,1512
245,1512
246,1512
247,1512
791,1512
792,1512
793,1512
931,1512
932,1512
933,1512
934,1512
1307,1512
1308,1512
1309,1512
1310,1512
743,1512
924,1513
925,1513
926,1513
931,1513
932,1513
933,1513
934,1513
1000,1513
1002,1513
1013,1513
17,1514
18,1514
19,1514
20,1514
21,1514
22,1514
23,1514
635,1514
636,1514
449,1514
29,1514
450,1514
30,1514
451,1514
31,1514
452,1514
638,1514
453,1514
639,1514
641,1514
643,1514
1268,1514
1269,1514
1270,1514
1490,1514
572,1514
1076,1514
1274,1514
1077,1514
1078,1514
1561,1514
1079,1514
1080,1514
727,1514
728,1514
420,1514
422,1514
536,1514
425,1514
1326,1514
446,1514
448,1514
969,1514
970,1514
973,1514
975,1514
976,1514
977,1514
1911,1514
1488,1514
1489,1514
1167,1514
1168,1514
1599,1514
1601,1514
1197,1514
148,1514
1199,1514
1200,1514
149,1514
150,1514
151,1514
1203,1514
1216,1514
1217,1514
1218,1514
1219,1514
1032,1514
1033,1514
1034,1514
1220,1514
1221,1514
1222,1514
1223,1514
1224,1514
1225,1514
1226,1514
1227,1514
1228,1514
1035,1514
1229,1514
1230,1514
1231,1514
1232,1514
1233,1514
1234,1514
1235,1514
1236,1514
1237,1514
252,1514
253,1514
1483,1514
1484,1514
1238,1514
1243,1514
1254,1514
1255,1514
1256,1514
1000,1515
1002,1515
1013,1515
225,1516
226,1516
227,1516
241,1516
242,1516
243,1516
228,1516
245,1516
246,1516
247,1516
931,1516
932,1516
933,1516
934,1516
789,1516
736,1516
543,1516
544,1516
545,1516
345,1516
347,1516
565,1516
546,1516
566,1516
348,1516
349,1516
350,1516
351,1516
354,1516
547,1516
548,1516
549,1516
550,1516
359,1516
360,1516
567,1516
568,1516
361,1516
362,1516
551,1516
364,1516
552,1516
553,1516
554,1516
367,1516
569,1516
368,1516
369,1516
371,1516
286,1516
287,1516
289,1516
555,1516
556,1516
374,1516
290,1516
375,1516
291,1516
570,1516
571,1516
292,1516
376,1516
1551,1516
1860,1516
1552,1516
1919,1516
1554,1516
1863,1516
1555,1516
1864,1516
1556,1516
1984,1516
1557,1516
1558,1516
1559,1516
1866,1516
1920,1516
805,1516
806,1516
798,1516
1068,1516
807,1516
808,1516
809,1516
965,1516
800,1516
987,1516
801,1516
988,1516
512,1516
513,1516
514,1516
515,1516
966,1516
989,1516
990,1516
991,1516
967,1516
17,1516
20,1516
21,1516
22,1516
23,1516
633,1516
634,1516
635,1516
636,1516
637,1516
295,1516
296,1516
298,1516
29,1516
450,1516
30,1516
451,1516
31,1516
452,1516
638,1516
1275,1516
453,1516
639,1516
455,1516
1070,1516
640,1516
641,1516
642,1516
643,1516
935,1516
1490,1516
1530,1516
391,1516
392,1516
393,1516
1532,1516
394,1516
395,1516
1533,1516
399,1516
401,1516
912,1516
403,1516
914,1516
404,1516
405,1516
623,1516
627,1516
629,1516
630,1516
631,1516
739,1516
740,1516
1699,1516
1700,1516
1701,1516
1333,1516
1702,1516
1704,1516
1705,1516
1887,1516
632,1516
520,1516
521,1516
741,1516
524,1516
525,1516
742,1516
557,1516
526,1516
558,1516
1888,1516
560,1516
1707,1516
1708,1516
1597,1516
1709,1516
278,1516
279,1516
280,1516
644,1516
908,1516
909,1516
1492,1516
645,1516
646,1516
1494,1516
647,1516
1495,1516
1779,1516
849,1516
47,1516
648,1516
850,1516
851,1516
852,1516
853,1516
854,1516
855,1516
856,1516
857,1516
986,1516
858,1516
859,1516
860,1516
861,1516
862,1516
863,1516
659,1516
660,1516
661,1516
866,1516
868,1516
1523,1516
1524,1516
1525,1516
1650,1516
1526,1516
1527,1516
1528,1516
1529,1516
838,1516
936,1516
1947,1516
1949,1516
937,1516
938,1516
1896,1516
939,1516
940,1516
1401,1516
941,1516
1100,1516
1625,1516
1626,1516
1627,1516
1628,1516
1629,1516
1101,1516
1630,1516
1631,1516
1632,1516
1633,1516
1634,1516
1635,1516
1636,1516
1637,1516
1638,1516
1639,1516
1608,1516
1609,1516
1610,1516
1611,1516
1612,1516
1613,1516
1036,1516
1037,1516
1038,1516
1039,1516
1104,1516
262,1516
263,1516
264,1516
265,1516
266,1516
268,1516
269,1516
1105,1516
1106,1516
1712,1516
1763,1516
270,1516
320,1516
271,1516
321,1516
322,1516
1796,1516
272,1516
273,1516
1713,1516
1040,1516
1041,1516
492,1516
493,1516
1042,1516
1043,1516
1044,1516
594,1516
1045,1516
1046,1516
998,1516
1047,1516
1048,1516
1049,1516
500,1516
704,1516
765,1516
501,1516
502,1516
705,1516
767,1516
503,1516
504,1516
776,1516
777,1516
778,1516
505,1516
506,1516
779,1516
780,1516
781,1516
507,1516
782,1516
783,1516
508,1516
784,1516
785,1516
509,1516
510,1516
511,1516
1312,1516
1313,1516
957,1516
1314,1516
1315,1516
1316,1516
1317,1516
1318,1516
1319,1516
959,1516
960,1516
961,1516
1320,1516
1321,1516
1322,1516
1323,1516
1324,1516
1325,1516
1540,1516
1485,1516
1120,1516
1121,1516
1123,1516
1541,1516
1542,1516
1486,1516
1124,1516
1543,1516
1544,1516
1471,1516
1472,1516
1473,1516
727,1516
1327,1516
728,1516
1545,1516
1546,1516
1547,1516
1548,1516
1549,1516
1328,1516
1329,1516
532,1516
1330,1516
1331,1516
533,1516
1332,1516
577,1516
578,1516
579,1516
431,1516
580,1516
433,1516
434,1516
581,1516
582,1516
583,1516
435,1516
418,1516
584,1516
585,1516
586,1516
587,1516
588,1516
589,1516
1550,1516
1129,1516
440,1516
419,1516
441,1516
442,1516
443,1516
421,1516
422,1516
214,1516
215,1516
216,1516
1018,1516
1019,1516
1020,1516
217,1516
218,1516
220,1516
534,1516
445,1516
1021,1516
423,1516
535,1516
536,1516
424,1516
1022,1516
537,1516
538,1516
425,1516
1023,1516
1474,1516
1475,1516
1326,1516
729,1516
730,1516
446,1516
731,1516
1132,1516
426,1516
1025,1516
1133,1516
427,1516
428,1516
429,1516
539,1516
540,1516
447,1516
430,1516
1134,1516
448,1516
1026,1516
1138,1516
1139,1516
1140,1516
1141,1516
1142,1516
1143,1516
820,1516
822,1516
823,1516
824,1516
409,1516
410,1516
411,1516
412,1516
827,1516
828,1516
1926,1516
1979,1516
1980,1516
1981,1516
1910,1516
1911,1516
712,1516
1856,1516
1582,1516
1583,1516
1584,1516
1587,1516
1588,1516
1488,1516
1489,1516
12,1516
13,1516
1986,1516
1995,1516
1982,1516
307,1516
308,1516
1148,1516
309,1516
310,1516
312,1516
313,1516
315,1516
317,1516
318,1516
1149,1516
1290,1516
1150,1516
1151,1516
670,1516
671,1516
672,1516
673,1516
674,1516
675,1516
676,1516
677,1516
678,1516
679,1516
680,1516
681,1516
682,1516
683,1516
684,1516
685,1516
686,1516
687,1516
688,1516
689,1516
696,1516
697,1516
698,1516
699,1516
2,1516
700,1516
701,1516
1167,1516
1168,1516
916,1516
917,1516
1197,1516
148,1516
1199,1516
1200,1516
149,1516
150,1516
151,1516
1203,1516
1216,1516
156,1516
1217,1516
1218,1516
1219,1516
157,1516
158,1516
159,1516
1032,1516
1033,1516
1034,1516
1220,1516
1221,1516
1222,1516
1223,1516
1224,1516
1225,1516
1226,1516
1227,1516
1228,1516
1035,1516
1229,1516
1230,1516
1231,1516
1232,1516
1233,1516
1234,1516
1235,1516
1236,1516
1237,1516
253,1516
1483,1516
254,1516
1484,1516
1238,1516
1241,1516
1242,1516
1590,1516
1254,1516
1255,1516
1256,1516
1000,1517
1001,1517
1002,1517
1000,1518
1001,1518
1002,1518
905,1519
970,1519
972,1519
973,1519
975,1519
976,1519
977,1519
1000,1520
1002,1520
1013,1520
1000,1521
1001,1521
1002,1521
17,1522
20,1522
21,1522
22,1522
23,1522
633,1522
634,1522
635,1522
636,1522
637,1522
295,1522
298,1522
29,1522
450,1522
30,1522
451,1522
31,1522
452,1522
638,1522
1275,1522
453,1522
639,1522
455,1522
1070,1522
640,1522
641,1522
642,1522
643,1522
1268,1522
1269,1522
1270,1522
1490,1522
1271,1522
32,1522
1071,1522
33,1522
1072,1522
34,1522
572,1522
36,1522
38,1522
39,1522
1272,1522
1074,1522
1075,1522
573,1522
574,1522
575,1522
576,1522
1273,1522
1076,1522
1274,1522
1077,1522
1078,1522
1561,1522
1079,1522
1080,1522
1139,1522
1140,1522
1141,1522
969,1522
975,1522
976,1522
977,1522
1000,1523
1001,1523
1002,1523
1000,1524
1001,1524
1002,1524
1552,1525
1865,1525
1559,1525
1999,1525
1994,1525
1996,1525
343,1526
344,1526
345,1526
346,1526
347,1526
348,1526
349,1526
350,1526
351,1526
352,1526
353,1526
354,1526
355,1526
357,1526
358,1526
359,1526
360,1526
361,1526
362,1526
363,1526
364,1526
365,1526
366,1526
367,1526
368,1526
369,1526
370,1526
371,1526
285,1526
286,1526
372,1526
288,1526
289,1526
373,1526
374,1526
290,1526
375,1526
291,1526
376,1526
274,1527
1344,1527
1013,1527
1110,1528
1112,1528
160,1529
161,1529
1754,1529
1755,1529
1756,1529
1757,1529
1758,1529
1759,1529
395,1530
1116,1530
607,1530
1566,1530
1117,1530
1162,1530
1163,1530
1164,1530
1167,1530
1168,1530
1170,1530
1177,1530
1385,1530
1386,1530
1192,1530
1193,1530
1195,1530
1197,1530
1198,1530
1199,1530
1204,1530
1214,1530
1215,1530
1032,1530
1033,1530
1034,1530
1220,1530
1221,1530
1222,1530
1223,1530
1224,1530
1225,1530
1226,1530
1227,1530
1228,1530
1229,1530
1230,1530
1231,1530
1232,1530
1233,1530
1234,1530
1235,1530
1236,1530
1237,1530
1532,1531
394,1531
399,1531
401,1531
911,1531
912,1531
913,1531
914,1531
915,1531
1919,1532
1865,1532
1920,1532
343,1533
344,1533
345,1533
346,1533
347,1533
348,1533
349,1533
350,1533
351,1533
353,1533
354,1533
356,1533
357,1533
358,1533
359,1533
360,1533
361,1533
362,1533
363,1533
364,1533
365,1533
366,1533
367,1533
368,1533
369,1533
370,1533
371,1533
285,1533
286,1533
372,1533
288,1533
289,1533
373,1533
374,1533
290,1533
375,1533
291,1533
376,1533
904,1534
905,1534
906,1534
907,1534
1941,1535
1944,1535
1945,1535
1677,1535
1806,1536
1807,1536
1809,1536
1812,1536
1814,1536
1817,1536
1806,1537
1807,1537
1809,1537
1812,1537
1814,1537
1817,1537
1806,1538
1807,1538
1809,1538
1812,1538
1814,1538
1817,1538
600,1539
1925,1539
1789,1540
1790,1540
1791,1540
999,1541
1000,1541
1001,1541
1002,1541
413,1541
414,1541
415,1541
416,1541
1013,1541
1556,1542
1493,1542
1494,1542
1499,1542
1500,1542
1501,1542
986,1542
1014,1542
1015,1542
1016,1542
1017,1542
606,1542
1336,1542
1338,1542
1339,1542
1938,1542
1032,1542
1033,1542
1034,1542
1336,1543
817,1543
1343,1543
1733,1543
904,1544
905,1544
906,1544
907,1544
835,1545
838,1545
942,1546
946,1546
947,1546
948,1546
949,1546
993,1546
994,1546
995,1546
997,1546
1530,1547
1531,1547
1532,1547
910,1547
912,1547
403,1547
914,1547
404,1547
405,1547
323,1548
328,1548
1737,1548
333,1548
1738,1548
1739,1548
1740,1548
1741,1548
1742,1548
1743,1548
1744,1548
1745,1548
1746,1548
1747,1548
1748,1548
1749,1548
1750,1548
1751,1548
530,1549
938,1549
939,1549
1620,1549
1081,1549
1085,1549
1406,1549
1407,1549
1408,1549
1409,1549
1410,1549
1411,1549
1412,1549
1413,1549
1414,1549
1435,1549
1436,1549
1437,1549
1438,1549
1439,1549
1440,1549
1441,1549
180,1549
183,1549
184,1549
185,1549
186,1549
187,1549
193,1549
194,1549
195,1549
435,1549
436,1549
437,1549
1550,1549
1129,1549
440,1549
419,1549
426,1549
539,1549
540,1549
1477,1549
1478,1549
1479,1549
1481,1549
43,1549
1380,1549
44,1549
45,1549
1285,1549
1286,1549
1287,1549
1877,1550
1878,1550
256,1551
257,1551
259,1551
260,1551
261,1551
513,1551
514,1551
515,1551
966,1551
295,1551
516,1551
517,1551
518,1551
743,1551
737,1551
1311,1551
1062,1551
1701,1551
519,1551
520,1551
521,1551
522,1551
741,1551
523,1551
524,1551
525,1551
742,1551
278,1551
279,1551
280,1551
644,1551
281,1551
46,1551
1779,1551
849,1551
1496,1551
702,1551
47,1551
648,1551
58,1551
858,1551
859,1551
860,1551
861,1551
862,1551
863,1551
657,1551
878,1551
879,1551
880,1551
881,1551
882,1551
1105,1551
1106,1551
1712,1551
1763,1551
270,1551
320,1551
271,1551
321,1551
322,1551
272,1551
273,1551
1713,1551
1917,1551
1621,1551
490,1551
491,1551
1040,1551
1041,1551
492,1551
493,1551
1042,1551
494,1551
495,1551
592,1551
593,1551
1043,1551
1044,1551
594,1551
595,1551
1622,1551
1918,1551
1045,1551
1046,1551
1930,1551
1054,1551
1055,1551
1056,1551
998,1551
1047,1551
1048,1551
1057,1551
1049,1551
1058,1551
252,1551
253,1551
1238,1551
255,1551
1243,1551
1257,1551
1258,1551
1378,1551
1379,1551
1259,1551
1876,1551
1591,1551
1260,1551
744,1552
745,1552
751,1552
802,1552
757,1552
763,1552
803,1552
966,1553
991,1553
967,1553
295,1553
516,1553
517,1553
518,1553
519,1553
520,1553
521,1553
522,1553
741,1553
523,1553
524,1553
525,1553
742,1553
558,1553
1888,1553
560,1553
1707,1553
1708,1553
1597,1553
1709,1553
702,1553
1105,1553
1106,1553
1712,1553
1763,1553
271,1553
541,1554
728,1554
417,1554
435,1554
1550,1554
1129,1554
440,1554
419,1554
426,1554
540,1554
447,1554
430,1554
968,1555
303,1555
971,1555
972,1555
304,1555
974,1555
975,1555
976,1555
977,1555
1655,1556
1656,1556
1714,1556
1715,1556
1716,1556
1660,1556
1717,1556
1718,1556
1719,1556
1720,1556
1721,1556
1722,1556
1723,1556
1661,1556
1724,1556
1662,1556
1725,1556
1726,1556
1663,1556
1664,1556
1727,1556
1665,1556
1728,1556
1729,1556
1666,1556
1730,1556
489,1556
747,1557
751,1557
757,1557
763,1557
310,1557
311,1557
312,1557
313,1557
316,1557
317,1557
318,1557
1485,1558
1122,1558
1541,1558
1542,1558
1486,1558
1124,1558
1544,1558
1327,1558
532,1558
533,1558
577,1558
578,1558
431,1558
580,1558
432,1558
433,1558
434,1558
581,1558
582,1558
583,1558
435,1558
418,1558
584,1558
585,1558
587,1558
588,1558
436,1558
437,1558
438,1558
439,1558
1550,1558
1129,1558
440,1558
419,1558
441,1558
442,1558
443,1558
444,1558
420,1558
421,1558
422,1558
423,1558
424,1558
537,1558
538,1558
425,1558
732,1558
426,1558
733,1558
734,1558
539,1558
540,1558
447,1558
430,1558
1135,1558
343,1559
543,1559
883,1559
884,1559
544,1559
885,1559
886,1559
545,1559
887,1559
344,1559
345,1559
346,1559
347,1559
565,1559
546,1559
566,1559
348,1559
349,1559
379,1559
380,1559
377,1559
888,1559
350,1559
381,1559
382,1559
378,1559
383,1559
384,1559
351,1559
352,1559
353,1559
354,1559
547,1559
548,1559
889,1559
355,1559
356,1559
357,1559
890,1559
891,1559
892,1559
549,1559
893,1559
550,1559
358,1559
359,1559
360,1559
567,1559
568,1559
361,1559
385,1559
386,1559
362,1559
894,1559
387,1559
388,1559
389,1559
363,1559
551,1559
364,1559
365,1559
552,1559
895,1559
896,1559
553,1559
897,1559
554,1559
366,1559
367,1559
569,1559
368,1559
369,1559
370,1559
371,1559
285,1559
286,1559
287,1559
898,1559
372,1559
288,1559
289,1559
899,1559
900,1559
555,1559
901,1559
902,1559
556,1559
373,1559
374,1559
290,1559
375,1559
291,1559
570,1559
571,1559
292,1559
376,1559
794,1559
293,1559
903,1559
795,1559
294,1559
390,1559
633,1559
634,1559
635,1559
636,1559
637,1559
295,1559
296,1559
297,1559
516,1559
517,1559
298,1559
518,1559
28,1559
449,1559
29,1559
450,1559
30,1559
451,1559
31,1559
452,1559
638,1559
1275,1559
1276,1559
1277,1559
453,1559
454,1559
639,1559
455,1559
456,1559
640,1559
641,1559
642,1559
643,1559
1833,1559
1890,1559
1271,1559
32,1559
1071,1559
33,1559
1072,1559
34,1559
1834,1559
1891,1559
572,1559
1073,1559
35,1559
36,1559
37,1559
38,1559
39,1559
1892,1559
1272,1559
1074,1559
1075,1559
668,1559
573,1559
574,1559
575,1559
576,1559
669,1559
262,1559
263,1559
264,1559
265,1559
266,1559
267,1559
268,1559
269,1559
1105,1559
1106,1559
1712,1559
1763,1559
270,1559
320,1559
271,1559
321,1559
322,1559
272,1559
273,1559
1713,1559
307,1559
1147,1559
308,1559
1148,1559
309,1559
310,1559
311,1559
312,1559
313,1559
314,1559
315,1559
316,1559
317,1559
318,1559
319,1559
1288,1560
1173,1560
1174,1560
1289,1560
1736,1560
916,1560
917,1560
1346,1561
744,1561
745,1561
1904,1561
746,1561
747,1561
748,1561
749,1561
750,1561
751,1561
752,1561
753,1561
754,1561
802,1561
755,1561
756,1561
757,1561
758,1561
759,1561
760,1561
761,1561
762,1561
763,1561
1619,1561
803,1561
904,1561
905,1561
906,1561
907,1561
1568,1561
1569,1561
1570,1561
300,1561
968,1561
301,1561
302,1561
303,1561
971,1561
972,1561
304,1561
974,1561
305,1561
306,1561
975,1561
976,1561
977,1561
1571,1561
1970,1561
1572,1561
1624,1561
910,1562
912,1562
914,1562
1473,1563
1125,1563
1127,1563
695,1564
701,1564
1835,1564
1836,1564
590,1565
591,1565
1155,1566
1985,1566
1780,1566
1781,1566
1782,1566
1156,1566
1157,1566
1158,1566
1159,1566
1783,1566
1784,1566
1785,1566
1735,1566
1160,1566
1161,1566
1786,1566
691,1567
697,1567
1869,1567
1872,1567
1155,1568
1985,1568
1780,1568
1781,1568
1782,1568
1156,1568
1157,1568
1158,1568
1159,1568
1783,1568
1784,1568
1785,1568
1735,1568
1160,1568
1161,1568
1786,1568
1155,1569
1985,1569
1156,1569
1158,1569
1786,1569
1155,1570
1156,1570
1157,1570
1158,1570
1159,1570
1735,1570
1160,1570
1161,1570
670,1571
671,1571
672,1571
673,1571
674,1571
675,1571
676,1571
677,1571
678,1571
679,1571
680,1571
681,1571
682,1571
683,1571
684,1571
685,1571
686,1571
687,1571
688,1571
689,1571
690,1571
691,1571
692,1571
693,1571
1,1571
694,1571
695,1571
696,1571
697,1571
698,1571
699,1571
2,1571
700,1571
701,1571
811,1571
1869,1571
1870,1571
1787,1571
3,1571
1871,1571
1835,1571
812,1571
1872,1571
1873,1571
1788,1571
4,1571
1874,1571
1836,1571
1155,1571
1985,1571
1780,1571
1781,1571
1782,1571
1156,1571
1157,1571
1158,1571
1159,1571
1783,1571
1784,1571
1785,1571
1735,1571
1160,1571
1161,1571
1786,1571
693,1572
699,1572
1787,1572
1788,1572
693,1573
699,1573
1787,1573
1788,1573
989,1574
990,1574
991,1574
967,1574
270,1575
320,1575
321,1575
1796,1575
272,1575
1713,1575
1320,1576
1321,1576
1322,1576
962,1576
963,1576
964,1576
500,1577
704,1577
764,1577
765,1577
501,1577
502,1577
705,1577
766,1577
767,1577
503,1577
504,1577
776,1577
777,1577
778,1577
505,1577
506,1577
779,1577
780,1577
781,1577
507,1577
782,1577
1731,1577
783,1577
508,1577
784,1577
1732,1577
785,1577
509,1577
510,1577
511,1577
786,1577
787,1577
788,1577
251,1577
252,1577
253,1577
1483,1577
254,1577
1764,1578
1765,1578
1766,1578
1686,1578
1687,1578
1688,1578
1767,1578
1768,1578
1689,1578
1690,1578
1769,1578
1691,1578
1692,1578
1693,1578
1694,1578
1770,1578
1771,1578
1772,1578
1773,1578
1774,1578
1775,1578
1776,1578
1777,1578
1778,1578
1657,1579
1658,1579
324,1579
325,1579
326,1579
327,1579
329,1579
330,1579
331,1579
332,1579
334,1579
1801,1579
1802,1579
1803,1579
1804,1579
1805,1579
1806,1579
1807,1579
1809,1579
1812,1579
1814,1579
1817,1579
1819,1579
1821,1579
335,1579
1822,1579
336,1579
1823,1579
1826,1579
337,1579
338,1579
1684,1579
339,1579
1659,1579
340,1579
341,1579
1685,1579
342,1579
1136,1580
1137,1580
1138,1580
1140,1580
1142,1580
1143,1580
1403,1581
1837,1581
1838,1581
1839,1581
1840,1581
1350,1581
1841,1581
1842,1581
1843,1581
1844,1581
1351,1581
1352,1581
1606,1581
1607,1581
1710,1581
1098,1581
1846,1581
1847,1581
1099,1581
1848,1581
1100,1581
1101,1581
1849,1581
1850,1581
225,1582
227,1582
241,1582
242,1582
243,1582
931,1582
932,1582
933,1582
934,1582
1307,1582
1308,1582
1309,1582
1310,1582
735,1582
743,1582
1490,1582
1400,1582
1491,1582
737,1582
1311,1582
1560,1582
278,1582
279,1582
280,1582
644,1582
281,1582
908,1582
909,1582
1492,1582
645,1582
646,1582
647,1582
1779,1582
849,1582
1496,1582
47,1582
648,1582
48,1582
850,1582
851,1582
852,1582
853,1582
854,1582
855,1582
649,1582
650,1582
651,1582
1497,1582
1498,1582
49,1582
50,1582
51,1582
52,1582
53,1582
54,1582
983,1582
979,1582
980,1582
981,1582
856,1582
857,1582
986,1582
1506,1582
1507,1582
1508,1582
1509,1582
1510,1582
55,1582
56,1582
57,1582
652,1582
58,1582
858,1582
859,1582
860,1582
861,1582
862,1582
863,1582
59,1582
60,1582
61,1582
62,1582
63,1582
864,1582
657,1582
1513,1582
1514,1582
1515,1582
658,1582
659,1582
660,1582
661,1582
662,1582
663,1582
865,1582
866,1582
867,1582
868,1582
869,1582
870,1582
871,1582
872,1582
1516,1582
1517,1582
1518,1582
1519,1582
1520,1582
1521,1582
1648,1582
1649,1582
873,1582
874,1582
875,1582
876,1582
877,1582
664,1582
665,1582
666,1582
667,1582
1522,1582
878,1582
879,1582
880,1582
881,1582
882,1582
1523,1582
1524,1582
1525,1582
1650,1582
1529,1582
1620,1582
1081,1582
1562,1582
1404,1582
608,1582
609,1582
610,1582
1603,1582
1604,1582
1605,1582
1082,1582
1083,1582
1084,1582
611,1582
612,1582
613,1582
1837,1582
1838,1582
1839,1582
1840,1582
1085,1582
1350,1582
1406,1582
1897,1582
1898,1582
1899,1582
1900,1582
1841,1582
1842,1582
1843,1582
1844,1582
1351,1582
1352,1582
1563,1582
1407,1582
160,1582
161,1582
162,1582
1408,1582
1409,1582
1410,1582
1411,1582
1412,1582
1413,1582
1414,1582
1606,1582
1914,1582
164,1582
165,1582
166,1582
167,1582
1950,1582
1416,1582
1417,1582
1418,1582
1419,1582
1420,1582
1421,1582
1422,1582
1423,1582
1424,1582
1425,1582
1426,1582
1427,1582
1428,1582
1429,1582
1430,1582
1431,1582
1432,1582
1433,1582
1434,1582
1435,1582
1436,1582
1437,1582
1438,1582
1439,1582
1440,1582
1441,1582
1951,1582
1607,1582
1915,1582
1916,1582
1710,1582
1098,1582
1845,1582
1846,1582
1847,1582
1099,1582
1848,1582
1849,1582
1850,1582
173,1582
174,1582
1608,1582
1609,1582
1610,1582
1611,1582
1901,1582
1902,1582
186,1582
187,1582
1461,1582
1612,1582
1613,1582
1903,1582
195,1582
196,1582
199,1582
200,1582
201,1582
202,1582
203,1582
204,1582
206,1582
207,1582
208,1582
209,1582
210,1582
212,1582
213,1582
1102,1582
1103,1582
993,1582
994,1582
995,1582
996,1582
997,1582
1481,1582
43,1582
1589,1582
1380,1582
1381,1582
44,1582
1482,1582
45,1582
1736,1582
916,1582
917,1582
927,1583
928,1583
929,1583
930,1583
227,1583
241,1583
242,1583
243,1583
228,1583
244,1583
245,1583
246,1583
247,1583
735,1583
736,1583
737,1583
1311,1583
608,1583
609,1583
610,1583
611,1583
612,1583
613,1583
1837,1583
1838,1583
1839,1583
1840,1583
1350,1583
1897,1583
1898,1583
1899,1583
1900,1583
1841,1583
1842,1583
1843,1583
1844,1583
1351,1583
1352,1583
1423,1583
1424,1583
1425,1583
1426,1583
1427,1583
1428,1583
1429,1583
1430,1583
1431,1583
1432,1583
1433,1583
1434,1583
1100,1583
1645,1583
1652,1583
1101,1583
621,1583
622,1583
1646,1583
1653,1583
1654,1583
1246,1583
1247,1583
1250,1583
1251,1583
241,1584
228,1584
230,1584
735,1584
743,1584
737,1584
1311,1584
17,1585
18,1585
19,1585
20,1585
21,1585
22,1585
23,1585
633,1585
634,1585
635,1585
636,1585
637,1585
28,1585
449,1585
29,1585
450,1585
30,1585
451,1585
31,1585
452,1585
640,1585
641,1585
642,1585
643,1585
1919,1586
1553,1586
1556,1586
1558,1586
1920,1586
48,1587
49,1587
50,1587
51,1587
52,1587
53,1587
54,1587
644,1588
281,1588
282,1588
648,1588
48,1588
649,1588
650,1588
651,1588
49,1588
50,1588
51,1588
58,1588
654,1588
655,1588
656,1588
59,1588
60,1588
61,1588
657,1588
658,1588
659,1588
660,1588
661,1588
623,1589
624,1589
625,1589
629,1589
630,1589
632,1589
1496,1589
702,1589
572,1589
36,1589
38,1589
39,1589
744,1590
1904,1590
746,1590
747,1590
748,1590
749,1590
750,1590
751,1590
752,1590
753,1590
754,1590
755,1590
757,1590
1016,1590
606,1590
607,1590
1566,1590
1117,1590
1149,1590
1291,1590
1292,1590
1293,1590
1294,1590
1295,1590
1296,1590
1151,1590
1297,1590
1152,1590
1305,1590
1153,1590
1306,1590
1154,1590
1298,1590
1299,1590
1303,1590
1304,1590
690,1590
691,1590
692,1590
693,1590
1,1590
694,1590
695,1590
696,1590
697,1590
698,1590
699,1590
2,1590
700,1590
701,1590
811,1590
1869,1590
1870,1590
1787,1590
3,1590
1871,1590
1835,1590
812,1590
1872,1590
1873,1590
1788,1590
4,1590
1874,1590
1836,1590
1155,1590
1985,1590
1780,1590
1782,1590
1156,1590
1158,1590
1159,1590
1784,1590
1735,1590
1786,1590
1476,1590
1478,1590
1479,1590
1007,1590
1008,1590
277,1590
324,1590
325,1590
326,1590
327,1590
329,1590
332,1590
334,1590
1806,1590
1807,1590
1809,1590
1812,1590
1814,1590
1817,1590
1485,1591
1122,1591
1124,1591
1021,1591
1022,1591
1023,1591
1573,1591
1574,1591
1853,1591
1926,1591
1978,1591
1979,1591
1980,1591
1981,1591
1910,1591
1911,1591
712,1591
5,1591
6,1591
1855,1591
1027,1591
1028,1591
1581,1591
1856,1591
1927,1591
1857,1591
1882,1591
1487,1591
1582,1591
1583,1591
1584,1591
1585,1591
1586,1591
1587,1591
1588,1591
1928,1591
1858,1591
1883,1591
1488,1591
1489,1591
7,1591
40,1591
14,1591
8,1591
9,1591
41,1591
15,1591
10,1591
42,1591
16,1591
1348,1592
1349,1592
307,1592
1147,1592
308,1592
1148,1592
312,1592
317,1592
318,1592
24,1593
25,1593
26,1593
27,1593
1070,1593
1267,1593
1268,1593
1269,1593
1270,1593
942,1593
943,1593
944,1593
945,1593
946,1593
947,1593
948,1593
949,1593
950,1593
1845,1593
1100,1593
1101,1593
1711,1593
173,1593
174,1593
330,1594
331,1594
1803,1594
1804,1594
1805,1594
1806,1594
1807,1594
1808,1594
1809,1594
1810,1594
1811,1594
1812,1594
1813,1594
1814,1594
1815,1594
1816,1594
1817,1594
1818,1594
1820,1594
1824,1594
1825,1594
1827,1594
1828,1594
1232,1594
1233,1594
1234,1594
251,1594
252,1594
253,1594
1483,1594
254,1594
1484,1594
1238,1594
1239,1594
255,1594
1240,1594
1241,1594
1242,1594
1243,1594
330,1595
331,1595
1802,1595
1803,1595
1804,1595
1805,1595
1806,1595
1807,1595
1808,1595
1809,1595
1810,1595
1811,1595
1812,1595
1813,1595
1814,1595
1815,1595
1816,1595
1817,1595
1818,1595
1820,1595
335,1595
336,1595
1824,1595
1825,1595
337,1595
1827,1595
1828,1595
338,1595
339,1595
1232,1595
1233,1595
1234,1595
330,1596
331,1596
1803,1596
1804,1596
1805,1596
1806,1596
1807,1596
1808,1596
1809,1596
1810,1596
1811,1596
1812,1596
1813,1596
1814,1596
1815,1596
1816,1596
1817,1596
1818,1596
1820,1596
1824,1596
1825,1596
1827,1596
1828,1596
252,1596
253,1596
1243,1596
330,1597
331,1597
1803,1597
1804,1597
1805,1597
1808,1597
1810,1597
1811,1597
1813,1597
1815,1597
1816,1597
1818,1597
1820,1597
1824,1597
1825,1597
1827,1597
1828,1597
1035,1597
1232,1597
1233,1597
1234,1597
252,1597
253,1597
1243,1597
324,1598
325,1598
327,1598
329,1598
330,1598
331,1598
332,1598
334,1598
1803,1598
1804,1598
1805,1598
1808,1598
1810,1598
1811,1598
1813,1598
1815,1598
1816,1598
1818,1598
1820,1598
1824,1598
1825,1598
1827,1598
1828,1598
252,1598
253,1598
1483,1598
1484,1598
1238,1598
1243,1598
500,1599
501,1599
502,1599
503,1599
504,1599
505,1599
506,1599
507,1599
508,1599
509,1599
510,1599
511,1599
501,1600
502,1600
503,1600
505,1600
506,1600
507,1600
782,1600
508,1600
784,1600
509,1600
510,1600
1764,1601
1765,1601
1766,1601
1686,1601
1688,1601
1767,1601
1768,1601
1689,1601
1690,1601
1769,1601
1691,1601
1692,1601
1693,1601
1694,1601
1770,1601
1695,1601
1696,1601
1771,1601
1772,1601
1773,1601
1774,1601
1697,1601
1775,1601
1776,1601
1777,1601
1778,1601
1655,1601
1656,1601
1657,1601
1658,1601
323,1601
324,1601
325,1601
326,1601
327,1601
328,1601
1737,1601
329,1601
330,1601
331,1601
332,1601
333,1601
334,1601
1801,1601
1802,1601
1803,1601
1804,1601
1805,1601
1961,1601
1806,1601
1807,1601
1809,1601
1812,1601
1814,1601
1817,1601
1819,1601
1821,1601
335,1601
1822,1601
336,1601
1823,1601
1826,1601
337,1601
338,1601
1684,1601
339,1601
1659,1601
340,1601
341,1601
1685,1601
342,1601
1109,1602
1110,1602
1111,1602
599,1602
600,1602
601,1602
603,1602
605,1602
1564,1602
1114,1602
1164,1602
1165,1602
1166,1602
1167,1602
1168,1602
1169,1602
1170,1602
1382,1602
561,1602
1171,1602
563,1602
1173,1602
1174,1602
564,1602
1175,1602
1176,1602
1282,1602
1283,1602
1177,1602
1179,1602
1284,1602
1180,1602
1599,1602
952,1602
1383,1602
1285,1602
1181,1602
1600,1602
1601,1602
1182,1602
1183,1602
1185,1602
1386,1602
1286,1602
1287,1602
1186,1602
955,1602
956,1602
1387,1602
1187,1602
134,1602
706,1602
709,1602
137,1602
138,1602
139,1602
707,1602
710,1602
140,1602
141,1602
708,1602
711,1602
146,1602
147,1602
1189,1602
1190,1602
1191,1602
1193,1602
1197,1602
148,1602
1199,1602
1200,1602
149,1602
150,1602
151,1602
1201,1602
1202,1602
1203,1602
1205,1602
1208,1602
154,1602
155,1602
1216,1602
156,1602
1217,1602
1218,1602
1219,1602
157,1602
158,1602
159,1602
1244,1602
1245,1602
1246,1602
1247,1602
1248,1602
1249,1602
1250,1602
1251,1602
1614,1602
1615,1602
1377,1602
1616,1602
1617,1602
1252,1602
1253,1602
1590,1602
1254,1602
1255,1602
1050,1602
1051,1602
1052,1602
1053,1602
1256,1602
1618,1602
1257,1602
1258,1602
1378,1602
1379,1602
1259,1602
1876,1602
1591,1602
1260,1602
1592,1602
1261,1602
1593,1602
1262,1602
1263,1602
1264,1602
1265,1602
1602,1602
1594,1602
1266,1602
1714,1603
1660,1603
1717,1603
1718,1603
1721,1603
1661,1603
1724,1603
1662,1603
1663,1603
1664,1603
1727,1603
1665,1603
1666,1603
1730,1603
1764,1604
1765,1604
1766,1604
1686,1604
1687,1604
1688,1604
1767,1604
1768,1604
1689,1604
1690,1604
1769,1604
1691,1604
1692,1604
1693,1604
1694,1604
1307,1605
1308,1605
1309,1605
1310,1605
276,1606
277,1606
1907,1607
1908,1607
1001,1608
1002,1608
415,1608
416,1608
1007,1608
1008,1608
274,1609
1344,1609
275,1609
276,1609
277,1609
1013,1609
1323,1610
1324,1610
1325,1610
1109,1611
1113,1611
1114,1611
1115,1611
1565,1611
1116,1611
1015,1611
1288,1612
1289,1612
1863,1613
1987,1613
1988,1613
5,1614
6,1614
40,1614
8,1614
41,1614
42,1614
1860,1615
1863,1615
1987,1615
1988,1615
1995,1615
58,1616
59,1616
60,1616
61,1616
62,1616
63,1616
864,1616
927,1617
928,1617
929,1617
930,1617
736,1617
789,1618
1400,1618
1491,1618
1837,1618
1838,1618
1839,1618
1840,1618
1841,1618
1842,1618
1843,1618
1844,1618
1563,1618
1407,1618
1606,1618
1950,1618
1951,1618
1607,1618
1640,1618
1641,1618
1642,1618
1643,1618
1644,1618
1449,1618
1450,1618
1451,1618
1452,1618
1453,1618
1454,1618
1455,1618
1456,1618
1457,1618
1458,1618
620,1618
1625,1618
1626,1618
1627,1618
1628,1618
1629,1618
621,1618
622,1618
1630,1618
1631,1618
1632,1618
1633,1618
1634,1618
1635,1618
1636,1618
1637,1618
1638,1618
1639,1618
1380,1618
1381,1618
1490,1619
1491,1619
1623,1619
1508,1619
1509,1619
1510,1619
1710,1620
1098,1620
1845,1620
1640,1620
1641,1620
1642,1620
1643,1620
1644,1620
1449,1620
1450,1620
1451,1620
1452,1620
1453,1620
1846,1620
1847,1620
1099,1620
1454,1620
1455,1620
1456,1620
1457,1620
1458,1620
1848,1620
620,1620
1353,1620
1354,1620
1355,1620
1356,1620
1357,1620
1625,1620
1626,1620
1627,1620
1628,1620
1629,1620
1645,1620
1358,1620
621,1620
622,1620
1849,1620
1850,1620
1359,1620
1360,1620
1361,1620
1362,1620
1363,1620
1364,1620
1365,1620
1366,1620
1367,1620
1368,1620
1369,1620
1370,1620
1371,1620
1372,1620
1373,1620
1630,1620
1631,1620
1632,1620
1633,1620
1634,1620
1635,1620
1636,1620
1637,1620
1638,1620
1639,1620
1646,1620
1374,1620
1375,1620
435,1621
436,1621
437,1621
927,1622
928,1622
929,1622
930,1622
1345,1622
1346,1622
1347,1622
1348,1622
1349,1622
1619,1622
1350,1622
1352,1622
1449,1622
1450,1622
1451,1622
1452,1622
1453,1622
1454,1622
1455,1622
1456,1622
1457,1622
1458,1622
620,1622
1353,1622
1354,1622
1355,1622
1356,1622
1357,1622
1645,1622
1652,1622
1358,1622
622,1622
1369,1622
1370,1622
1371,1622
1372,1622
1373,1622
1646,1622
1653,1622
1654,1622
1375,1622
1102,1622
1103,1622
237,1623
238,1623
239,1623
240,1623
245,1623
246,1623
247,1623
931,1623
932,1623
933,1623
934,1623
1552,1624
1919,1624
1553,1624
1556,1624
1557,1624
1558,1624
1559,1624
1920,1624
789,1625
543,1625
544,1625
545,1625
345,1625
546,1625
350,1625
354,1625
547,1625
548,1625
549,1625
550,1625
359,1625
551,1625
552,1625
553,1625
554,1625
367,1625
371,1625
286,1625
287,1625
289,1625
555,1625
556,1625
374,1625
292,1625
1400,1625
1040,1625
1041,1625
492,1625
493,1625
1042,1625
1043,1625
1044,1625
594,1625
1045,1625
1046,1625
998,1625
1047,1625
1048,1625
1049,1625
435,1625
436,1625
437,1625
307,1625
1147,1625
308,1625
1148,1625
1164,1625
1165,1625
1166,1625
1169,1625
1170,1625
1382,1625
562,1625
1171,1625
1172,1625
563,1625
1174,1625
564,1625
1175,1625
1176,1625
1177,1625
1179,1625
1736,1625
916,1625
917,1625
1180,1625
1383,1625
1285,1625
1181,1625
1182,1625
1183,1625
1185,1625
1186,1625
1387,1625
1187,1625
1246,1625
1247,1625
1250,1625
1251,1625
1164,1626
1165,1626
1166,1626
1480,1626
1169,1626
1170,1626
1482,1626
1382,1626
562,1626
1171,1626
1172,1626
563,1626
1174,1626
564,1626
1175,1626
1176,1626
1177,1626
1179,1626
1736,1626
916,1626
917,1626
1284,1626
1180,1626
951,1626
952,1626
1383,1626
1181,1626
1182,1626
953,1626
1183,1626
1185,1626
954,1626
1186,1626
955,1626
956,1626
249,1626
250,1626
1387,1626
1187,1626
927,1627
928,1627
929,1627
930,1627
228,1627
790,1627
791,1627
792,1627
793,1627
229,1627
230,1627
231,1627
232,1627
931,1627
932,1627
933,1627
934,1627
735,1627
736,1627
805,1627
806,1627
1068,1627
1069,1627
807,1627
809,1627
965,1627
987,1627
988,1627
513,1627
966,1627
991,1627
1560,1627
1402,1627
1403,1627
1081,1627
1404,1627
1603,1627
1604,1627
1605,1627
1082,1627
1083,1627
1084,1627
1405,1627
1085,1627
1350,1627
1351,1627
1352,1627
614,1627
615,1627
616,1627
617,1627
1598,1627
162,1627
1914,1627
1415,1627
1915,1627
1916,1627
1448,1627
1710,1627
1098,1627
1845,1627
1846,1627
1847,1627
1099,1627
1848,1627
1100,1627
1645,1627
1652,1627
1358,1627
1101,1627
1646,1627
1653,1627
1654,1627
1374,1627
1375,1627
172,1627
174,1627
1608,1627
1609,1627
1610,1627
1611,1627
1901,1627
1461,1627
1612,1627
1613,1627
196,1627
202,1627
203,1627
204,1627
205,1627
207,1627
208,1627
209,1627
210,1627
211,1627
213,1627
1037,1627
1039,1627
1104,1627
263,1627
264,1627
266,1627
1105,1627
1106,1627
271,1627
321,1627
273,1627
500,1627
704,1627
765,1627
501,1627
502,1627
705,1627
767,1627
503,1627
504,1627
778,1627
505,1627
506,1627
781,1627
507,1627
783,1627
508,1627
785,1627
509,1627
1312,1627
1313,1627
957,1627
1314,1627
1315,1627
1316,1627
1317,1627
1318,1627
1319,1627
960,1627
961,1627
1320,1627
1321,1627
1323,1627
1324,1627
323,1627
328,1627
1737,1627
333,1627
1738,1627
1739,1627
1740,1627
1741,1627
1742,1627
1743,1627
1744,1627
1745,1627
1746,1627
1747,1627
1748,1627
1749,1627
1750,1627
1751,1627
1032,1627
1033,1627
1034,1627
1220,1627
1221,1627
1222,1627
1223,1627
1224,1627
1225,1627
1226,1627
1227,1627
1228,1627
1035,1627
1229,1627
1230,1627
1231,1627
1232,1627
1233,1627
1234,1627
1235,1627
1236,1627
1237,1627
918,1627
919,1627
920,1627
1752,1627
1753,1627
256,1628
257,1628
259,1628
260,1628
261,1628
832,1628
833,1628
1789,1628
1790,1628
1791,1628
834,1628
1952,1628
1953,1628
835,1628
836,1628
837,1628
1389,1628
1931,1628
1932,1628
838,1628
839,1628
840,1628
1934,1628
841,1628
842,1628
1278,1628
1667,1628
1279,1628
1668,1628
1280,1628
1669,1628
1670,1628
1281,1628
1336,1628
813,1628
1337,1628
1905,1628
1683,1628
1935,1628
1936,1628
814,1628
843,1628
1906,1628
844,1628
845,1628
1390,1628
846,1628
847,1628
848,1628
1907,1628
1908,1628
1338,1628
1391,1628
1339,1628
1937,1628
1392,1628
1671,1628
1393,1628
1567,1628
1938,1628
1340,1628
1672,1628
1794,1628
815,1628
816,1628
817,1628
1673,1628
1795,1628
818,1628
1341,1628
1946,1628
1342,1628
1343,1628
1680,1628
1681,1628
1682,1628
1678,1628
1909,1628
819,1628
1733,1628
1679,1628
1734,1628
134,1628
706,1628
709,1628
135,1628
136,1628
137,1628
138,1628
139,1628
707,1628
710,1628
140,1628
141,1628
142,1628
143,1628
708,1628
711,1628
144,1628
145,1628
146,1628
147,1628
148,1628
1200,1628
149,1628
150,1628
151,1628
1203,1628
1376,1628
1207,1628
1210,1628
1211,1628
1212,1628
154,1628
155,1628
156,1628
157,1628
158,1628
159,1628
1884,1629
625,1629
627,1629
628,1629
629,1629
631,1629
256,1630
257,1630
258,1630
259,1630
260,1630
261,1630
295,1630
296,1630
297,1630
298,1630
25,1630
26,1630
638,1630
1275,1630
1276,1630
1277,1630
453,1630
454,1630
639,1630
455,1630
456,1630
623,1630
624,1630
627,1630
628,1630
629,1630
630,1630
631,1630
739,1630
740,1630
1701,1630
1333,1630
1702,1630
1063,1630
1703,1630
1886,1630
1064,1630
1704,1630
1705,1630
1706,1630
1887,1630
1335,1630
632,1630
1066,1630
1890,1630
32,1630
33,1630
34,1630
572,1630
668,1630
573,1630
574,1630
575,1630
576,1630
343,1631
543,1631
884,1631
544,1631
885,1631
886,1631
545,1631
887,1631
344,1631
345,1631
346,1631
347,1631
565,1631
546,1631
566,1631
348,1631
349,1631
379,1631
380,1631
377,1631
350,1631
381,1631
382,1631
378,1631
351,1631
352,1631
353,1631
354,1631
547,1631
548,1631
355,1631
356,1631
357,1631
890,1631
891,1631
892,1631
549,1631
893,1631
550,1631
358,1631
359,1631
360,1631
567,1631
568,1631
361,1631
385,1631
386,1631
362,1631
387,1631
388,1631
363,1631
551,1631
364,1631
365,1631
552,1631
895,1631
896,1631
553,1631
897,1631
554,1631
366,1631
367,1631
569,1631
368,1631
369,1631
370,1631
371,1631
285,1631
286,1631
287,1631
372,1631
288,1631
289,1631
899,1631
900,1631
555,1631
901,1631
902,1631
556,1631
373,1631
374,1631
290,1631
375,1631
291,1631
570,1631
571,1631
292,1631
376,1631
794,1631
293,1631
795,1631
294,1631
832,1631
833,1631
1789,1631
1790,1631
1791,1631
834,1631
836,1631
1966,1631
837,1631
839,1631
840,1631
1963,1631
1792,1631
1934,1631
1968,1631
841,1631
842,1631
1969,1631
1954,1631
906,1631
907,1631
299,1631
300,1631
301,1631
302,1631
303,1631
304,1631
305,1631
306,1631
1149,1631
1290,1631
1150,1631
1291,1631
1292,1631
1293,1631
1294,1631
1295,1631
1296,1631
1151,1631
1297,1631
671,1631
672,1631
673,1631
675,1631
676,1631
678,1631
679,1631
681,1631
682,1631
684,1631
685,1631
686,1631
688,1631
689,1631
691,1631
692,1631
693,1631
694,1631
695,1631
697,1631
698,1631
699,1631
700,1631
701,1631
1869,1631
1870,1631
1787,1631
1871,1631
1835,1631
1872,1631
1873,1631
1788,1631
1874,1631
1836,1631
65,1631
66,1631
67,1631
68,1631
69,1631
70,1631
71,1631
72,1631
73,1631
1877,1631
1878,1631
694,1632
700,1632
1871,1632
1874,1632
694,1633
700,1633
1871,1633
1874,1633
694,1634
700,1634
1871,1634
1874,1634
694,1635
700,1635
1871,1635
1874,1635
694,1636
700,1636
1871,1636
1874,1636
694,1637
700,1637
1871,1637
1874,1637
694,1638
700,1638
1871,1638
1874,1638
694,1639
700,1639
1871,1639
1874,1639
1113,1640
1115,1640
1565,1640
599,1641
600,1641
1925,1641
602,1641
1924,1642
1564,1642
1114,1642
1929,1642
1109,1643
1111,1643
1113,1643
1564,1643
1114,1643
1115,1643
1565,1643
1116,1643
1015,1643
1566,1643
1117,1643
476,1644
477,1644
478,1644
479,1644
1003,1645
1005,1645
1006,1645
413,1645
415,1645
416,1645
82,1646
83,1646
84,1646
487,1646
1884,1647
627,1647
628,1647
631,1647
738,1647
739,1647
740,1647
1885,1647
1701,1647
1703,1647
1886,1647
1064,1647
1704,1647
1706,1647
1887,1647
1335,1647
278,1647
279,1647
280,1647
908,1647
645,1647
646,1647
647,1647
1623,1647
1779,1647
648,1647
48,1647
850,1647
851,1647
852,1647
853,1647
854,1647
855,1647
649,1647
650,1647
651,1647
1497,1647
1498,1647
49,1647
50,1647
51,1647
52,1647
53,1647
54,1647
856,1647
857,1647
986,1647
58,1647
858,1647
859,1647
860,1647
861,1647
862,1647
863,1647
59,1647
60,1647
61,1647
62,1647
63,1647
864,1647
657,1647
658,1647
659,1647
660,1647
661,1647
662,1647
663,1647
865,1647
866,1647
867,1647
868,1647
869,1647
870,1647
871,1647
872,1647
1516,1647
1517,1647
1518,1647
1519,1647
1520,1647
1521,1647
1648,1647
1649,1647
873,1647
874,1647
875,1647
876,1647
877,1647
664,1647
665,1647
666,1647
667,1647
1522,1647
878,1647
879,1647
880,1647
881,1647
882,1647
1523,1647
1524,1647
1525,1647
1650,1647
1529,1647
1333,1648
1702,1648
1063,1648
1703,1648
1705,1648
1706,1648
904,1649
905,1649
906,1649
907,1649
1493,1650
1494,1650
1495,1650
1623,1650
1499,1650
1500,1650
1501,1650
857,1650
986,1650
1514,1650
1515,1650
1116,1651
1015,1651
1566,1651
1117,1651
1131,1651
216,1651
220,1651
221,1651
275,1652
276,1652
134,1652
146,1652
1192,1652
1193,1652
1206,1652
1209,1652
1214,1652
1215,1652
1602,1652
1594,1652
1266,1652
596,1653
597,1653
1923,1653
1924,1653
1564,1653
1929,1653
1116,1653
607,1653
1566,1653
1117,1653
1040,1654
1041,1654
492,1654
493,1654
1042,1654
1043,1654
1044,1654
594,1654
1045,1654
1046,1654
998,1654
1047,1654
1048,1654
1049,1654
1086,1655
1087,1655
1088,1655
1089,1655
1090,1655
1091,1655
163,1655
1092,1655
1093,1655
1094,1655
1095,1655
1096,1655
1097,1655
169,1655
174,1655
1459,1655
1460,1655
180,1655
185,1655
1462,1655
193,1655
1754,1655
1755,1655
1756,1655
202,1655
203,1655
204,1655
207,1655
208,1655
209,1655
210,1655
213,1655
1757,1655
1758,1655
1759,1655
1130,1655
1131,1655
216,1655
218,1655
219,1655
220,1655
222,1655
223,1655
224,1655
1493,1656
1494,1656
1499,1656
1500,1656
1501,1656
1889,1656
985,1656
1502,1656
857,1656
986,1656
175,1657
1459,1657
1460,1657
1608,1657
1609,1657
1610,1657
1611,1657
189,1657
1462,1657
1612,1657
1613,1657
1754,1657
1755,1657
1756,1657
1757,1657
1758,1657
1759,1657
1003,1657
1004,1657
1005,1657
1006,1657
274,1657
1344,1657
276,1657
277,1657
1191,1657
1192,1657
1193,1657
1213,1657
1214,1657
1215,1657
1238,1657
1239,1657
1243,1657
1265,1657
1594,1657
1266,1657
1116,1658
1117,1658
1885,1659
1886,1659
1887,1659
519,1659
520,1659
521,1659
522,1659
523,1659
524,1659
525,1659
558,1659
559,1659
1888,1659
560,1659
1707,1659
1708,1659
1597,1659
1709,1659
300,1660
301,1660
302,1660
305,1660
306,1660
1530,1661
1532,1661
394,1661
395,1661
1533,1661
396,1661
397,1661
401,1661
910,1661
911,1661
912,1661
403,1661
913,1661
914,1661
404,1661
405,1661
915,1661
938,1662
939,1662
943,1662
944,1662
945,1662
950,1662
1098,1662
1640,1662
1641,1662
1642,1662
1643,1662
1644,1662
1449,1662
1450,1662
1451,1662
1452,1662
1453,1662
1847,1662
1099,1662
1454,1662
1455,1662
1456,1662
1457,1662
1458,1662
1848,1662
620,1662
1353,1662
1354,1662
1355,1662
1356,1662
1357,1662
1645,1662
1652,1662
1358,1662
621,1662
622,1662
1359,1662
1360,1662
1361,1662
1362,1662
1363,1662
1369,1662
1370,1662
1371,1662
1372,1662
1373,1662
1646,1662
1653,1662
1654,1662
1375,1662
476,1663
477,1663
478,1663
479,1663
500,1664
501,1664
502,1664
503,1664
504,1664
505,1664
506,1664
507,1664
508,1664
509,1664
510,1664
511,1664
1851,1665
1852,1665
1854,1665
1859,1665
592,1666
593,1666
595,1666
343,1667
346,1667
347,1667
349,1667
380,1667
377,1667
382,1667
378,1667
353,1667
360,1667
386,1667
362,1667
388,1667
363,1667
372,1667
288,1667
375,1667
291,1667
794,1667
293,1667
795,1667
294,1667
1674,1668
1675,1668
1676,1668
1677,1668
1003,1669
1004,1669
1005,1669
1006,1669
413,1669
414,1669
415,1669
416,1669
1537,1670
720,1670
721,1670
1118,1670
1940,1670
1538,1670
722,1670
723,1670
1539,1670
1125,1670
541,1670
728,1670
1126,1670
1127,1670
417,1670
1546,1670
1549,1670
1329,1670
1332,1670
438,1670
439,1670
444,1670
420,1670
423,1670
530,1671
719,1671
721,1671
1538,1671
1539,1671
724,1671
1540,1671
1541,1671
1542,1671
1543,1671
1544,1671
727,1671
1327,1671
421,1671
537,1671
1537,1672
1118,1672
1940,1672
1119,1672
1939,1672
724,1672
725,1672
726,1672
1537,1673
720,1673
721,1673
723,1673
726,1673
438,1673
439,1673
65,1674
66,1674
70,1674
72,1674
66,1675
67,1675
68,1675
69,1675
73,1675
1350,1676
1351,1676
1352,1676
1353,1676
1354,1676
1355,1676
1356,1676
1357,1676
1358,1676
1369,1676
1370,1676
1371,1676
1372,1676
1373,1676
1374,1676
1375,1676
719,1676
720,1676
721,1676
1118,1676
1119,1676
1538,1676
1539,1676
726,1676
438,1676
439,1676
732,1676
733,1676
1153,1677
1154,1677
1298,1677
1299,1677
1303,1677
1304,1677
1155,1677
1985,1677
1781,1677
1156,1677
1157,1677
1158,1677
1159,1677
1783,1677
1784,1677
1785,1677
1735,1677
1160,1677
1161,1677
1786,1677
65,1678
66,1678
68,1678
69,1678
70,1678
71,1678
72,1678
73,1678
1537,1679
720,1679
721,1679
1538,1679
722,1679
1539,1679
724,1679
533,1679
1332,1679
438,1679
439,1679
66,1680
67,1680
68,1680
71,1680
72,1680
73,1680
1877,1680
1878,1680
65,1681
66,1681
68,1681
69,1681
70,1681
71,1681
72,1681
73,1681
719,1682
721,1682
1118,1682
1119,1682
1538,1682
723,1682
724,1682
725,1682
726,1682
638,1683
1275,1683
1276,1683
1277,1683
453,1683
639,1683
65,1683
66,1683
68,1683
69,1683
70,1683
71,1683
72,1683
73,1683
67,1684
68,1684
69,1684
1877,1684
1878,1684
957,1685
1314,1685
1320,1685
1321,1685
1955,1685
1322,1685
962,1685
963,1685
964,1685
1490,1686
46,1686
65,1687
66,1687
70,1687
72,1687
1540,1688
1485,1688
1486,1688
1124,1688
1543,1688
736,1689
935,1689
1490,1689
737,1689
1311,1689
1560,1689
1530,1689
1531,1689
1532,1689
394,1689
396,1689
397,1689
398,1689
399,1689
910,1689
912,1689
403,1689
405,1689
915,1689
282,1689
46,1689
1779,1689
849,1689
1496,1689
702,1689
648,1689
64,1689
530,1689
835,1689
320,1689
999,1690
1000,1690
1001,1690
1002,1690
1003,1690
1004,1690
1005,1690
1006,1690
413,1690
414,1690
415,1690
416,1690
1014,1691
1017,1691
1004,1691
1006,1691
274,1691
1344,1691
1013,1691
79,1692
80,1692
81,1692
486,1692
90,1692
482,1692
483,1692
91,1692
92,1692
484,1692
480,1692
472,1692
473,1692
474,1692
481,1692
475,1692
108,1692
109,1692
110,1692
111,1692
112,1692
485,1692
118,1692
119,1692
120,1692
121,1692
122,1692
488,1692
90,1693
91,1693
92,1693
1837,1693
1838,1693
1839,1693
1840,1693
1897,1693
1898,1693
1899,1693
1900,1693
1841,1693
1842,1693
1843,1693
1844,1693
1598,1693
1914,1693
1915,1693
1916,1693
1448,1693
172,1693
173,1693
175,1693
180,1693
181,1693
182,1693
183,1693
184,1693
185,1693
186,1693
187,1693
189,1693
192,1693
193,1693
194,1693
195,1693
205,1693
211,1693
212,1693
1107,1693
1108,1693
1109,1693
598,1693
1111,1693
599,1693
601,1693
602,1693
603,1693
1114,1693
1566,1693
1117,1693
1003,1693
1004,1693
1005,1693
1006,1693
274,1693
1344,1693
275,1693
276,1693
277,1693
91,1694
92,1694
1867,1694
1107,1694
597,1694
1108,1694
1868,1694
1923,1694
598,1694
599,1694
600,1694
603,1694
605,1694
1564,1694
1117,1694
1005,1694
276,1694
90,1695
91,1695
92,1695
1867,1695
921,1695
922,1695
596,1695
597,1695
1923,1695
1924,1695
599,1695
600,1695
601,1695
1925,1695
602,1695
603,1695
604,1695
605,1695
1564,1695
1929,1695
1116,1695
607,1695
1566,1695
1117,1695
906,1695
299,1695
1568,1695
1569,1695
1570,1695
300,1695
968,1695
301,1695
969,1695
970,1695
302,1695
971,1695
972,1695
973,1695
974,1695
975,1695
976,1695
977,1695
1300,1695
1301,1695
1154,1695
1302,1695
1303,1695
1304,1695
1780,1695
1781,1695
1782,1695
1157,1695
1159,1695
1783,1695
1784,1695
1785,1695
1735,1695
1160,1695
1161,1695
274,1695
1344,1695
275,1695
276,1695
277,1695
1162,1695
1163,1695
1164,1695
1165,1695
1166,1695
43,1695
44,1695
1169,1695
1170,1695
1382,1695
45,1695
1943,1695
1175,1695
1177,1695
1178,1695
1179,1695
1180,1695
1383,1695
1384,1695
1181,1695
1385,1695
1182,1695
1183,1695
1185,1695
1386,1695
1186,1695
1387,1695
134,1695
706,1695
709,1695
135,1695
136,1695
137,1695
138,1695
139,1695
707,1695
710,1695
140,1695
141,1695
142,1695
143,1695
708,1695
711,1695
144,1695
145,1695
146,1695
147,1695
1188,1695
1191,1695
1192,1695
1193,1695
1194,1695
1195,1695
1196,1695
1197,1695
148,1695
1199,1695
1200,1695
149,1695
150,1695
151,1695
1203,1695
1376,1695
1205,1695
1206,1695
1208,1695
1209,1695
152,1695
153,1695
1213,1695
1214,1695
1215,1695
154,1695
155,1695
1216,1695
156,1695
1217,1695
1218,1695
1219,1695
157,1695
158,1695
159,1695
253,1695
1238,1695
255,1695
1241,1695
1242,1695
1243,1695
1050,1695
1051,1695
1052,1695
1053,1695
1618,1695
1257,1695
1378,1695
1379,1695
1259,1695
1265,1695
1602,1695
1594,1695
1266,1695
91,1696
92,1696
1867,1696
1107,1696
596,1696
597,1696
1108,1696
1868,1696
1923,1696
1109,1696
1924,1696
598,1696
1110,1696
1111,1696
599,1696
601,1696
603,1696
1564,1696
1114,1696
274,1696
1344,1696
275,1696
276,1696
277,1696
1013,1696
74,1697
75,1697
78,1697
79,1697
81,1697
486,1697
82,1697
84,1697
487,1697
87,1697
88,1697
1388,1697
90,1697
482,1697
483,1697
91,1697
92,1697
484,1697
95,1697
96,1697
100,1697
101,1697
103,1697
106,1697
108,1697
110,1697
485,1697
113,1697
116,1697
120,1697
121,1697
488,1697
123,1697
124,1697
129,1697
131,1697
1867,1697
1107,1697
921,1697
596,1697
597,1697
1108,1697
1868,1697
1923,1697
1109,1697
1924,1697
598,1697
1111,1697
599,1697
600,1697
601,1697
602,1697
1564,1697
1114,1697
1929,1697
1003,1697
1005,1697
274,1697
1344,1697
275,1697
276,1697
277,1697
1013,1697
1107,1698
1108,1698
1109,1698
598,1698
1110,1698
1111,1698
599,1698
601,1698
274,1698
1344,1698
1013,1698
1621,1699
491,1699
1040,1699
1041,1699
492,1699
493,1699
1042,1699
495,1699
592,1699
1043,1699
1044,1699
594,1699
1622,1699
1045,1699
1046,1699
1054,1699
1047,1699
1048,1699
1057,1699
1049,1699
90,1700
91,1700
92,1700
1867,1700
1107,1700
921,1700
597,1700
1108,1700
1868,1700
1923,1700
1109,1700
598,1700
1110,1700
1111,1700
1564,1700
1114,1700
1003,1700
1004,1700
1005,1700
1006,1700
274,1700
1344,1700
275,1700
276,1700
277,1700
1013,1700
1388,1701
108,1701
109,1701
110,1701
111,1701
112,1701
485,1701
488,1701
1471,1702
1472,1702
1473,1702
1125,1702
541,1702
1127,1702
531,1702
542,1702
1545,1702
1546,1702
1547,1702
1548,1702
1549,1702
1330,1702
1331,1702
533,1702
1332,1702
431,1702
432,1702
433,1702
434,1702
418,1702
441,1702
442,1702
443,1702
444,1702
420,1702
422,1702
1004,1703
1006,1703
274,1703
1344,1703
90,1704
91,1704
92,1704
1867,1704
1107,1704
921,1704
922,1704
596,1704
597,1704
1108,1704
1868,1704
1923,1704
1109,1704
1924,1704
598,1704
1110,1704
1111,1704
599,1704
600,1704
601,1704
1925,1704
602,1704
603,1704
604,1704
605,1704
1564,1704
1114,1704
1929,1704
1003,1704
1004,1704
1005,1704
1006,1704
274,1704
1344,1704
275,1704
276,1704
277,1704
1793,1705
1714,1705
1715,1705
1716,1705
1660,1705
1717,1705
1718,1705
1719,1705
1720,1705
1721,1705
1722,1705
1723,1705
1661,1705
1724,1705
1725,1705
1726,1705
1663,1705
1664,1705
1727,1705
1728,1705
1729,1705
1666,1705
1730,1705
500,1705
704,1705
765,1705
502,1705
705,1705
767,1705
504,1705
776,1705
778,1705
506,1705
779,1705
781,1705
783,1705
785,1705
510,1705
511,1705
1552,1706
1865,1706
1559,1706
1999,1706
1994,1706
1996,1706
1552,1707
1865,1707
1559,1707
1999,1707
1994,1707
1996,1707
380,1708
377,1708
382,1708
378,1708
386,1708
388,1708
1176,1709
1183,1709
1186,1709
1175,1710
1176,1710
1181,1710
1182,1710
1183,1710
1186,1710
1187,1710
1181,1711
1186,1711
1187,1711
1162,1712
1166,1712
1170,1712
1175,1713
1176,1713
1181,1713
1182,1713
1183,1713
1186,1713
1964,1714
1674,1714
1760,1714
1675,1714
1965,1714
1761,1714
1762,1714
1676,1714
1944,1714
1945,1714
1677,1714
1760,1715
1761,1715
1762,1715
1288,1716
1173,1716
1174,1716
1289,1716
1282,1716
1283,1716
1284,1716
1383,1716
1285,1716
1184,1716
1286,1716
1287,1716
1387,1716
1169,1717
1382,1717
1175,1718
1176,1718
1181,1718
1182,1718
1183,1718
1186,1718
1169,1719
1382,1719
1175,1719
1736,1719
916,1719
917,1719
1181,1719
1182,1719
1162,1720
1166,1720
1170,1720
1941,1721
1944,1721
1945,1721
1736,1721
916,1721
917,1721
1964,1722
1674,1722
1760,1722
1675,1722
1965,1722
1761,1722
1762,1722
1676,1722
1944,1722
1945,1722
1736,1722
916,1722
917,1722
1677,1722
1162,1723
1170,1723
1672,1724
1341,1724
1342,1724
1343,1724
819,1724
1599,1725
1600,1725
1601,1725
952,1726
955,1726
956,1726
413,1727
414,1727
415,1727
416,1727
1476,1727
1477,1727
1478,1727
1479,1727
1007,1727
1008,1727
695,1728
701,1728
1835,1728
1836,1728
695,1729
701,1729
1835,1729
1836,1729
1289,1730
278,1731
279,1731
280,1731
644,1731
281,1731
282,1731
1779,1731
649,1731
650,1731
651,1731
1497,1731
657,1731
17,1732
21,1732
22,1732
633,1732
634,1732
635,1732
636,1732
637,1732
29,1732
450,1732
30,1732
451,1732
31,1732
452,1732
820,1732
822,1732
823,1732
824,1732
409,1732
410,1732
411,1732
412,1732
827,1732
828,1732
1764,1733
1765,1733
1766,1733
1686,1733
1687,1733
1688,1733
1767,1733
1768,1733
1689,1733
1690,1733
1769,1733
1691,1733
1692,1733
1693,1733
1694,1733
1770,1733
1695,1733
1696,1733
1771,1733
1772,1733
1773,1733
1774,1733
1697,1733
1775,1733
1776,1733
1777,1733
1778,1733
957,1734
1314,1734
1315,1734
1316,1734
1317,1734
1318,1734
1319,1734
958,1734
959,1734
960,1734
961,1734
1320,1734
1321,1734
1955,1734
1322,1734
1323,1734
1324,1734
1956,1734
1325,1734
252,1734
253,1734
1483,1734
254,1734
1238,1734
1243,1734
590,1735
591,1735
409,1736
410,1736
411,1736
412,1736
827,1736
828,1736
1698,1737
823,1737
824,1737
825,1737
638,1738
1275,1738
1276,1738
1277,1738
453,1738
454,1738
639,1738
455,1738
456,1738
256,1739
257,1739
259,1739
260,1739
261,1739
1989,1740
1975,1740
1976,1740
1990,1740
1991,1740
1977,1740
1992,1740
1993,1740
999,1741
1000,1741
1001,1741
1002,1741
1003,1741
1004,1741
1005,1741
1006,1741
413,1741
414,1741
415,1741
416,1741
1009,1741
1010,1741
1011,1741
1012,1741
1050,1741
1051,1741
1052,1741
1053,1741
1036,1742
1037,1742
1038,1742
1039,1742
1014,1742
1016,1742
1017,1742
606,1742
1003,1742
1004,1742
1005,1742
1006,1742
413,1742
414,1742
415,1742
416,1742
1032,1742
1033,1742
1034,1742
323,1743
325,1743
328,1743
334,1743
1819,1743
1821,1743
1822,1743
1823,1743
1826,1743
1819,1744
1821,1744
1822,1744
1823,1744
1826,1744
323,1745
325,1745
328,1745
330,1745
331,1745
1819,1745
1821,1745
1822,1745
1823,1745
1826,1745
1819,1746
1821,1746
1822,1746
1823,1746
1826,1746
1797,1747
1798,1747
1658,1747
1799,1747
1800,1747
323,1747
324,1747
325,1747
327,1747
328,1747
1737,1747
329,1747
330,1747
331,1747
332,1747
333,1747
334,1747
1738,1747
1739,1747
1802,1747
1803,1747
1804,1747
1805,1747
1740,1747
1806,1747
1807,1747
1808,1747
1741,1747
1742,1747
1743,1747
1809,1747
1810,1747
1811,1747
1812,1747
1813,1747
1814,1747
1815,1747
1816,1747
1817,1747
1818,1747
1819,1747
1744,1747
1820,1747
1821,1747
1745,1747
335,1747
1822,1747
336,1747
1823,1747
1824,1747
1825,1747
1746,1747
1826,1747
1747,1747
337,1747
1827,1747
1828,1747
338,1747
339,1747
1748,1747
1749,1747
340,1747
1750,1747
1751,1747
341,1747
342,1747
1695,1748
1696,1748
1772,1748
1773,1748
1774,1748
1697,1748
1775,1748
1777,1748
1778,1748
1657,1749
1797,1749
1798,1749
1658,1749
324,1749
325,1749
326,1749
327,1749
329,1749
332,1749
334,1749
1801,1749
1802,1749
1803,1749
1804,1749
1805,1749
1961,1749
335,1749
336,1749
337,1749
338,1749
1684,1749
339,1749
1659,1749
340,1749
341,1749
1685,1749
342,1749
1657,1750
1797,1750
1798,1750
1658,1750
324,1750
325,1750
326,1750
327,1750
329,1750
330,1750
331,1750
332,1750
334,1750
1801,1750
1802,1750
1803,1750
1804,1750
1805,1750
335,1750
336,1750
337,1750
338,1750
1684,1750
339,1750
1659,1750
340,1750
341,1750
1685,1750
342,1750
1657,1751
1797,1751
1798,1751
1658,1751
324,1751
325,1751
326,1751
327,1751
329,1751
332,1751
334,1751
1801,1751
1802,1751
1803,1751
1804,1751
1805,1751
1961,1751
335,1751
336,1751
337,1751
338,1751
1684,1751
339,1751
1659,1751
340,1751
341,1751
1685,1751
342,1751
1948,1752
1949,1752
1896,1752
1625,1752
1626,1752
1627,1752
1628,1752
1629,1752
1630,1752
1631,1752
1632,1752
1633,1752
1634,1752
1635,1752
1636,1752
1637,1752
1638,1752
1639,1752
1125,1752
541,1752
1127,1752
417,1752
531,1752
542,1752
533,1752
431,1752
433,1752
434,1752
441,1752
442,1752
443,1752
444,1752
420,1752
422,1752
534,1752
445,1752
423,1752
535,1752
536,1752
538,1752
425,1752
401,1753
406,1753
407,1753
408,1753
530,1753
1486,1753
1124,1753
1327,1753
431,1753
432,1753
433,1753
434,1753
435,1753
418,1753
438,1753
439,1753
1550,1753
1129,1753
440,1753
419,1753
441,1753
442,1753
443,1753
421,1753
422,1753
534,1753
445,1753
1021,1753
423,1753
535,1753
536,1753
424,1753
1022,1753
537,1753
538,1753
425,1753
1023,1753
426,1753
539,1753
540,1753
447,1753
430,1753
448,1753
1135,1753
530,1754
531,1754
542,1754
533,1754
431,1754
432,1754
433,1754
434,1754
435,1754
418,1754
436,1754
437,1754
438,1754
439,1754
1550,1754
1129,1754
440,1754
419,1754
441,1754
442,1754
443,1754
444,1754
421,1754
422,1754
534,1754
445,1754
1021,1754
423,1754
535,1754
536,1754
1022,1754
538,1754
425,1754
1023,1754
1474,1754
1475,1754
426,1754
539,1754
540,1754
447,1754
430,1754
1484,1754
1241,1754
820,1755
821,1755
822,1755
1698,1755
823,1755
824,1755
825,1755
827,1755
828,1755
829,1755
830,1755
831,1755
450,1756
451,1756
452,1756
46,1756
1493,1756
1494,1756
64,1756
1494,1757
1495,1757
17,1758
20,1758
21,1758
22,1758
23,1758
28,1758
449,1758
29,1758
450,1758
30,1758
451,1758
31,1758
452,1758
46,1758
909,1758
1492,1758
647,1758
1538,1759
1486,1759
1124,1759
1327,1759
541,1759
1126,1759
417,1759
432,1759
583,1759
418,1759
585,1759
421,1759
422,1759
535,1759
536,1759
424,1759
1022,1759
537,1759
538,1759
1023,1759
1475,1759
1326,1759
446,1759
1025,1759
427,1759
428,1759
429,1759
448,1759
1135,1759
43,1760
1167,1760
44,1760
1168,1760
45,1760
951,1760
952,1760
953,1760
954,1760
955,1760
956,1760
744,1761
745,1761
1904,1761
746,1761
747,1761
748,1761
749,1761
750,1761
751,1761
752,1761
753,1761
754,1761
755,1761
756,1761
757,1761
1223,1762
1224,1762
1225,1762
1226,1762
1227,1762
1228,1762
1229,1762
1230,1762
1231,1762
1244,1762
1245,1762
1246,1762
1247,1762
1248,1762
1249,1762
1250,1762
1251,1762
1614,1762
1615,1762
1377,1762
1616,1762
1617,1762
1252,1762
1253,1762
1590,1762
1254,1762
1255,1762
1050,1762
1052,1762
1053,1762
1256,1762
1257,1762
1258,1762
1379,1762
1259,1762
1591,1762
1260,1762
1592,1762
1261,1762
1593,1762
1262,1762
1263,1762
1264,1762
1265,1762
1594,1762
1266,1762
1862,1763
1866,1763
2001,1763
1998,1763
717,1763
718,1763
1830,1764
2001,1764
1998,1764
12,1764
717,1764
718,1764
1997,1764
1830,1765
2001,1765
1998,1765
717,1765
718,1765
1997,1765
1862,1766
1866,1766
2001,1766
2000,1766
12,1766
717,1766
718,1766
1997,1766
489,1767
592,1768
593,1768
594,1768
595,1768
414,1769
415,1769
416,1769
1188,1769
1194,1769
1195,1769
1196,1769
1032,1769
1033,1769
1034,1769
1223,1769
1224,1769
1225,1769
1226,1769
1227,1769
1228,1769
1229,1769
1230,1769
1231,1769
11,1770
12,1770
13,1770
1686,1771
1688,1771
1689,1771
1690,1771
1691,1771
1692,1771
1693,1771
1694,1771
1695,1771
1696,1771
1772,1771
1773,1771
1774,1771
1697,1771
1775,1771
1777,1771
1778,1771
1686,1772
1687,1772
1688,1772
1689,1772
1690,1772
1691,1772
1692,1772
1693,1772
1694,1772
1695,1772
1696,1772
1772,1772
1773,1772
1774,1772
1697,1772
1775,1772
1777,1772
1778,1772
624,1773
625,1773
627,1773
738,1773
1699,1773
1700,1773
1063,1773
1064,1773
1704,1773
1335,1773
1065,1773
1066,1773
521,1773
523,1773
559,1773
1067,1773
624,1774
625,1774
627,1774
631,1774
738,1774
1063,1774
1064,1774
1704,1774
1887,1774
1335,1774
1065,1774
1066,1774
521,1774
523,1774
525,1774
559,1774
1067,1774
1271,1774
32,1774
1071,1774
33,1774
1072,1774
34,1774
572,1774
1073,1774
36,1774
38,1774
39,1774
1272,1774
1074,1774
1075,1774
573,1774
574,1774
575,1774
576,1774
1076,1774
1274,1774
1077,1774
1078,1774
1079,1774
1080,1774
1107,1774
597,1774
1108,1774
1868,1774
1923,1774
1109,1774
598,1774
1111,1774
599,1774
600,1774
601,1774
603,1774
605,1774
1113,1774
1564,1774
1114,1774
1115,1774
1014,1774
1116,1774
1015,1774
1017,1774
906,1775
907,1775
299,1775
1568,1775
1569,1775
1570,1775
970,1775
303,1775
972,1775
973,1775
304,1775
974,1775
976,1775
977,1775
1571,1775
1572,1775
1149,1775
1290,1775
1150,1775
1292,1775
1151,1775
1297,1775
1152,1775
1153,1775
1306,1775
1154,1775
1299,1775
1304,1775
670,1775
671,1775
672,1775
673,1775
674,1775
675,1775
676,1775
677,1775
678,1775
679,1775
680,1775
681,1775
682,1775
683,1775
684,1775
685,1775
686,1775
687,1775
688,1775
689,1775
690,1775
691,1775
692,1775
693,1775
1,1775
694,1775
695,1775
696,1775
697,1775
698,1775
699,1775
2,1775
700,1775
701,1775
1155,1775
1156,1775
1157,1775
1158,1775
1159,1775
1735,1775
1160,1775
1161,1775
1595,1775
1596,1775
590,1775
591,1775
918,1775
1752,1775
1753,1775
909,1776
645,1776
1494,1776
647,1776
48,1776
850,1776
851,1776
852,1776
649,1776
650,1776
651,1776
49,1776
50,1776
51,1776
978,1776
1500,1776
1501,1776
985,1776
1502,1776
979,1776
981,1776
986,1776
1503,1776
1504,1776
1508,1776
1510,1776
55,1776
56,1776
57,1776
58,1776
858,1776
859,1776
860,1776
654,1776
655,1776
656,1776
59,1776
60,1776
61,1776
658,1776
659,1776
660,1776
661,1776
866,1776
868,1776
869,1776
872,1776
1516,1776
1517,1776
1518,1776
1649,1776
873,1776
877,1776
664,1776
665,1776
666,1776
878,1776
879,1776
1523,1776
1524,1776
1526,1776
1527,1776
1529,1776
768,1776
769,1776
771,1776
274,1776
277,1776
497,1777
498,1777
499,1777
1312,1778
1313,1778
957,1778
1314,1778
1315,1778
1316,1778
1317,1778
1318,1778
1319,1778
958,1778
959,1778
960,1778
961,1778
1320,1778
1321,1778
1955,1778
1322,1778
1323,1778
1324,1778
1956,1778
1325,1778
251,1778
252,1778
253,1778
1483,1778
254,1778
1484,1778
1238,1778
1239,1778
255,1778
1240,1778
1241,1778
1242,1778
1243,1778
237,1779
238,1779
239,1779
240,1779
923,1779
924,1779
925,1779
926,1779
927,1779
928,1779
929,1779
930,1779
225,1779
227,1779
241,1779
242,1779
243,1779
228,1779
244,1779
245,1779
246,1779
247,1779
230,1779
231,1779
232,1779
931,1779
932,1779
933,1779
934,1779
1307,1779
1308,1779
1309,1779
1310,1779
735,1779
789,1779
233,1779
234,1779
235,1779
236,1779
543,1779
544,1779
545,1779
345,1779
347,1779
565,1779
546,1779
566,1779
348,1779
349,1779
350,1779
351,1779
354,1779
547,1779
548,1779
549,1779
550,1779
359,1779
360,1779
567,1779
568,1779
361,1779
362,1779
551,1779
364,1779
552,1779
553,1779
554,1779
367,1779
569,1779
368,1779
369,1779
371,1779
286,1779
287,1779
289,1779
555,1779
556,1779
374,1779
290,1779
375,1779
291,1779
570,1779
571,1779
292,1779
376,1779
257,1779
260,1779
261,1779
74,1779
75,1779
76,1779
77,1779
78,1779
467,1779
468,1779
469,1779
470,1779
471,1779
79,1779
80,1779
81,1779
486,1779
82,1779
83,1779
84,1779
487,1779
85,1779
86,1779
87,1779
88,1779
89,1779
1388,1779
90,1779
482,1779
483,1779
91,1779
92,1779
484,1779
93,1779
94,1779
95,1779
96,1779
97,1779
98,1779
99,1779
100,1779
101,1779
102,1779
480,1779
472,1779
473,1779
474,1779
481,1779
475,1779
103,1779
104,1779
105,1779
106,1779
107,1779
461,1779
462,1779
463,1779
464,1779
465,1779
466,1779
108,1779
109,1779
110,1779
111,1779
112,1779
485,1779
113,1779
114,1779
115,1779
116,1779
117,1779
476,1779
477,1779
478,1779
479,1779
118,1779
119,1779
120,1779
121,1779
122,1779
488,1779
457,1779
458,1779
459,1779
460,1779
123,1779
124,1779
125,1779
126,1779
127,1779
128,1779
129,1779
130,1779
131,1779
132,1779
133,1779
17,1779
18,1779
19,1779
20,1779
21,1779
22,1779
23,1779
633,1779
634,1779
635,1779
636,1779
637,1779
24,1779
25,1779
26,1779
27,1779
29,1779
450,1779
30,1779
451,1779
31,1779
452,1779
638,1779
1275,1779
1276,1779
453,1779
639,1779
455,1779
456,1779
1070,1779
640,1779
641,1779
642,1779
643,1779
1267,1779
1268,1779
1269,1779
1270,1779
743,1779
935,1779
1490,1779
1400,1779
1491,1779
737,1779
1560,1779
1530,1779
1531,1779
391,1779
392,1779
393,1779
394,1779
1533,1779
396,1779
397,1779
399,1779
400,1779
401,1779
910,1779
911,1779
912,1779
403,1779
913,1779
914,1779
404,1779
405,1779
915,1779
406,1779
407,1779
408,1779
1271,1779
32,1779
1071,1779
33,1779
1072,1779
34,1779
572,1779
1073,1779
36,1779
38,1779
39,1779
1272,1779
1074,1779
1075,1779
573,1779
574,1779
575,1779
576,1779
1273,1779
1076,1779
1274,1779
1077,1779
1078,1779
1561,1779
1079,1779
1080,1779
832,1779
833,1779
1789,1779
1791,1779
834,1779
1952,1779
1953,1779
836,1779
1966,1779
837,1779
1962,1779
1389,1779
1931,1779
1932,1779
839,1779
840,1779
1963,1779
1934,1779
841,1779
842,1779
1875,1779
1969,1779
1954,1779
1893,1779
1894,1779
1947,1779
1949,1779
1895,1779
1896,1779
1402,1779
1403,1779
1562,1779
1404,1779
1603,1779
1604,1779
1605,1779
1082,1779
1083,1779
1084,1779
1405,1779
1837,1779
1838,1779
1839,1779
1840,1779
1085,1779
1897,1779
1898,1779
1899,1779
1900,1779
1841,1779
1842,1779
1843,1779
1844,1779
1598,1779
160,1779
161,1779
1408,1779
1409,1779
1410,1779
1411,1779
1412,1779
1413,1779
1414,1779
1086,1779
1087,1779
1088,1779
1089,1779
1090,1779
1091,1779
1606,1779
163,1779
943,1779
944,1779
945,1779
1914,1779
1415,1779
1950,1779
1442,1779
1443,1779
1444,1779
1445,1779
1446,1779
1447,1779
1092,1779
1093,1779
1094,1779
1095,1779
1096,1779
1097,1779
1951,1779
1607,1779
168,1779
169,1779
1915,1779
1916,1779
1448,1779
1710,1779
1098,1779
1845,1779
1640,1779
1641,1779
1642,1779
1643,1779
1644,1779
1449,1779
1450,1779
1451,1779
1452,1779
1453,1779
1846,1779
1847,1779
1099,1779
1454,1779
1455,1779
1456,1779
1457,1779
1458,1779
1848,1779
1100,1779
620,1779
1353,1779
1354,1779
1355,1779
1356,1779
1357,1779
1625,1779
1626,1779
1627,1779
1628,1779
1629,1779
1645,1779
1358,1779
1101,1779
621,1779
622,1779
1849,1779
1850,1779
1359,1779
1360,1779
1361,1779
1362,1779
1363,1779
1369,1779
1370,1779
1371,1779
1372,1779
1373,1779
1711,1779
1630,1779
1631,1779
1632,1779
1633,1779
1634,1779
1635,1779
1636,1779
1637,1779
1638,1779
1639,1779
1646,1779
1374,1779
1375,1779
170,1779
171,1779
172,1779
173,1779
174,1779
175,1779
1459,1779
176,1779
177,1779
1460,1779
178,1779
179,1779
1608,1779
1609,1779
1610,1779
1611,1779
1901,1779
1902,1779
180,1779
181,1779
182,1779
183,1779
184,1779
185,1779
186,1779
187,1779
1461,1779
189,1779
1462,1779
190,1779
191,1779
1612,1779
1613,1779
1903,1779
192,1779
193,1779
194,1779
195,1779
1534,1779
1463,1779
1464,1779
1465,1779
1466,1779
1754,1779
1755,1779
1756,1779
197,1779
198,1779
199,1779
1535,1779
1536,1779
1467,1779
1468,1779
1469,1779
1470,1779
202,1779
203,1779
204,1779
205,1779
206,1779
207,1779
208,1779
209,1779
210,1779
211,1779
212,1779
213,1779
1757,1779
1758,1779
1759,1779
1102,1779
1103,1779
1036,1779
1037,1779
1038,1779
1039,1779
1104,1779
262,1779
263,1779
264,1779
265,1779
266,1779
268,1779
269,1779
1105,1779
1106,1779
1712,1779
1763,1779
270,1779
271,1779
272,1779
273,1779
1713,1779
1621,1779
491,1779
1040,1779
1041,1779
492,1779
493,1779
1042,1779
495,1779
1043,1779
1622,1779
1918,1779
1045,1779
1046,1779
998,1779
1047,1779
1537,1779
719,1779
720,1779
721,1779
1118,1779
1940,1779
1119,1779
1939,1779
1538,1779
722,1779
723,1779
724,1779
725,1779
726,1779
1540,1779
1485,1779
1120,1779
1121,1779
1122,1779
1123,1779
1541,1779
1542,1779
1486,1779
1124,1779
1543,1779
1544,1779
1471,1779
1472,1779
1473,1779
1125,1779
727,1779
1327,1779
541,1779
728,1779
1126,1779
1127,1779
417,1779
1128,1779
531,1779
542,1779
1545,1779
1546,1779
1547,1779
1548,1779
1549,1779
1328,1779
1329,1779
532,1779
1330,1779
1331,1779
533,1779
1332,1779
577,1779
578,1779
579,1779
580,1779
432,1779
581,1779
582,1779
583,1779
435,1779
418,1779
584,1779
585,1779
586,1779
587,1779
588,1779
589,1779
436,1779
437,1779
438,1779
439,1779
1550,1779
1129,1779
440,1779
419,1779
444,1779
420,1779
421,1779
422,1779
1130,1779
1131,1779
214,1779
215,1779
216,1779
1018,1779
1019,1779
1020,1779
217,1779
218,1779
219,1779
220,1779
221,1779
534,1779
445,1779
1021,1779
423,1779
536,1779
424,1779
1022,1779
537,1779
538,1779
425,1779
1023,1779
1474,1779
1024,1779
1475,1779
1326,1779
729,1779
730,1779
446,1779
731,1779
732,1779
1132,1779
426,1779
733,1779
734,1779
1025,1779
1133,1779
427,1779
428,1779
429,1779
539,1779
540,1779
447,1779
430,1779
1134,1779
448,1779
1026,1779
1135,1779
820,1779
822,1779
823,1779
824,1779
409,1779
410,1779
411,1779
412,1779
826,1779
827,1779
828,1779
829,1779
830,1779
1278,1779
1279,1779
1280,1779
1281,1779
1336,1779
813,1779
1337,1779
1905,1779
1935,1779
814,1779
843,1779
845,1779
846,1779
847,1779
848,1779
1907,1779
1908,1779
1338,1779
1391,1779
1339,1779
1937,1779
1392,1779
1567,1779
1340,1779
816,1779
817,1779
1341,1779
1342,1779
1343,1779
1681,1779
1682,1779
1909,1779
1733,1779
905,1779
906,1779
907,1779
299,1779
1568,1779
1569,1779
1570,1779
968,1779
969,1779
970,1779
302,1779
303,1779
971,1779
972,1779
973,1779
304,1779
974,1779
975,1779
976,1779
977,1779
1571,1779
1572,1779
1624,1779
1149,1779
1151,1779
1152,1779
1305,1779
1153,1779
1306,1779
1154,1779
670,1779
671,1779
672,1779
673,1779
674,1779
675,1779
676,1779
677,1779
678,1779
679,1779
680,1779
681,1779
682,1779
683,1779
684,1779
685,1779
686,1779
687,1779
688,1779
689,1779
696,1779
697,1779
698,1779
699,1779
2,1779
700,1779
701,1779
1155,1779
1780,1779
1156,1779
1157,1779
1158,1779
1159,1779
1735,1779
1160,1779
1161,1779
999,1779
1000,1779
1001,1779
1002,1779
1003,1779
1004,1779
1005,1779
1006,1779
413,1779
414,1779
415,1779
416,1779
1476,1779
1477,1779
1478,1779
1479,1779
274,1779
1344,1779
276,1779
277,1779
1480,1779
43,1779
1589,1779
1167,1779
44,1779
1168,1779
1482,1779
45,1779
962,1779
1282,1779
1283,1779
963,1779
964,1779
916,1779
917,1779
1284,1779
1599,1779
951,1779
952,1779
1285,1779
1600,1779
1601,1779
953,1779
954,1779
1286,1779
1287,1779
955,1779
956,1779
249,1779
250,1779
67,1779
68,1779
69,1779
70,1779
71,1779
72,1779
73,1779
1877,1779
1878,1779
1657,1779
1797,1779
1798,1779
1658,1779
1799,1779
1800,1779
323,1779
324,1779
325,1779
326,1779
327,1779
328,1779
1737,1779
329,1779
330,1779
331,1779
332,1779
333,1779
334,1779
1801,1779
1738,1779
1739,1779
1802,1779
1803,1779
1804,1779
1805,1779
1961,1779
1740,1779
1806,1779
1807,1779
1808,1779
1741,1779
1742,1779
1743,1779
1809,1779
1810,1779
1811,1779
1812,1779
1813,1779
1814,1779
1815,1779
1816,1779
1817,1779
1818,1779
1819,1779
1744,1779
1820,1779
1821,1779
1745,1779
335,1779
1822,1779
336,1779
1823,1779
1824,1779
1825,1779
1746,1779
1826,1779
1747,1779
337,1779
1827,1779
1828,1779
338,1779
1684,1779
339,1779
1659,1779
1748,1779
1749,1779
340,1779
1750,1779
1751,1779
341,1779
1685,1779
342,1779
134,1779
706,1779
709,1779
135,1779
136,1779
137,1779
138,1779
139,1779
707,1779
710,1779
140,1779
141,1779
142,1779
143,1779
708,1779
711,1779
144,1779
145,1779
146,1779
147,1779
1009,1779
1188,1779
1189,1779
1190,1779
1010,1779
1011,1779
1012,1779
1191,1779
1192,1779
1193,1779
1194,1779
1195,1779
1196,1779
1197,1779
148,1779
1198,1779
1199,1779
1200,1779
149,1779
150,1779
151,1779
1201,1779
1202,1779
1203,1779
1204,1779
1376,1779
1205,1779
1206,1779
1207,1779
1208,1779
1209,1779
1210,1779
1211,1779
1212,1779
152,1779
153,1779
1213,1779
1214,1779
1215,1779
154,1779
155,1779
1216,1779
156,1779
1217,1779
1218,1779
1219,1779
157,1779
158,1779
159,1779
1032,1779
1033,1779
1034,1779
1220,1779
1221,1779
1222,1779
1223,1779
1224,1779
1225,1779
1226,1779
1227,1779
1228,1779
1035,1779
1229,1779
1230,1779
1231,1779
1232,1779
1233,1779
1234,1779
1235,1779
1236,1779
1237,1779
1244,1779
1245,1779
1246,1779
1247,1779
1248,1779
1249,1779
1250,1779
1251,1779
1614,1779
1615,1779
1377,1779
1616,1779
1617,1779
1252,1779
1253,1779
1590,1779
1254,1779
1255,1779
1050,1779
1051,1779
1052,1779
1053,1779
1256,1779
1618,1779
1257,1779
1258,1779
1378,1779
1379,1779
1259,1779
1876,1779
1591,1779
1260,1779
1592,1779
1261,1779
1593,1779
1262,1779
1263,1779
1264,1779
1265,1779
1602,1779
1594,1779
1266,1779
1595,1779
590,1779
591,1779
918,1779
919,1779
920,1779
1752,1779
1753,1779
283,1780
284,1780
1647,1780
1885,1781
1701,1781
1333,1781
1702,1781
1886,1781
1064,1781
1704,1781
1705,1781
1887,1781
1335,1781
74,1782
75,1782
77,1782
78,1782
467,1782
469,1782
471,1782
79,1782
80,1782
81,1782
486,1782
82,1782
83,1782
84,1782
487,1782
87,1782
88,1782
89,1782
1388,1782
482,1782
483,1782
91,1782
484,1782
95,1782
96,1782
97,1782
100,1782
101,1782
102,1782
472,1782
473,1782
474,1782
475,1782
103,1782
106,1782
107,1782
461,1782
462,1782
465,1782
466,1782
108,1782
110,1782
112,1782
485,1782
113,1782
116,1782
117,1782
476,1782
477,1782
479,1782
120,1782
121,1782
122,1782
488,1782
457,1782
458,1782
459,1782
460,1782
123,1782
124,1782
127,1782
129,1782
131,1782
132,1782
937,1782
938,1782
939,1782
1620,1782
1081,1782
1603,1782
1604,1782
1605,1782
1082,1782
1083,1782
1084,1782
1085,1782
614,1782
615,1782
616,1782
617,1782
1449,1782
1450,1782
1451,1782
1452,1782
1453,1782
1454,1782
1455,1782
1456,1782
1457,1782
1458,1782
620,1782
1353,1782
1354,1782
1355,1782
1356,1782
1357,1782
1358,1782
621,1782
622,1782
1369,1782
1370,1782
1371,1782
1372,1782
1373,1782
1374,1782
1375,1782
175,1782
185,1782
186,1782
187,1782
189,1782
193,1782
195,1782
993,1782
994,1782
995,1782
996,1782
997,1782
692,1783
698,1783
1870,1783
1873,1783
868,1784
872,1784
1516,1784
1517,1784
1518,1784
1519,1784
1520,1784
1521,1784
1760,1785
1761,1785
1762,1785
496,1786
772,1786
498,1786
774,1786
274,1787
1344,1787
275,1787
276,1787
277,1787
274,1788
1344,1788
275,1788
276,1788
277,1788
1859,1789
1922,1789
7,1789
10,1789
1285,1790
1286,1790
1287,1790
1336,1791
1338,1791
1339,1791
1336,1792
1337,1792
1338,1792
1391,1792
1339,1792
1938,1792
1066,1793
559,1793
1707,1793
1708,1793
1597,1793
1709,1793
1067,1793
957,1794
1314,1794
1315,1794
1316,1794
1319,1794
960,1794
961,1794
1320,1794
1321,1794
1323,1794
1324,1794
805,1795
806,1795
1069,1795
807,1795
809,1795
965,1795
987,1795
513,1795
966,1795
991,1795
25,1795
26,1795
1070,1795
1071,1795
33,1795
572,1795
1073,1795
38,1795
1074,1795
573,1795
575,1795
1077,1795
1078,1795
1079,1795
1036,1795
1037,1795
1038,1795
1039,1795
1104,1795
262,1795
263,1795
264,1795
266,1795
269,1795
1105,1795
1106,1795
271,1795
273,1795
500,1795
704,1795
764,1795
765,1795
501,1795
502,1795
705,1795
766,1795
767,1795
503,1795
504,1795
776,1795
777,1795
778,1795
505,1795
506,1795
779,1795
780,1795
781,1795
507,1795
782,1795
1731,1795
783,1795
508,1795
784,1795
1732,1795
785,1795
509,1795
510,1795
511,1795
906,1795
299,1795
1568,1795
1569,1795
1570,1795
970,1795
303,1795
976,1795
1571,1795
1572,1795
1065,1796
1066,1796
559,1796
500,1797
704,1797
764,1797
765,1797
501,1797
502,1797
705,1797
766,1797
767,1797
503,1797
504,1797
777,1797
778,1797
505,1797
506,1797
780,1797
781,1797
507,1797
1731,1797
783,1797
508,1797
1732,1797
785,1797
509,1797
510,1797
511,1797
786,1797
788,1797
735,1798
720,1798
721,1798
1118,1798
1119,1798
1538,1798
723,1798
1539,1798
724,1798
725,1798
726,1798
1120,1798
1121,1798
1542,1798
1124,1798
1544,1798
727,1798
728,1798
1328,1798
1329,1798
1330,1798
1331,1798
533,1798
1332,1798
579,1798
581,1798
418,1798
586,1798
589,1798
436,1798
437,1798
438,1798
439,1798
1550,1798
1129,1798
440,1798
419,1798
214,1798
215,1798
1018,1798
218,1798
220,1798
536,1798
424,1798
1022,1798
425,1798
1475,1798
1326,1798
730,1798
731,1798
733,1798
734,1798
1025,1798
1133,1798
427,1798
428,1798
429,1798
539,1798
540,1798
447,1798
430,1798
1134,1798
448,1798
1336,1798
1337,1798
1905,1798
814,1798
1338,1798
1391,1798
1339,1798
1392,1798
1938,1798
1343,1798
1733,1798
323,1798
328,1798
1737,1798
333,1798
1738,1798
1739,1798
1740,1798
1741,1798
1742,1798
1743,1798
1744,1798
1745,1798
1746,1798
1747,1798
1748,1798
1749,1798
1750,1798
1751,1798
134,1798
706,1798
709,1798
135,1798
136,1798
138,1798
139,1798
707,1798
710,1798
140,1798
141,1798
142,1798
143,1798
708,1798
711,1798
144,1798
145,1798
146,1798
147,1798
1009,1798
1188,1798
1190,1798
1011,1798
1012,1798
1192,1798
1193,1798
1195,1798
1196,1798
1197,1798
148,1798
1198,1798
1199,1798
1200,1798
150,1798
151,1798
1202,1798
1204,1798
1205,1798
1206,1798
1207,1798
1208,1798
1209,1798
1211,1798
1212,1798
1214,1798
1215,1798
155,1798
1216,1798
156,1798
1218,1798
1219,1798
158,1798
159,1798
1032,1798
1033,1798
1220,1798
1221,1798
1223,1798
1224,1798
1226,1798
1227,1798
1035,1798
1229,1798
1230,1798
1232,1798
1233,1798
1235,1798
1236,1798
1237,1798
1714,1799
1715,1799
1716,1799
1717,1799
1718,1799
1719,1799
1720,1799
1721,1799
1722,1799
1723,1799
1662,1799
1725,1799
1726,1799
1665,1799
1728,1799
1729,1799
543,1800
544,1800
545,1800
345,1800
546,1800
350,1800
354,1800
547,1800
548,1800
549,1800
550,1800
359,1800
551,1800
552,1800
553,1800
554,1800
367,1800
371,1800
286,1800
287,1800
289,1800
555,1800
556,1800
374,1800
292,1800
832,1800
833,1800
834,1800
836,1800
837,1800
839,1800
840,1800
841,1800
842,1800
1085,1800
160,1800
161,1800
942,1800
1408,1800
1409,1800
1410,1800
1411,1800
1412,1800
1413,1800
1414,1800
1086,1800
1087,1800
1088,1800
1089,1800
1090,1800
1091,1800
943,1800
944,1800
945,1800
1914,1800
1415,1800
1092,1800
1093,1800
1094,1800
1095,1800
1096,1800
1097,1800
950,1800
1916,1800
1448,1800
1098,1800
1449,1800
1450,1800
1451,1800
1452,1800
1453,1800
1847,1800
1099,1800
1454,1800
1455,1800
1456,1800
1457,1800
1458,1800
1848,1800
1100,1800
620,1800
1353,1800
1354,1800
1355,1800
1356,1800
1357,1800
1625,1800
1626,1800
1627,1800
1628,1800
1629,1800
1645,1800
1652,1800
1358,1800
1101,1800
1850,1800
1369,1800
1370,1800
1371,1800
1372,1800
1373,1800
1635,1800
1636,1800
1637,1800
1638,1800
1639,1800
1646,1800
1653,1800
1654,1800
1375,1800
175,1800
1608,1800
1609,1800
1610,1800
1611,1800
189,1800
190,1800
191,1800
1612,1800
1613,1800
193,1800
1534,1800
1754,1800
1755,1800
1756,1800
1536,1800
205,1800
206,1800
1757,1800
1758,1800
1759,1800
719,1800
720,1800
721,1800
1118,1800
1119,1800
1538,1800
723,1800
1539,1800
724,1800
725,1800
726,1800
1120,1800
1121,1800
1122,1800
1541,1800
1124,1800
1544,1800
727,1800
728,1800
1128,1800
532,1800
533,1800
580,1800
432,1800
581,1800
583,1800
435,1800
418,1800
585,1800
586,1800
438,1800
439,1800
214,1800
216,1800
1018,1800
218,1800
220,1800
536,1800
424,1800
1022,1800
425,1800
1326,1800
730,1800
446,1800
731,1800
732,1800
1132,1800
426,1800
733,1800
1025,1800
427,1800
428,1800
540,1800
430,1800
1134,1800
448,1800
1135,1800
822,1800
823,1800
412,1800
826,1800
828,1800
829,1800
1336,1800
814,1800
848,1800
1338,1800
1391,1800
817,1800
670,1800
671,1800
672,1800
673,1800
674,1800
675,1800
676,1800
677,1800
678,1800
679,1800
680,1800
681,1800
682,1800
1156,1800
1157,1800
1158,1800
1160,1800
1161,1800
1167,1800
1168,1800
951,1800
953,1800
69,1800
1877,1800
323,1800
328,1800
1737,1800
333,1800
1738,1800
1739,1800
1740,1800
1741,1800
1742,1800
1743,1800
1744,1800
1745,1800
1746,1800
1747,1800
1748,1800
1749,1800
1750,1800
1751,1800
137,1800
138,1800
142,1800
143,1800
708,1800
711,1800
1189,1800
1190,1800
1010,1800
1012,1800
1191,1800
1193,1800
1194,1800
1196,1800
1200,1800
149,1800
151,1800
1201,1800
1202,1800
1203,1800
1376,1800
1210,1800
1212,1800
1213,1800
1215,1800
154,1800
155,1800
1217,1800
1219,1800
157,1800
159,1800
1032,1800
1033,1800
1220,1800
1221,1800
1223,1800
1224,1800
1226,1800
1227,1800
1035,1800
1229,1800
1230,1800
1232,1800
1233,1800
1235,1800
1236,1800
1237,1800
1244,1800
1245,1800
1246,1800
1247,1800
1248,1800
1249,1800
1250,1800
1251,1800
1252,1800
1253,1800
1254,1800
1255,1800
1050,1800
1053,1800
1256,1800
1257,1800
1258,1800
1259,1800
1260,1800
1261,1800
1262,1800
1263,1800
1264,1800
1265,1800
1266,1800
904,1801
905,1801
907,1801
28,1802
29,1802
30,1802
31,1802
1833,1802
1890,1802
1271,1802
32,1802
1071,1802
33,1802
1072,1802
34,1802
1834,1802
1891,1802
668,1802
574,1802
575,1802
576,1802
669,1802
300,1802
968,1802
301,1802
302,1802
971,1802
972,1802
304,1802
974,1802
305,1802
1859,1803
1832,1803
1853,1804
1912,1804
1913,1804
849,1805
644,1806
1779,1806
649,1806
650,1806
651,1806
1497,1806
657,1806
64,1806
957,1807
1314,1807
1319,1807
1323,1807
1324,1807
1325,1807
137,1807
138,1807
142,1807
143,1807
708,1807
711,1807
1189,1807
1190,1807
1010,1807
1012,1807
1191,1807
1193,1807
1194,1807
1196,1807
1200,1807
149,1807
151,1807
1201,1807
1202,1807
1203,1807
1376,1807
1210,1807
1212,1807
1213,1807
1215,1807
154,1807
155,1807
1217,1807
1219,1807
157,1807
159,1807
253,1807
1238,1807
1242,1807
644,1808
281,1808
282,1808
46,1808
55,1808
56,1808
57,1808
652,1808
653,1808
657,1808
695,1809
701,1809
1835,1809
1836,1809
886,1810
545,1810
546,1810
566,1810
892,1810
549,1810
550,1810
568,1810
896,1810
553,1810
554,1810
569,1810
900,1810
555,1810
570,1810
292,1810
1476,1811
1477,1811
1478,1811
1479,1811
1476,1812
1477,1812
1478,1812
1479,1812
1258,1812
1876,1812
1591,1812
1260,1812
626,1813
1062,1813
1064,1813
1334,1813
1065,1813
1476,1814
1477,1814
1478,1814
1479,1814
545,1815
546,1815
566,1815
549,1815
550,1815
568,1815
553,1815
554,1815
569,1815
555,1815
570,1815
292,1815
307,1815
308,1815
1148,1815
309,1815
813,1816
1906,1816
844,1816
845,1816
1390,1816
846,1816
847,1816
848,1816
1907,1816
1908,1816
1671,1816
816,1816
817,1816
1342,1816
1343,1816
1657,1817
1658,1817
1659,1817
1657,1818
1658,1818
1659,1818
1655,1819
1656,1819
1657,1819
1658,1819
1659,1819
343,1820
346,1820
347,1820
349,1820
380,1820
377,1820
382,1820
378,1820
353,1820
360,1820
386,1820
362,1820
388,1820
363,1820
288,1820
291,1820
293,1820
294,1820
300,1821
301,1821
305,1821
306,1821
310,1821
311,1821
313,1821
314,1821
316,1821
317,1821
318,1821
319,1821
343,1822
346,1822
347,1822
349,1822
380,1822
377,1822
350,1822
382,1822
378,1822
353,1822
354,1822
360,1822
386,1822
362,1822
388,1822
363,1822
372,1822
288,1822
289,1822
375,1822
291,1822
293,1822
294,1822
5,1823
6,1823
40,1823
8,1823
41,1823
42,1823
1964,1824
1674,1824
1941,1824
1760,1824
1675,1824
1965,1824
1761,1824
1762,1824
1676,1824
1944,1824
1945,1824
1677,1824
735,1825
789,1825
736,1825
737,1825
1311,1825
735,1826
1865,1826
1122,1826
1124,1826
727,1826
1327,1826
728,1826
1128,1826
532,1826
533,1826
432,1826
1326,1826
446,1826
732,1826
733,1826
448,1826
1135,1826
735,1827
789,1827
736,1827
743,1827
935,1827
936,1827
1947,1827
1949,1827
1896,1827
940,1827
1401,1827
941,1827
1710,1827
1098,1827
1845,1827
1099,1827
1102,1827
1103,1827
735,1828
789,1828
736,1828
936,1828
1947,1828
1949,1828
937,1828
938,1828
1896,1828
939,1828
940,1828
1401,1828
941,1828
1406,1828
1563,1828
1407,1828
1606,1828
943,1828
944,1828
945,1828
1950,1828
1951,1828
1607,1828
1710,1828
1098,1828
1845,1828
1846,1828
1847,1828
1099,1828
1848,1828
1100,1828
620,1828
1645,1828
1652,1828
1101,1828
621,1828
622,1828
1849,1828
1850,1828
1711,1828
1646,1828
1653,1828
1654,1828
1459,1828
1460,1828
180,1828
185,1828
1462,1828
193,1828
196,1828
200,1828
201,1828
204,1828
210,1828
1102,1828
1103,1828
997,1828
935,1829
160,1829
161,1829
162,1829
167,1829
172,1829
205,1829
211,1829
1102,1829
1103,1829
1271,1830
32,1830
1071,1830
33,1830
1072,1830
34,1830
572,1830
35,1830
36,1830
37,1830
38,1830
39,1830
1272,1830
1074,1830
1075,1830
573,1830
574,1830
575,1830
576,1830
1040,1831
1041,1831
492,1831
493,1831
1042,1831
1043,1831
1044,1831
594,1831
1045,1831
1046,1831
998,1831
1047,1831
1048,1831
1049,1831
1562,1832
1404,1832
1405,1832
1406,1832
1563,1832
1407,1832
1606,1832
1950,1832
1951,1832
1607,1832
170,1832
171,1832
1459,1832
1460,1832
1901,1832
1902,1832
180,1832
185,1832
188,1832
1462,1832
1903,1832
193,1832
1534,1832
1535,1832
1536,1832
1102,1832
1103,1832
1402,1833
1403,1833
1598,1833
160,1833
161,1833
162,1833
163,1833
1415,1833
164,1833
165,1833
166,1833
167,1833
168,1833
169,1833
1448,1833
172,1833
173,1833
1461,1833
197,1833
198,1833
199,1833
205,1833
206,1833
211,1833
212,1833
1102,1833
1103,1833
401,1834
409,1834
410,1834
412,1834
1603,1835
1604,1835
1605,1835
1082,1835
1083,1835
1084,1835
163,1835
168,1835
169,1835
173,1835
196,1835
200,1835
201,1835
202,1835
203,1835
206,1835
207,1835
208,1835
209,1835
212,1835
213,1835
1102,1835
1103,1835
307,1836
1147,1836
308,1836
1148,1836
309,1836
835,1837
838,1837
1923,1838
1924,1838
489,1839
1917,1840
1621,1840
490,1840
491,1840
1040,1840
1041,1840
492,1840
493,1840
1042,1840
494,1840
495,1840
592,1840
593,1840
1043,1840
1044,1840
594,1840
595,1840
1622,1840
1918,1840
1045,1840
1046,1840
1930,1840
1054,1840
1055,1840
1056,1840
1047,1840
1048,1840
1057,1840
1049,1840
1058,1840
904,1841
905,1841
906,1841
907,1841
299,1841
300,1841
302,1841
303,1841
304,1841
904,1842
905,1842
906,1842
907,1842
299,1842
300,1842
302,1842
303,1842
304,1842
561,1842
562,1842
563,1842
564,1842
530,1843
1540,1843
1541,1843
1542,1843
1543,1843
1544,1843
1125,1843
1327,1843
1545,1843
1549,1843
1328,1843
532,1843
1331,1843
533,1843
1332,1843
431,1843
580,1843
432,1843
434,1843
581,1843
418,1843
441,1843
443,1843
421,1843
422,1843
534,1843
445,1843
423,1843
535,1843
536,1843
537,1843
538,1843
425,1843
1474,1843
1475,1843
448,1843
1135,1843
1484,1843
1241,1843
530,1844
1126,1844
423,1844
1290,1845
1150,1845
670,1845
671,1845
672,1845
673,1845
674,1845
675,1845
676,1845
677,1845
678,1845
679,1845
680,1845
681,1845
682,1845
683,1845
684,1845
685,1845
686,1845
687,1845
688,1845
689,1845
696,1845
697,1845
698,1845
699,1845
2,1845
700,1845
701,1845
24,1846
25,1846
26,1846
27,1846
32,1846
33,1846
34,1846
904,1846
905,1846
906,1846
907,1846
299,1846
300,1846
302,1846
303,1846
304,1846
561,1846
562,1846
563,1846
564,1846
927,1847
928,1847
929,1847
930,1847
805,1847
796,1847
806,1847
797,1847
798,1847
1068,1847
799,1847
807,1847
808,1847
809,1847
810,1847
965,1847
800,1847
804,1847
987,1847
801,1847
988,1847
512,1847
513,1847
514,1847
515,1847
966,1847
989,1847
990,1847
991,1847
967,1847
295,1847
296,1847
297,1847
298,1847
24,1847
25,1847
26,1847
27,1847
1530,1847
1531,1847
391,1847
392,1847
393,1847
1532,1847
394,1847
1533,1847
396,1847
397,1847
398,1847
399,1847
400,1847
401,1847
402,1847
910,1847
911,1847
912,1847
403,1847
913,1847
914,1847
404,1847
405,1847
915,1847
406,1847
407,1847
408,1847
644,1847
657,1847
1036,1847
1037,1847
1038,1847
1039,1847
1104,1847
262,1847
263,1847
264,1847
265,1847
266,1847
268,1847
269,1847
1105,1847
1106,1847
1712,1847
1763,1847
270,1847
320,1847
271,1847
321,1847
322,1847
1796,1847
272,1847
273,1847
435,1847
436,1847
437,1847
395,1848
1621,1848
491,1848
1040,1848
1041,1848
492,1848
493,1848
495,1848
592,1848
1043,1848
1044,1848
594,1848
1622,1848
1045,1848
1046,1848
1054,1848
998,1848
1047,1848
1048,1848
1057,1848
1049,1848
1003,1848
1004,1848
1005,1848
1006,1848
274,1848
1344,1848
276,1848
277,1848
1599,1848
951,1848
952,1848
1600,1848
1601,1848
953,1848
955,1848
956,1848
134,1848
137,1848
138,1848
139,1848
140,1848
141,1848
146,1848
147,1848
1194,1848
1195,1848
1196,1848
1197,1848
148,1848
1199,1848
1200,1848
149,1848
150,1848
151,1848
1201,1848
1202,1848
1203,1848
1204,1848
1205,1848
1206,1848
1208,1848
1209,1848
154,1848
155,1848
1216,1848
156,1848
1217,1848
1218,1848
1219,1848
157,1848
158,1848
159,1848
1244,1848
1245,1848
1246,1848
1247,1848
1248,1848
1249,1848
1250,1848
1251,1848
1614,1848
1615,1848
1377,1848
1616,1848
1617,1848
1252,1848
1253,1848
1590,1848
1254,1848
1255,1848
1050,1848
1051,1848
1052,1848
1053,1848
1256,1848
1618,1848
1257,1848
1258,1848
1378,1848
1379,1848
1259,1848
1876,1848
1591,1848
1260,1848
1592,1848
1261,1848
1593,1848
1262,1848
1263,1848
1264,1848
1265,1848
1602,1848
1594,1848
1266,1848
1316,1849
1323,1849
1324,1849
1956,1849
1325,1849
251,1849
252,1849
253,1849
1483,1849
254,1849
1998,1850
1573,1850
1574,1850
1921,1850
1575,1850
1578,1850
1579,1850
1853,1850
718,1850
1997,1850
1859,1850
1319,1851
1323,1851
1324,1851
962,1851
964,1851
253,1851
1238,1851
1242,1851
1648,1852
1649,1852
877,1852
233,1853
234,1853
235,1853
236,1853
1403,1853
233,1854
234,1854
235,1854
236,1854
225,1855
226,1855
233,1856
234,1856
235,1856
236,1856
225,1857
226,1857
227,1857
241,1857
228,1857
229,1857
230,1857
231,1857
232,1857
233,1858
234,1858
235,1858
236,1858
237,1859
238,1859
239,1859
240,1859
923,1859
924,1859
925,1859
926,1859
225,1859
226,1859
241,1859
228,1859
229,1859
230,1859
231,1859
232,1859
233,1859
234,1859
235,1859
236,1859
1948,1860
937,1860
938,1860
939,1860
160,1860
161,1860
162,1860
1408,1860
1409,1860
1410,1860
1411,1860
1412,1860
1413,1860
1414,1860
164,1860
165,1860
166,1860
167,1860
1416,1860
1417,1860
1418,1860
1419,1860
1420,1860
1421,1860
1422,1860
1423,1860
1424,1860
1425,1860
1426,1860
1427,1860
1428,1860
1429,1860
1430,1860
1431,1860
1432,1860
1433,1860
1434,1860
1435,1860
1436,1860
1437,1860
1438,1860
1439,1860
1440,1860
1441,1860
1100,1860
1101,1860
1849,1860
1850,1860
173,1860
1608,1860
1609,1860
1610,1860
1611,1860
1612,1860
1613,1860
196,1860
200,1860
201,1860
1467,1860
1468,1860
1469,1860
1470,1860
206,1860
212,1860
1102,1860
1103,1860
996,1860
997,1860
806,1861
1068,1861
809,1861
987,1861
988,1861
513,1861
991,1861
1686,1862
1688,1862
1691,1862
1695,1862
1696,1862
1697,1862
942,1863
946,1863
947,1863
948,1863
949,1863
950,1863
993,1863
994,1863
995,1863
997,1863
17,1864
18,1864
19,1864
20,1864
21,1864
22,1864
23,1864
24,1864
25,1864
26,1864
27,1864
391,1864
393,1864
398,1864
399,1864
400,1864
402,1864
409,1864
410,1864
412,1864
633,1865
634,1865
635,1865
636,1865
637,1865
29,1865
450,1865
30,1865
451,1865
31,1865
452,1865
638,1865
1275,1865
1276,1865
453,1865
639,1865
455,1865
456,1865
1833,1865
1890,1865
1271,1865
32,1865
1071,1865
33,1865
1072,1865
34,1865
1834,1865
1891,1865
36,1865
38,1865
39,1865
668,1865
574,1865
575,1865
576,1865
669,1865
300,1865
968,1865
301,1865
302,1865
303,1865
971,1865
972,1865
304,1865
974,1865
305,1865
975,1865
976,1865
977,1865
1970,1865
1624,1865
918,1865
1973,1865
919,1865
920,1865
1974,1865
805,1866
796,1866
806,1866
797,1866
1069,1866
807,1866
808,1866
809,1866
810,1866
965,1866
800,1866
804,1866
987,1866
513,1866
514,1866
515,1866
966,1866
990,1866
991,1866
967,1866
17,1866
20,1866
21,1866
22,1866
23,1866
29,1866
450,1866
30,1866
451,1866
31,1866
452,1866
638,1866
453,1866
639,1866
1268,1866
1269,1866
1270,1866
623,1866
629,1866
630,1866
1333,1866
1702,1866
1703,1866
1705,1866
1706,1866
632,1866
520,1866
741,1866
524,1866
742,1866
557,1866
526,1866
558,1866
559,1866
560,1866
1707,1866
1708,1866
1597,1866
1709,1866
1067,1866
1036,1866
1037,1866
1038,1866
1039,1866
1104,1866
262,1866
263,1866
264,1866
266,1866
269,1866
1105,1866
1106,1866
1712,1866
270,1866
271,1866
1796,1866
272,1866
273,1866
1713,1866
744,1867
1904,1867
746,1867
747,1867
748,1867
749,1867
750,1867
751,1867
752,1867
753,1867
754,1867
755,1867
757,1867
796,1868
798,1868
799,1868
808,1868
800,1868
804,1868
801,1868
512,1868
514,1868
515,1868
989,1868
990,1868
967,1868
737,1868
1311,1868
623,1868
627,1868
629,1868
630,1868
631,1868
1701,1868
1702,1868
1703,1868
1704,1868
1705,1868
1706,1868
1887,1868
1335,1868
520,1868
521,1868
741,1868
524,1868
525,1868
742,1868
557,1868
526,1868
558,1868
1888,1868
560,1868
1707,1868
1708,1868
1597,1868
1709,1868
278,1868
279,1868
280,1868
644,1868
281,1868
282,1868
908,1868
909,1868
1492,1868
645,1868
646,1868
1494,1868
647,1868
1495,1868
1779,1868
849,1868
1496,1868
702,1868
47,1868
648,1868
48,1868
850,1868
851,1868
852,1868
853,1868
854,1868
855,1868
649,1868
651,1868
49,1868
50,1868
51,1868
52,1868
53,1868
54,1868
982,1868
978,1868
983,1868
979,1868
980,1868
981,1868
856,1868
857,1868
986,1868
55,1868
56,1868
57,1868
652,1868
653,1868
58,1868
858,1868
859,1868
860,1868
861,1868
862,1868
863,1868
654,1868
655,1868
656,1868
1511,1868
1512,1868
59,1868
60,1868
61,1868
62,1868
63,1868
864,1868
657,1868
658,1868
659,1868
660,1868
661,1868
662,1868
663,1868
865,1868
866,1868
867,1868
868,1868
869,1868
870,1868
871,1868
872,1868
1516,1868
1517,1868
1518,1868
1519,1868
1520,1868
1521,1868
1648,1868
1649,1868
873,1868
874,1868
875,1868
876,1868
877,1868
664,1868
665,1868
666,1868
667,1868
1522,1868
878,1868
879,1868
880,1868
881,1868
882,1868
1523,1868
1524,1868
1525,1868
1650,1868
1526,1868
1527,1868
1528,1868
1529,1868
262,1868
264,1868
265,1868
266,1868
268,1868
269,1868
1105,1868
1106,1868
1712,1868
1763,1868
270,1868
320,1868
271,1868
321,1868
322,1868
1796,1868
272,1868
273,1868
1130,1869
1131,1869
217,1869
218,1869
219,1869
221,1869
1474,1869
1475,1869
1523,1870
1524,1870
1525,1870
1650,1870
1526,1870
1527,1870
1528,1870
1529,1870
522,1871
525,1871
526,1871
559,1871
1707,1871
1708,1871
1597,1871
1709,1871
1067,1871
648,1871
1526,1871
1527,1871
1528,1871
1529,1871
1862,1872
1866,1872
1862,1873
633,1874
634,1874
635,1874
636,1874
637,1874
296,1874
297,1874
516,1874
517,1874
298,1874
518,1874
28,1874
29,1874
30,1874
31,1874
638,1874
453,1874
639,1874
455,1874
456,1874
641,1874
642,1874
643,1874
1267,1874
1268,1874
1269,1874
1270,1874
1833,1874
1890,1874
1271,1874
32,1874
1071,1874
33,1874
1072,1874
34,1874
1834,1874
1891,1874
35,1874
36,1874
37,1874
38,1874
39,1874
1892,1874
1272,1874
1074,1874
1075,1874
668,1874
574,1874
575,1874
576,1874
669,1874
1273,1874
1076,1874
1274,1874
1077,1874
1561,1874
1079,1874
1080,1874
906,1874
300,1874
968,1874
301,1874
969,1874
970,1874
302,1874
303,1874
971,1874
972,1874
973,1874
304,1874
974,1874
305,1874
975,1874
976,1874
977,1874
1571,1874
1970,1874
1572,1874
1624,1874
590,1874
591,1874
918,1874
919,1874
920,1874
1867,1875
1107,1875
921,1875
922,1875
596,1875
597,1875
1108,1875
1868,1875
1923,1875
1109,1875
1924,1875
598,1875
1110,1875
1111,1875
599,1875
600,1875
601,1875
1925,1875
602,1875
603,1875
604,1875
605,1875
1113,1875
1564,1875
1114,1875
1929,1875
1115,1875
1565,1875
1014,1875
1015,1875
1017,1875
607,1875
1032,1875
1033,1875
1034,1875
1220,1875
1221,1875
1222,1875
1223,1875
1224,1875
1225,1875
1226,1875
1227,1875
1228,1875
1035,1875
1229,1875
1230,1875
1231,1875
1232,1875
1233,1875
1234,1875
1235,1875
1236,1875
1237,1875
278,1876
279,1876
280,1876
644,1876
281,1876
282,1876
908,1876
46,1876
909,1876
1492,1876
1493,1876
1494,1876
647,1876
1495,1876
1779,1876
849,1876
47,1876
649,1876
650,1876
651,1876
1497,1876
1498,1876
982,1876
978,1876
1499,1876
1500,1876
1501,1876
1889,1876
985,1876
1502,1876
983,1876
979,1876
980,1876
981,1876
986,1876
1503,1876
1504,1876
1505,1876
1506,1876
1507,1876
1508,1876
1509,1876
1510,1876
58,1876
654,1876
655,1876
656,1876
1511,1876
1512,1876
657,1876
64,1876
1513,1876
1514,1876
1515,1876
872,1876
1516,1876
1517,1876
1518,1876
1519,1876
1520,1876
1521,1876
1648,1876
1649,1876
664,1876
665,1876
666,1876
667,1876
1522,1876
1523,1876
1524,1876
1525,1876
1650,1876
1526,1876
1527,1876
1528,1876
1529,1876
74,1877
75,1877
76,1877
77,1877
467,1877
468,1877
469,1877
470,1877
79,1877
80,1877
81,1877
82,1877
83,1877
84,1877
85,1877
86,1877
87,1877
88,1877
89,1877
90,1877
482,1877
483,1877
91,1877
92,1877
93,1877
94,1877
95,1877
96,1877
97,1877
98,1877
99,1877
100,1877
101,1877
102,1877
480,1877
472,1877
473,1877
474,1877
481,1877
103,1877
104,1877
105,1877
106,1877
107,1877
461,1877
462,1877
463,1877
464,1877
465,1877
108,1877
109,1877
110,1877
111,1877
112,1877
113,1877
114,1877
115,1877
116,1877
117,1877
476,1877
477,1877
478,1877
118,1877
119,1877
120,1877
121,1877
122,1877
457,1877
460,1877
123,1877
124,1877
125,1877
126,1877
127,1877
128,1877
129,1877
130,1877
131,1877
132,1877
133,1877
17,1877
20,1877
22,1877
23,1877
633,1877
634,1877
636,1877
637,1877
296,1877
297,1877
298,1877
24,1877
25,1877
26,1877
27,1877
28,1877
449,1877
30,1877
31,1877
1275,1877
1276,1877
453,1877
639,1877
455,1877
456,1877
640,1877
642,1877
643,1877
1267,1877
1268,1877
1269,1877
1270,1877
1833,1877
1890,1877
1271,1877
32,1877
1071,1877
33,1877
1072,1877
34,1877
1834,1877
1891,1877
35,1877
36,1877
37,1877
38,1877
39,1877
1892,1877
1272,1877
1074,1877
1075,1877
668,1877
574,1877
575,1877
576,1877
669,1877
1273,1877
1076,1877
1274,1877
1077,1877
1561,1877
1079,1877
1080,1877
936,1877
937,1877
938,1877
939,1877
940,1877
941,1877
1620,1877
1081,1877
1085,1877
614,1877
615,1877
616,1877
617,1877
1449,1877
1450,1877
1451,1877
1452,1877
1453,1877
1847,1877
1099,1877
1454,1877
1455,1877
1456,1877
1457,1877
1458,1877
1848,1877
1100,1877
620,1877
1353,1877
1354,1877
1355,1877
1356,1877
1357,1877
1625,1877
1626,1877
1627,1877
1628,1877
1629,1877
1645,1877
1358,1877
1101,1877
622,1877
1850,1877
1369,1877
1370,1877
1371,1877
1372,1877
1373,1877
1635,1877
1636,1877
1637,1877
1638,1877
1639,1877
1646,1877
1375,1877
183,1877
184,1877
194,1877
1102,1877
1103,1877
1905,1877
1935,1877
1936,1877
843,1877
1340,1877
815,1877
816,1877
817,1877
1673,1877
818,1877
1341,1877
1149,1877
1290,1877
1150,1877
1151,1877
670,1877
671,1877
672,1877
673,1877
674,1877
675,1877
676,1877
677,1877
678,1877
679,1877
680,1877
681,1877
682,1877
683,1877
684,1877
685,1877
686,1877
687,1877
688,1877
689,1877
696,1877
697,1877
698,1877
699,1877
2,1877
700,1877
701,1877
134,1877
706,1877
709,1877
135,1877
136,1877
138,1877
139,1877
707,1877
710,1877
140,1877
141,1877
142,1877
143,1877
708,1877
711,1877
144,1877
145,1877
146,1877
147,1877
1009,1877
1188,1877
1190,1877
1011,1877
1012,1877
1192,1877
1193,1877
1195,1877
1196,1877
1197,1877
148,1877
1198,1877
1199,1877
1200,1877
150,1877
151,1877
1202,1877
1204,1877
1205,1877
1206,1877
1207,1877
1208,1877
1209,1877
1211,1877
1212,1877
153,1877
1214,1877
1215,1877
155,1877
1216,1877
156,1877
1218,1877
1219,1877
158,1877
159,1877
590,1877
591,1877
918,1877
1973,1877
919,1877
920,1877
1974,1877
1917,1878
1621,1878
490,1878
491,1878
1040,1878
1041,1878
492,1878
493,1878
1042,1878
494,1878
495,1878
592,1878
593,1878
1044,1878
594,1878
595,1878
1622,1878
1918,1878
1045,1878
1046,1878
1930,1878
1054,1878
1055,1878
1056,1878
1048,1878
1057,1878
1049,1878
1058,1878
323,1879
324,1879
325,1879
326,1879
327,1879
328,1879
1737,1879
329,1879
332,1879
333,1879
334,1879
1140,1880
1141,1880
1139,1881
1140,1881
1141,1881
1337,1882
1935,1882
1936,1882
814,1882
843,1882
816,1882
817,1882
1595,1882
1596,1882
590,1882
591,1882
918,1882
919,1882
1312,1883
1313,1883
957,1883
1314,1883
1315,1883
1316,1883
1317,1883
1318,1883
1319,1883
959,1883
960,1883
961,1883
1320,1883
1321,1883
1322,1883
1323,1883
1324,1883
1325,1883
1162,1883
1163,1883
1164,1883
1165,1883
1166,1883
1480,1883
43,1883
1167,1883
44,1883
1168,1883
1169,1883
1170,1883
1482,1883
1382,1883
45,1883
562,1883
1172,1883
563,1883
1173,1883
1174,1883
1289,1883
1175,1883
1176,1883
1177,1883
1179,1883
1736,1883
916,1883
917,1883
1180,1883
951,1883
1383,1883
1181,1883
1385,1883
1182,1883
953,1883
1183,1883
1184,1883
1185,1883
1386,1883
954,1883
1186,1883
248,1883
249,1883
250,1883
1387,1883
1244,1883
1245,1883
1246,1883
1247,1883
1248,1883
1249,1883
1250,1883
1251,1883
1614,1883
1615,1883
1377,1883
1616,1883
1617,1883
1252,1883
1253,1883
1590,1883
1254,1883
1255,1883
1050,1883
1051,1883
1052,1883
1053,1883
1256,1883
1618,1883
1257,1883
1258,1883
1378,1883
1379,1883
1259,1883
1876,1883
1591,1883
1260,1883
1592,1883
1261,1883
1593,1883
1262,1883
1263,1883
1264,1883
1265,1883
1602,1883
1594,1883
1266,1883
25,1884
26,1884
1348,1884
1349,1884
624,1884
629,1884
1333,1884
1063,1884
632,1884
1066,1884
1623,1884
48,1884
650,1884
50,1884
51,1884
857,1884
986,1884
56,1884
57,1884
58,1884
859,1884
860,1884
655,1884
60,1884
61,1884
658,1884
660,1884
661,1884
868,1884
872,1884
1517,1884
1518,1884
877,1884
879,1884
572,1884
1073,1884
573,1884
1078,1884
1147,1884
1148,1884
21,1885
22,1885
23,1885
635,1885
636,1885
295,1885
296,1885
516,1885
298,1885
29,1885
450,1885
451,1885
31,1885
452,1885
638,1885
639,1885
1070,1885
641,1885
643,1885
1268,1885
1270,1885
134,1885
706,1885
709,1885
135,1885
136,1885
137,1885
138,1885
139,1885
707,1885
710,1885
140,1885
141,1885
142,1885
143,1885
708,1885
711,1885
144,1885
145,1885
146,1885
147,1885
1009,1885
1188,1885
1189,1885
1190,1885
1010,1885
1011,1885
1012,1885
1191,1885
1192,1885
1193,1885
1194,1885
1195,1885
1196,1885
1197,1885
148,1885
1198,1885
1199,1885
1200,1885
149,1885
150,1885
151,1885
1201,1885
1202,1885
1203,1885
1204,1885
1376,1885
1205,1885
1206,1885
1207,1885
1208,1885
1209,1885
1210,1885
1211,1885
1212,1885
1213,1885
1214,1885
1215,1885
154,1885
155,1885
1216,1885
156,1885
1217,1885
1218,1885
1219,1885
157,1885
158,1885
159,1885
1040,1886
1041,1886
492,1886
493,1886
1042,1886
1043,1886
1044,1886
594,1886
1045,1886
1046,1886
998,1886
1047,1886
1048,1886
1049,1886
1004,1887
1006,1887
414,1887
416,1887
1013,1887
320,1888
1139,1888
1140,1888
1141,1888
873,1889
874,1889
875,1889
876,1889
877,1889
796,1890
806,1890
797,1890
295,1890
298,1890
518,1890
36,1890
38,1890
39,1890
725,1890
726,1890
1540,1890
1486,1890
1543,1890
1471,1890
1472,1890
1473,1890
1125,1890
727,1890
541,1890
728,1890
1126,1890
1127,1890
417,1890
531,1890
542,1890
532,1890
533,1890
578,1890
431,1890
432,1890
433,1890
434,1890
583,1890
435,1890
418,1890
585,1890
588,1890
436,1890
437,1890
438,1890
439,1890
1550,1890
1129,1890
440,1890
419,1890
441,1890
442,1890
443,1890
444,1890
420,1890
421,1890
422,1890
534,1890
445,1890
423,1890
535,1890
536,1890
538,1890
425,1890
1474,1890
1024,1890
1475,1890
426,1890
1025,1890
539,1890
540,1890
447,1890
430,1890
1026,1890
1540,1891
1485,1891
1486,1891
1124,1891
1543,1891
504,1892
776,1892
506,1892
779,1892
782,1893
784,1893
510,1893
511,1893
500,1894
703,1894
704,1894
502,1894
705,1894
504,1894
776,1894
506,1894
779,1894
782,1894
784,1894
510,1894
511,1894
500,1895
703,1895
704,1895
502,1895
705,1895
504,1895
776,1895
506,1895
779,1895
782,1895
784,1895
510,1895
511,1895
500,1896
703,1896
704,1896
502,1896
705,1896
504,1896
776,1896
506,1896
779,1896
782,1896
784,1896
510,1896
511,1896
590,1897
591,1897
623,1898
624,1898
625,1898
627,1898
628,1898
630,1898
631,1898
739,1898
740,1898
1062,1898
1886,1898
1064,1898
1704,1898
1887,1898
1335,1898
1065,1898
908,1898
909,1898
1492,1898
645,1898
646,1898
1493,1898
1494,1898
647,1898
48,1898
850,1898
851,1898
852,1898
853,1898
854,1898
855,1898
49,1898
50,1898
51,1898
52,1898
53,1898
54,1898
1499,1898
1500,1898
1501,1898
1889,1898
985,1898
1502,1898
986,1898
1503,1898
1504,1898
1505,1898
58,1898
858,1898
859,1898
860,1898
861,1898
862,1898
863,1898
59,1898
60,1898
61,1898
62,1898
63,1898
864,1898
658,1898
659,1898
660,1898
661,1898
662,1898
663,1898
865,1898
866,1898
867,1898
868,1898
869,1898
870,1898
871,1898
872,1898
1648,1898
1649,1898
873,1898
874,1898
875,1898
876,1898
877,1898
664,1898
665,1898
666,1898
667,1898
1522,1898
878,1898
879,1898
880,1898
881,1898
882,1898
1523,1898
1524,1898
1525,1898
1650,1898
1526,1898
1527,1898
1528,1898
1529,1898
1833,1898
1890,1898
1271,1898
32,1898
1071,1898
33,1898
1072,1898
34,1898
1834,1898
1891,1898
1892,1898
1272,1898
1074,1898
1075,1898
668,1898
574,1898
575,1898
576,1898
669,1898
693,1899
699,1899
1787,1899
1788,1899
1537,1900
719,1900
1118,1900
1940,1900
1119,1900
1939,1900
722,1900
723,1900
724,1900
725,1900
726,1900
439,1900
48,1901
49,1901
50,1901
51,1901
52,1901
53,1901
54,1901
55,1901
56,1901
57,1901
58,1901
59,1901
60,1901
61,1901
62,1901
63,1901
1537,1902
719,1902
1118,1902
1940,1902
1119,1902
1939,1902
722,1902
723,1902
724,1902
438,1902
439,1902
1867,1903
921,1903
922,1903
596,1903
597,1903
1868,1903
1923,1903
1924,1903
600,1903
1925,1903
602,1903
65,1903
66,1903
70,1903
71,1903
72,1903
1278,1904
1279,1904
1668,1904
1670,1904
1672,1904
1794,1904
1673,1904
1795,1904
1342,1904
1343,1904
1285,1905
1286,1905
1287,1905
712,1906
714,1906
715,1906
716,1906
1957,1906
957,1907
1314,1907
1319,1907
960,1907
961,1907
1205,1908
1206,1908
1208,1908
1209,1908
155,1908
1207,1909
1210,1909
1211,1909
1212,1909
153,1909
1213,1909
1214,1909
1215,1909
153,1910
155,1910
152,1911
155,1911
134,1912
706,1912
709,1912
137,1912
138,1912
139,1912
707,1912
710,1912
140,1912
141,1912
708,1912
711,1912
146,1912
147,1912
1009,1912
1188,1912
1189,1912
1190,1912
1010,1912
1011,1912
1012,1912
1191,1912
1192,1912
1193,1912
1194,1912
1195,1912
1196,1912
1197,1912
148,1912
1198,1912
1199,1912
1200,1912
149,1912
150,1912
151,1912
1201,1912
1202,1912
1203,1912
1204,1912
1376,1912
1205,1912
1206,1912
1207,1912
1208,1912
1209,1912
1210,1912
1211,1912
1212,1912
152,1912
153,1912
1213,1912
1214,1912
1215,1912
154,1912
155,1912
1216,1912
156,1912
1217,1912
1218,1912
1219,1912
157,1912
158,1912
159,1912
1867,1913
921,1913
922,1913
596,1913
1924,1913
1929,1913
607,1913
878,1914
879,1914
880,1914
881,1914
882,1914
692,1915
693,1915
1870,1915
1787,1915
1873,1915
1788,1915
1155,1915
1781,1915
1782,1915
1156,1915
1158,1915
1783,1915
1784,1915
1786,1915
691,1916
697,1916
1869,1916
1872,1916
695,1917
701,1917
1835,1917
1836,1917
1,1918
2,1918
3,1918
4,1918
1223,1919
1224,1919
1225,1919
1226,1919
1227,1919
1228,1919
1035,1919
1229,1919
1230,1919
1231,1919
1085,1920
614,1920
615,1920
616,1920
617,1920
618,1920
619,1920
1248,1920
1616,1920
1252,1920
1136,1921
1137,1921
1138,1921
1140,1921
1142,1921
1143,1921
1491,1922
1085,1922
618,1922
619,1922
992,1922
993,1922
994,1922
995,1922
996,1922
997,1922
1491,1923
1506,1923
1507,1923
1508,1923
1509,1923
1510,1923
1513,1923
1514,1923
1515,1923
1491,1924
1402,1924
1403,1924
162,1924
1461,1924
992,1924
993,1924
994,1924
995,1924
996,1924
997,1924
1506,1925
1507,1925
1508,1925
1491,1926
1506,1926
1507,1926
1508,1926
1513,1926
1514,1926
1515,1926
1782,1927
1786,1927
1781,1928
1783,1928
1784,1928
1735,1928
1781,1929
1157,1929
1783,1929
1784,1929
1735,1929
1160,1929
695,1930
701,1930
1835,1930
1836,1930
695,1931
701,1931
1835,1931
1836,1931
1699,1932
1700,1932
624,1933
625,1933
627,1933
630,1933
631,1933
738,1933
739,1933
740,1933
1699,1933
1700,1933
1063,1933
1064,1933
1704,1933
1705,1933
1706,1933
1887,1933
1335,1933
1065,1933
521,1933
523,1933
524,1933
525,1933
742,1933
559,1933
560,1933
1708,1933
1597,1933
1067,1933
200,1934
201,1934
931,1935
932,1935
933,1935
934,1935
1307,1935
1308,1935
1309,1935
1310,1935
225,1936
226,1936
789,1937
736,1937
935,1937
1400,1937
1491,1937
1560,1937
1533,1937
401,1937
402,1937
911,1937
913,1937
404,1937
915,1937
406,1937
407,1937
408,1937
320,1937
322,1937
1796,1937
703,1937
225,1938
226,1938
227,1938
241,1938
228,1938
233,1938
234,1938
235,1938
236,1938
1,1939
2,1939
3,1939
4,1939
849,1940
48,1940
49,1940
50,1940
51,1940
52,1940
53,1940
54,1940
1934,1941
841,1941
842,1941
1969,1941
1954,1941
1683,1941
1340,1941
1341,1941
1946,1941
1342,1941
1343,1941
841,1942
842,1942
1875,1942
489,1943
1672,1944
1794,1944
1673,1944
1795,1944
1946,1944
1683,1945
1340,1945
1341,1945
1946,1945
1342,1945
1343,1945
633,1946
634,1946
635,1946
636,1946
637,1946
295,1946
296,1946
297,1946
298,1946
1340,1946
1946,1946
1342,1946
1343,1946
489,1947
695,1948
701,1948
1835,1948
1836,1948
242,1949
243,1949
931,1949
932,1949
933,1949
934,1949
1402,1949
1403,1949
614,1949
615,1949
616,1949
617,1949
618,1949
619,1949
1461,1949
1249,1949
1617,1949
1253,1949
1958,1950
1959,1950
822,1951
820,1952
821,1952
822,1952
1698,1952
822,1953
820,1954
821,1954
822,1954
820,1955
821,1955
822,1955
1698,1955
820,1956
821,1956
822,1956
1698,1956
820,1957
821,1957
822,1957
1532,1958
394,1958
395,1958
1533,1958
396,1958
397,1958
398,1958
399,1958
400,1958
401,1958
402,1958
910,1958
912,1958
914,1958
1657,1959
1797,1959
1798,1959
1658,1959
1799,1959
1800,1959
323,1959
324,1959
325,1959
326,1959
327,1959
328,1959
1737,1959
329,1959
330,1959
331,1959
332,1959
333,1959
334,1959
1801,1959
1738,1959
1739,1959
1802,1959
1803,1959
1804,1959
1805,1959
1740,1959
1806,1959
1807,1959
1808,1959
1741,1959
1742,1959
1743,1959
1809,1959
1810,1959
1811,1959
1812,1959
1813,1959
1814,1959
1815,1959
1816,1959
1817,1959
1818,1959
1819,1959
1744,1959
1820,1959
1821,1959
1745,1959
335,1959
1822,1959
336,1959
1823,1959
1824,1959
1825,1959
1746,1959
1826,1959
1747,1959
337,1959
1827,1959
1828,1959
338,1959
1684,1959
339,1959
1748,1959
1749,1959
340,1959
1750,1959
1751,1959
341,1959
1685,1959
342,1959
58,1960
654,1960
655,1960
656,1960
1511,1960
1512,1960
1403,1961
1914,1961
1415,1961
1915,1961
1916,1961
1448,1961
1942,1962
1762,1962
343,1963
344,1963
345,1963
346,1963
347,1963
348,1963
349,1963
350,1963
351,1963
352,1963
353,1963
354,1963
355,1963
356,1963
357,1963
358,1963
359,1963
360,1963
361,1963
362,1963
363,1963
364,1963
365,1963
366,1963
367,1963
368,1963
369,1963
370,1963
371,1963
285,1963
286,1963
372,1963
288,1963
289,1963
373,1963
374,1963
290,1963
375,1963
291,1963
376,1963
1698,1964
823,1964
824,1964
825,1964
1003,1965
1004,1965
1005,1965
1006,1965
413,1965
414,1965
415,1965
416,1965
11,1966
12,1966
13,1966
1406,1967
1563,1967
1407,1967
1481,1967
1380,1967
1381,1967
1406,1968
1563,1968
1407,1968
1,1969
2,1969
3,1969
4,1969
93,1970
94,1970
95,1970
96,1970
97,1970
256,1971
257,1971
258,1971
259,1971
260,1971
261,1971
1530,1972
1532,1972
398,1972
399,1972
401,1972
403,1972
404,1972
405,1972
1893,1972
1894,1972
937,1972
938,1972
1895,1972
939,1972
186,1972
187,1972
195,1972
578,1972
579,1972
580,1972
581,1972
583,1972
585,1972
586,1972
588,1972
589,1972
1021,1972
1022,1972
1023,1972
1024,1972
1132,1972
1025,1972
1133,1972
1134,1972
1026,1972
1926,1972
1978,1972
1979,1972
1980,1972
5,1972
6,1972
1488,1972
1489,1972
310,1972
313,1972
315,1972
317,1972
318,1972
999,1973
1000,1973
1001,1973
1002,1973
1003,1973
1004,1973
1005,1973
1006,1973
413,1973
414,1973
415,1973
416,1973
578,1974
579,1974
580,1974
433,1974
581,1974
583,1974
585,1974
586,1974
588,1974
589,1974
442,1974
443,1974
422,1974
445,1974
1021,1974
423,1974
536,1974
1022,1974
538,1974
425,1974
1023,1974
1132,1974
1025,1974
1133,1974
1134,1974
1026,1974
1926,1974
1978,1974
1979,1974
1980,1974
5,1974
6,1974
1488,1974
1489,1974
310,1974
313,1974
315,1974
317,1974
318,1974
1484,1974
1241,1974
1530,1975
391,1975
392,1975
393,1975
1532,1975
394,1975
910,1975
912,1975
403,1975
914,1975
404,1975
405,1975
406,1975
407,1975
408,1975
578,1975
580,1975
581,1975
583,1975
585,1975
588,1975
1021,1975
1022,1975
1023,1975
1024,1975
1132,1975
1025,1975
1026,1975
805,1976
796,1976
806,1976
798,1976
1068,1976
262,1976
264,1976
265,1976
241,1977
228,1977
931,1977
932,1977
933,1977
934,1977
1307,1977
1308,1977
1309,1977
1310,1977
1400,1977
942,1977
1606,1977
1950,1977
946,1977
947,1977
948,1977
949,1977
1951,1977
1607,1977
950,1977
923,1978
924,1978
925,1978
926,1978
245,1978
246,1978
247,1978
1078,1978
1561,1978
1079,1978
1080,1978
923,1979
924,1979
925,1979
926,1979
1078,1979
1561,1979
1079,1979
1080,1979
923,1980
924,1980
925,1980
926,1980
923,1981
924,1981
925,1981
926,1981
1078,1981
1561,1981
1079,1981
1080,1981
295,1982
296,1982
298,1982
307,1982
308,1982
1148,1982
309,1982
313,1982
317,1982
318,1982
633,1983
634,1983
635,1983
636,1983
637,1983
295,1983
296,1983
298,1983
638,1983
1275,1983
1276,1983
453,1983
639,1983
455,1983
456,1983
640,1983
641,1983
642,1983
643,1983
1268,1983
1269,1983
1270,1983
300,1983
968,1983
301,1983
302,1983
303,1983
971,1983
972,1983
304,1983
974,1983
305,1983
975,1983
976,1983
977,1983
1698,1984
824,1984
825,1984
830,1984
831,1984
11,1985
12,1985
13,1985
796,1986
806,1986
798,1986
1068,1986
800,1986
804,1986
987,1986
801,1986
988,1986
1040,1986
1041,1986
492,1986
493,1986
1042,1986
1043,1986
1044,1986
594,1986
1045,1986
1046,1986
1047,1986
1048,1986
1049,1986
773,1986
775,1986
599,1986
600,1986
601,1986
603,1986
605,1986
1014,1986
1016,1986
1017,1986
1471,1986
1472,1986
1473,1986
1125,1986
541,1986
728,1986
1126,1986
1127,1986
417,1986
422,1986
535,1986
536,1986
425,1986
1140,1986
1142,1986
1143,1986
1144,1986
1145,1986
1146,1986
822,1986
823,1986
412,1986
826,1986
827,1986
828,1986
829,1986
1570,1986
969,1986
970,1986
973,1986
975,1986
976,1986
977,1986
1149,1986
1290,1986
1150,1986
1291,1986
1292,1986
1293,1986
1151,1986
1297,1986
1153,1986
1154,1986
1298,1986
1299,1986
1304,1986
670,1986
671,1986
672,1986
673,1986
674,1986
675,1986
676,1986
677,1986
678,1986
679,1986
680,1986
681,1986
682,1986
683,1986
684,1986
685,1986
686,1986
687,1986
688,1986
689,1986
690,1986
691,1986
692,1986
693,1986
1,1986
694,1986
695,1986
696,1986
697,1986
698,1986
699,1986
2,1986
700,1986
701,1986
811,1986
1869,1986
1870,1986
1787,1986
3,1986
1871,1986
1835,1986
812,1986
1872,1986
1873,1986
1788,1986
4,1986
1874,1986
1836,1986
137,1986
138,1986
139,1986
1197,1986
148,1986
1199,1986
1200,1986
149,1986
150,1986
151,1986
1205,1986
1207,1986
1208,1986
1210,1986
1211,1986
1212,1986
152,1986
153,1986
154,1986
155,1986
1216,1986
156,1986
1217,1986
1218,1986
1219,1986
157,1986
158,1986
159,1986
1032,1986
1033,1986
1034,1986
1220,1986
1221,1986
1222,1986
1223,1986
1224,1986
1225,1986
1226,1986
1227,1986
1228,1986
1229,1986
1230,1986
1231,1986
1232,1986
1233,1986
1234,1986
1235,1986
1236,1986
1237,1986
252,1986
253,1986
1483,1986
254,1986
1484,1986
1238,1986
1239,1986
255,1986
1240,1986
1241,1986
1242,1986
1243,1986
1050,1986
1052,1986
1053,1986
1257,1986
1258,1986
1378,1986
1379,1986
1259,1986
1876,1986
1591,1986
1260,1986
692,1987
698,1987
1870,1987
1873,1987
1390,1988
846,1988
847,1988
848,1988
1907,1988
1908,1988
1789,1989
1790,1989
1791,1989
1792,1989
249,1990
250,1990
1861,1991
1864,1991
1829,1991
1830,1991
1831,1991
1575,1991
1578,1991
12,1991
1859,1991
1922,1991
695,1992
701,1992
1835,1992
1836,1992
307,1993
308,1993
309,1993
310,1993
311,1993
312,1993
313,1993
314,1993
316,1993
317,1993
318,1993
319,1993
1108,1994
1109,1994
598,1994
1110,1994
1111,1994
1112,1994
599,1994
601,1994
603,1994
307,1994
1147,1994
308,1994
1148,1994
309,1994
312,1994
313,1994
315,1994
317,1994
318,1994
1004,1994
1005,1994
1006,1994
1477,1994
1479,1994
274,1994
1344,1994
277,1994
1013,1994
1032,1994
1033,1994
1220,1994
1221,1994
1223,1994
1224,1994
1226,1994
1227,1994
1035,1994
1229,1994
1230,1994
1232,1994
1233,1994
1235,1994
1236,1994
1861,1995
1864,1995
1853,1995
1859,1995
1832,1995
1922,1995
1686,1996
1687,1996
1688,1996
1689,1996
1690,1996
1691,1996
1695,1996
1696,1996
1772,1996
1774,1996
1003,1997
1005,1997
413,1997
415,1997
416,1997
1007,1997
1008,1997
709,1997
710,1997
711,1997
1009,1997
1011,1997
1012,1997
396,1998
397,1998
398,1998
399,1998
400,1998
402,1998
910,1998
912,1998
403,1998
914,1998
404,1998
405,1998
409,1998
410,1998
412,1998
1003,1999
1004,1999
1005,1999
1006,1999
413,1999
414,1999
415,1999
416,1999
1007,1999
1008,1999
1007,2000
1008,2000
275,2000
276,2000
1865,2001
1559,2001
1921,2001
1994,2001
12,2001
13,2001
379,2002
380,2002
377,2002
381,2002
382,2002
378,2002
385,2002
386,2002
387,2002
388,2002
794,2002
293,2002
795,2002
294,2002
957,2003
1314,2003
1323,2003
1324,2003
1956,2003
1325,2003
706,2004
709,2004
135,2004
707,2004
710,2004
142,2004
708,2004
711,2004
144,2004
148,2004
150,2004
151,2004
1799,2005
1800,2005
1659,2005
1799,2006
1800,2006
1659,2006
1799,2007
1800,2007
1659,2007
1799,2008
1800,2008
691,2009
697,2009
1869,2009
1872,2009
1678,2010
1909,2010
819,2010
1679,2010
1734,2010
1909,2011
819,2011
1733,2011
1679,2011
1680,2012
1681,2012
1682,2012
1909,2012
1679,2012
1734,2012
1680,2013
1681,2013
1682,2013
1909,2013
1733,2013
885,2014
886,2014
545,2014
887,2014
566,2014
888,2014
891,2014
892,2014
549,2014
893,2014
568,2014
894,2014
895,2014
896,2014
553,2014
897,2014
569,2014
899,2014
900,2014
555,2014
901,2014
570,2014
903,2014
1909,2015
819,2015
1733,2015
1734,2015
1681,2016
1678,2016
1909,2016
1679,2016
1734,2016
1683,2017
1678,2017
1909,2017
819,2017
1679,2017
1734,2017
1681,2018
1909,2018
819,2018
1733,2018
1734,2018
295,2019
296,2019
516,2019
298,2019
518,2019
1909,2019
819,2019
1733,2019
1734,2019
1667,2020
1669,2020
1340,2020
1672,2020
1794,2020
815,2020
816,2020
817,2020
1673,2020
1795,2020
818,2020
1946,2020
1680,2020
1681,2020
1682,2020
1678,2020
1909,2020
1679,2020
1734,2020
1789,2021
1790,2021
1791,2021
835,2022
1934,2022
841,2022
842,2022
1875,2022
838,2023
839,2023
840,2023
1963,2023
1792,2023
1968,2023
835,2024
1934,2024
841,2024
842,2024
1969,2024
1954,2024
835,2025
838,2025
836,2026
1966,2026
837,2026
1967,2026
1962,2026
1968,2026
835,2027
838,2027
839,2027
840,2027
1963,2027
1792,2027
823,2028
824,2028
825,2028
827,2028
828,2028
409,2029
1402,2030
1403,2030
1598,2030
1415,2030
1448,2030
1461,2030
205,2030
211,2030
1016,2031
1017,2031
606,2031
999,2031
1001,2031
1002,2031
1003,2031
1005,2031
1006,2031
413,2031
415,2031
416,2031
1009,2031
1011,2031
1012,2031
1051,2031
1052,2031
1053,2031
999,2032
1000,2032
1001,2032
1002,2032
1003,2032
1004,2032
1005,2032
1006,2032
413,2032
414,2032
415,2032
416,2032
1009,2032
1011,2032
1012,2032
1051,2032
1052,2032
1053,2032
310,2033
313,2033
316,2033
317,2033
318,2033
319,2033
343,2034
346,2034
347,2034
349,2034
380,2034
377,2034
350,2034
382,2034
378,2034
353,2034
354,2034
360,2034
386,2034
362,2034
388,2034
363,2034
372,2034
288,2034
289,2034
375,2034
291,2034
794,2034
293,2034
795,2034
294,2034
592,2035
593,2035
594,2035
595,2035
592,2036
593,2036
594,2036
595,2036
592,2037
593,2037
594,2037
595,2037
1506,2038
1507,2038
1508,2038
82,2039
83,2039
84,2039
493,2040
494,2040
495,2040
820,2041
821,2041
822,2041
1698,2041
824,2041
825,2041
1149,2041
1290,2041
1291,2041
1292,2041
1293,2041
1294,2041
1295,2041
1296,2041
1151,2041
1297,2041
692,2041
693,2041
1,2041
695,2041
698,2041
699,2041
2,2041
701,2041
1870,2041
1787,2041
3,2041
1835,2041
1873,2041
1788,2041
4,2041
1836,2041
1169,2041
1382,2041
561,2041
1288,2041
1173,2041
564,2041
1289,2041
1943,2041
822,2042
823,2042
412,2042
826,2042
828,2042
829,2042
635,2043
636,2043
641,2043
642,2043
643,2043
1477,2044
1478,2044
1479,2044
1007,2044
274,2044
1344,2044
276,2044
277,2044
1013,2044
1621,2045
491,2045
1040,2045
1041,2045
492,2045
493,2045
1042,2045
495,2045
592,2045
1043,2045
1044,2045
594,2045
1622,2045
1045,2045
1046,2045
1054,2045
998,2045
1047,2045
1048,2045
1057,2045
1049,2045
500,2046
765,2046
502,2046
767,2046
499,2046
778,2046
505,2046
506,2046
781,2046
507,2046
783,2046
785,2046
510,2046
511,2046
1110,2047
1149,2048
1290,2048
1150,2048
1291,2048
1292,2048
1293,2048
1294,2048
1295,2048
1296,2048
1151,2048
1297,2048
670,2048
671,2048
672,2048
673,2048
674,2048
675,2048
676,2048
677,2048
678,2048
679,2048
680,2048
681,2048
682,2048
683,2048
684,2048
685,2048
686,2048
687,2048
688,2048
689,2048
690,2048
691,2048
692,2048
693,2048
1,2048
694,2048
695,2048
696,2048
697,2048
698,2048
699,2048
2,2048
700,2048
701,2048
811,2048
1869,2048
1870,2048
1787,2048
3,2048
1871,2048
1835,2048
812,2048
1872,2048
1873,2048
1788,2048
4,2048
1874,2048
1836,2048
1155,2048
1985,2048
1780,2048
1781,2048
1156,2048
1157,2048
1158,2048
1159,2048
1783,2048
1784,2048
1785,2048
1735,2048
1160,2048
1161,2048
1786,2048
999,2049
1000,2049
1001,2049
1002,2049
1003,2049
1004,2049
1005,2049
1006,2049
413,2049
414,2049
415,2049
416,2049
1476,2049
1477,2049
1478,2049
1479,2049
1007,2049
1008,2049
274,2049
1344,2049
275,2049
276,2049
277,2049
1013,2049
1298,2050
1299,2050
1303,2050
1304,2050
1781,2050
1783,2050
1784,2050
275,2050
276,2050
277,2050
590,2051
591,2051
1312,2052
1313,2052
1319,2052
1322,2052
1919,2053
1553,2053
1556,2053
1557,2053
1558,2053
1865,2053
1920,2053
1793,2053
1714,2053
1715,2053
1716,2053
1660,2053
1718,2053
1719,2053
1720,2053
1721,2053
1722,2053
1723,2053
1661,2053
1724,2053
1662,2053
1725,2053
1726,2053
1663,2053
1664,2053
1727,2053
1665,2053
1728,2053
1729,2053
1666,2053
1730,2053
500,2053
704,2053
765,2053
502,2053
705,2053
767,2053
768,2053
984,2053
769,2053
770,2053
771,2053
496,2053
772,2053
497,2053
773,2053
498,2053
774,2053
499,2053
775,2053
504,2053
778,2053
506,2053
781,2053
782,2053
783,2053
784,2053
785,2053
510,2053
511,2053
786,2053
787,2053
788,2053
1577,2053
1580,2053
1879,2053
1880,2053
1881,2053
1061,2053
1999,2053
1994,2053
2000,2053
1912,2053
1986,2053
1987,2053
1988,2053
1995,2053
1996,2053
1997,2053
1859,2053
1913,2053
1007,2053
1008,2053
274,2053
275,2053
276,2053
277,2053
1737,2053
333,2053
1738,2053
1739,2053
1740,2053
1741,2053
1742,2053
1743,2053
1744,2053
1745,2053
1746,2053
1747,2053
1748,2053
1749,2053
1750,2053
1751,2053
1032,2053
1033,2053
1034,2053
1220,2053
1221,2053
1222,2053
1223,2053
1224,2053
1225,2053
1226,2053
1227,2053
1228,2053
1035,2053
1229,2053
1230,2053
1231,2053
1232,2053
1233,2053
1234,2053
1235,2053
1236,2053
1237,2053
1752,2054
1753,2054
918,2055
919,2055
920,2055
1752,2055
1753,2055
918,2056
919,2056
920,2056
918,2057
919,2057
920,2057
633,2058
634,2058
635,2058
636,2058
637,2058
638,2058
1275,2058
1276,2058
1277,2058
453,2058
454,2058
639,2058
455,2058
456,2058
1070,2058
640,2058
641,2058
642,2058
643,2058
1833,2058
1890,2058
1271,2058
32,2058
1071,2058
33,2058
1072,2058
34,2058
1834,2058
1891,2058
572,2058
1073,2058
668,2058
573,2058
574,2058
575,2058
576,2058
669,2058
832,2058
833,2058
1789,2058
1790,2058
1791,2058
834,2058
1952,2058
1953,2058
836,2058
1966,2058
837,2058
1967,2058
1962,2058
1931,2058
1932,2058
1933,2058
838,2058
839,2058
840,2058
1963,2058
1792,2058
1934,2058
1968,2058
841,2058
842,2058
1875,2058
1969,2058
1954,2058
904,2058
905,2058
906,2058
907,2058
299,2058
1568,2058
1569,2058
1570,2058
300,2058
968,2058
301,2058
969,2058
970,2058
302,2058
303,2058
971,2058
972,2058
973,2058
304,2058
974,2058
305,2058
306,2058
975,2058
976,2058
977,2058
1571,2058
1970,2058
1572,2058
1624,2058
1149,2058
1290,2058
1150,2058
1291,2058
1292,2058
1293,2058
1294,2058
1295,2058
1151,2058
1297,2058
1300,2058
1152,2058
1301,2058
1305,2058
1153,2058
1306,2058
1154,2058
1302,2058
1298,2058
1299,2058
1303,2058
1304,2058
670,2058
671,2058
672,2058
673,2058
674,2058
675,2058
676,2058
677,2058
678,2058
679,2058
680,2058
681,2058
682,2058
683,2058
684,2058
685,2058
686,2058
687,2058
688,2058
689,2058
690,2058
691,2058
692,2058
693,2058
1,2058
694,2058
695,2058
696,2058
697,2058
698,2058
699,2058
2,2058
700,2058
701,2058
811,2058
1869,2058
1870,2058
1787,2058
3,2058
1871,2058
1835,2058
1155,2058
1985,2058
1780,2058
1781,2058
1156,2058
1157,2058
1158,2058
1159,2058
1783,2058
1784,2058
1785,2058
1735,2058
1160,2058
1161,2058
1786,2058
918,2059
1973,2059
919,2059
920,2059
1974,2059
1752,2059
1753,2059
1149,2060
1151,2060
691,2060
692,2060
693,2060
1,2060
694,2060
695,2060
697,2060
698,2060
699,2060
2,2060
700,2060
701,2060
1869,2060
1870,2060
1787,2060
3,2060
1871,2060
1835,2060
1872,2060
1873,2060
1788,2060
4,2060
1874,2060
1836,2060
1288,2061
1289,2061
1149,2062
1291,2062
1292,2062
1293,2062
1294,2062
1295,2062
1296,2062
1151,2062
1297,2062
690,2062
691,2062
692,2062
693,2062
1,2062
694,2062
695,2062
696,2062
697,2062
698,2062
699,2062
2,2062
700,2062
701,2062
811,2062
1869,2062
1870,2062
1787,2062
3,2062
1871,2062
1835,2062
812,2062
1872,2062
1873,2062
1788,2062
4,2062
1874,2062
1836,2062
1149,2063
1291,2063
1292,2063
1293,2063
1294,2063
1295,2063
1296,2063
1151,2063
1297,2063
1300,2063
1301,2063
1302,2063
1298,2063
1299,2063
1303,2063
1304,2063
690,2063
691,2063
692,2063
693,2063
1,2063
694,2063
695,2063
696,2063
697,2063
698,2063
699,2063
2,2063
700,2063
701,2063
811,2063
1869,2063
1870,2063
1787,2063
3,2063
1871,2063
1835,2063
812,2063
1872,2063
1873,2063
1788,2063
4,2063
1874,2063
1836,2063
1783,2063
1784,2063
1735,2063
1917,2064
1621,2064
490,2064
491,2064
1040,2064
1041,2064
492,2064
493,2064
1042,2064
494,2064
495,2064
592,2064
593,2064
1043,2064
1044,2064
594,2064
595,2064
1622,2064
1918,2064
1045,2064
1046,2064
1930,2064
1054,2064
1055,2064
1056,2064
1047,2064
1048,2064
1057,2064
1049,2064
1058,2064
1149,2065
1290,2065
1150,2065
1291,2065
1292,2065
1293,2065
1294,2065
1295,2065
1296,2065
1151,2065
1297,2065
1300,2065
1152,2065
1301,2065
1305,2065
1153,2065
1306,2065
1154,2065
1302,2065
1298,2065
1299,2065
1303,2065
1304,2065
670,2065
671,2065
672,2065
673,2065
674,2065
675,2065
676,2065
677,2065
678,2065
679,2065
680,2065
681,2065
682,2065
683,2065
684,2065
685,2065
686,2065
687,2065
688,2065
689,2065
690,2065
691,2065
692,2065
693,2065
1,2065
694,2065
695,2065
696,2065
697,2065
698,2065
699,2065
2,2065
700,2065
701,2065
811,2065
1869,2065
1870,2065
1787,2065
3,2065
1871,2065
1835,2065
1872,2065
1873,2065
1788,2065
4,2065
1874,2065
1836,2065
1155,2065
1985,2065
1780,2065
1156,2065
1157,2065
1158,2065
1159,2065
1783,2065
1784,2065
1785,2065
1735,2065
1160,2065
1161,2065
1786,2065
343,2066
543,2066
883,2066
884,2066
544,2066
885,2066
886,2066
545,2066
887,2066
344,2066
345,2066
346,2066
347,2066
565,2066
546,2066
566,2066
348,2066
349,2066
379,2066
380,2066
377,2066
888,2066
350,2066
381,2066
382,2066
378,2066
383,2066
384,2066
351,2066
352,2066
353,2066
354,2066
547,2066
548,2066
889,2066
355,2066
356,2066
357,2066
890,2066
891,2066
892,2066
549,2066
893,2066
550,2066
358,2066
359,2066
360,2066
567,2066
568,2066
361,2066
385,2066
386,2066
362,2066
894,2066
387,2066
388,2066
389,2066
363,2066
551,2066
364,2066
365,2066
552,2066
895,2066
896,2066
553,2066
897,2066
554,2066
366,2066
367,2066
569,2066
368,2066
369,2066
370,2066
371,2066
285,2066
286,2066
287,2066
898,2066
372,2066
288,2066
289,2066
899,2066
900,2066
555,2066
901,2066
902,2066
556,2066
373,2066
374,2066
290,2066
375,2066
291,2066
570,2066
571,2066
292,2066
376,2066
794,2066
293,2066
903,2066
795,2066
294,2066
390,2066
633,2066
634,2066
635,2066
636,2066
637,2066
295,2066
296,2066
297,2066
516,2066
517,2066
298,2066
518,2066
28,2066
29,2066
30,2066
31,2066
638,2066
1275,2066
1276,2066
1277,2066
453,2066
454,2066
639,2066
455,2066
456,2066
1070,2066
640,2066
641,2066
642,2066
643,2066
623,2066
624,2066
1884,2066
625,2066
626,2066
627,2066
628,2066
629,2066
630,2066
631,2066
738,2066
739,2066
740,2066
1062,2066
1885,2066
1699,2066
1700,2066
1701,2066
1333,2066
1702,2066
1063,2066
1703,2066
1886,2066
1064,2066
1334,2066
1704,2066
1705,2066
1706,2066
1887,2066
1335,2066
1065,2066
632,2066
1066,2066
519,2066
520,2066
521,2066
522,2066
741,2066
523,2066
524,2066
525,2066
742,2066
557,2066
526,2066
558,2066
559,2066
1888,2066
560,2066
1707,2066
1708,2066
1597,2066
1709,2066
1067,2066
1623,2066
702,2066
48,2066
850,2066
851,2066
852,2066
853,2066
854,2066
855,2066
649,2066
650,2066
651,2066
1497,2066
1498,2066
49,2066
50,2066
51,2066
52,2066
53,2066
54,2066
856,2066
857,2066
986,2066
55,2066
56,2066
57,2066
652,2066
653,2066
58,2066
858,2066
859,2066
860,2066
861,2066
862,2066
863,2066
59,2066
60,2066
61,2066
62,2066
63,2066
864,2066
64,2066
658,2066
659,2066
660,2066
661,2066
662,2066
663,2066
865,2066
866,2066
867,2066
868,2066
869,2066
870,2066
871,2066
872,2066
1516,2066
1517,2066
1518,2066
1519,2066
1520,2066
1521,2066
1648,2066
1649,2066
873,2066
874,2066
875,2066
876,2066
877,2066
664,2066
665,2066
666,2066
667,2066
1522,2066
878,2066
879,2066
880,2066
881,2066
882,2066
1523,2066
1524,2066
1525,2066
1650,2066
1529,2066
1833,2066
1890,2066
1271,2066
32,2066
1071,2066
1072,2066
34,2066
1834,2066
1891,2066
572,2066
1073,2066
35,2066
36,2066
37,2066
38,2066
39,2066
668,2066
573,2066
574,2066
575,2066
576,2066
669,2066
623,2067
1884,2067
625,2067
627,2067
628,2067
630,2067
631,2067
738,2067
739,2067
740,2067
1885,2067
1701,2067
1702,2067
1703,2067
1886,2067
1064,2067
1704,2067
1705,2067
1706,2067
1887,2067
1335,2067
519,2067
520,2067
521,2067
522,2067
741,2067
523,2067
524,2067
525,2067
742,2067
558,2067
559,2067
1888,2067
560,2067
1707,2067
1708,2067
1597,2067
1709,2067
1067,2067
918,2068
1973,2068
919,2068
920,2068
1974,2068
918,2069
1973,2069
919,2069
920,2069
918,2070
1973,2070
919,2070
920,2070
918,2071
1973,2071
919,2071
920,2071
918,2072
1973,2072
919,2072
920,2072
918,2073
1973,2073
919,2073
920,2073
256,2074
258,2074
259,2074
261,2074
1789,2074
834,2074
1952,2074
1953,2074
1962,2074
1389,2074
1875,2074
1954,2074
1036,2074
1037,2074
1038,2074
1039,2074
1104,2074
262,2074
263,2074
264,2074
265,2074
266,2074
267,2074
268,2074
269,2074
1105,2074
1106,2074
1712,2074
1763,2074
270,2074
271,2074
321,2074
272,2074
273,2074
1713,2074
1867,2074
921,2074
922,2074
596,2074
597,2074
1108,2074
1868,2074
1109,2074
598,2074
1110,2074
1111,2074
599,2074
600,2074
601,2074
1925,2074
602,2074
603,2074
604,2074
605,2074
904,2074
905,2074
906,2074
907,2074
299,2074
1568,2074
1569,2074
1570,2074
300,2074
968,2074
301,2074
969,2074
970,2074
302,2074
303,2074
971,2074
972,2074
973,2074
304,2074
974,2074
305,2074
306,2074
975,2074
976,2074
977,2074
1571,2074
1970,2074
1572,2074
1624,2074
134,2074
135,2074
136,2074
137,2074
138,2074
139,2074
140,2074
141,2074
142,2074
143,2074
144,2074
145,2074
146,2074
147,2074
148,2074
149,2074
150,2074
151,2074
152,2074
154,2074
155,2074
156,2074
157,2074
158,2074
159,2074
918,2074
1973,2074
919,2074
920,2074
1974,2074
1752,2074
1753,2074
834,2075
1952,2075
1953,2075
822,2075
823,2075
826,2075
828,2075
829,2075
1568,2075
1569,2075
1570,2075
1571,2075
1970,2075
1572,2075
1624,2075
918,2075
1973,2075
919,2075
920,2075
1974,2075
1752,2075
1753,2075
307,2076
308,2076
309,2076
310,2076
311,2076
314,2076
316,2076
319,2076
744,2077
1904,2077
746,2077
747,2077
748,2077
749,2077
750,2077
751,2077
752,2077
753,2077
754,2077
755,2077
756,2077
757,2077
832,2077
833,2077
1789,2077
1790,2077
1791,2077
1952,2077
1953,2077
835,2077
836,2077
1966,2077
837,2077
1967,2077
1962,2077
1389,2077
1931,2077
1932,2077
1933,2077
838,2077
839,2077
840,2077
1963,2077
1792,2077
1968,2077
842,2077
1875,2077
1969,2077
1954,2077
1973,2078
1345,2079
1346,2079
745,2079
1904,2079
1349,2079
758,2079
759,2079
760,2079
761,2079
762,2079
763,2079
1619,2079
834,2079
1952,2079
1953,2079
1571,2079
1572,2079
1624,2079
307,2079
1147,2079
308,2079
1148,2079
309,2079
310,2079
312,2079
313,2079
315,2079
317,2079
318,2079
918,2079
1973,2079
919,2079
920,2079
1974,2079
1752,2079
1753,2079
1300,2080
1301,2080
1153,2080
1154,2080
1302,2080
1298,2080
1299,2080
1303,2080
1304,2080
1793,2081
500,2081
704,2081
502,2081
705,2081
504,2081
776,2081
778,2081
506,2081
779,2081
781,2081
782,2081
783,2081
784,2081
785,2081
510,2081
511,2081
786,2081
787,2081
788,2081
343,2082
883,2082
884,2082
344,2082
346,2082
379,2082
380,2082
377,2082
381,2082
382,2082
378,2082
383,2082
384,2082
352,2082
353,2082
889,2082
355,2082
356,2082
357,2082
890,2082
358,2082
385,2082
386,2082
387,2082
388,2082
389,2082
363,2082
898,2082
372,2082
288,2082
902,2082
373,2082
794,2082
293,2082
795,2082
294,2082
390,2082
1655,2083
1656,2083
1660,2083
1661,2083
1662,2083
1663,2083
1664,2083
1665,2083
1666,2083
1730,2083
413,2084
415,2084
416,2084
413,2085
415,2085
416,2085
295,2086
296,2086
298,2086
747,2086
750,2086
751,2086
756,2086
757,2086
762,2086
763,2086
1701,2086
1702,2086
1063,2086
1064,2086
1705,2086
1335,2086
524,2086
557,2086
340,2087
341,2087
1685,2087
342,2087
340,2088
341,2088
1685,2088
342,2088
